{"val_losses": {"AdamW": [[0.4200488460077657, 0.38007731424820634, 0.37319373949089013, 0.33547565086818637, 0.36007824513460907]]}, "val_accuracies": {"AdamW": [[0.5820007809943404, 0.6206762890165017, 0.6276063173581768, 0.6655525740884992, 0.6413282987176517]]}, "val_f1_scores": {"AdamW": [[0.0, 0.0, 0.0, 0.0, 0.0]]}, "val_aucs": {"AdamW": [[0.0, 0.0, 0.0, 0.0, 0.0]]}}