{"val_losses": {"AdamW": [[1.0238547325134277, 1.000009298324585, 0.9725211262702942, 0.9650216102600098, 0.963324785232544, 0.9664202928543091, 0.9581272006034851, 0.949775755405426, 0.937886118888855, 0.925906777381897, 0.9124499559402466, 0.9031359553337097, 0.908791720867157, 0.8985433578491211, 0.8857298493385315, 0.8725324273109436, 0.8488085269927979, 0.79714435338974, 0.8028910160064697, 0.870527982711792, 0.8986978530883789, 0.9106754064559937, 0.9149472713470459, 0.8903955817222595, 0.8409606218338013, 0.8424084782600403, 0.8933880925178528, 0.885290265083313, 0.8132690191268921, 0.7377380132675171, 0.7257277369499207, 0.7565472722053528, 0.7428301572799683, 0.6378846764564514, 0.5098781585693359, 0.5103073120117188, 0.516126275062561, 0.48560768365859985, 0.4498436152935028, 0.44624337553977966, 0.46173855662345886, 0.39289265871047974, 0.326248437166214, 0.3904043138027191, 0.31982865929603577, 0.2929544746875763, 0.4722570478916168, 0.43766123056411743, 0.1852082461118698, 0.06973792612552643]]}, "val_accuracies": {"AdamW": [[0.019933657720685005, 0.03710222616791725, 0.05879344046115875, 0.06246142461895943, 0.06389123201370239, 0.06270170211791992, 0.06801474839448929, 0.07379128038883209, 0.08233970403671265, 0.09167521446943283, 0.10236190259456635, 0.11066794395446777, 0.10573389381170273, 0.11412370204925537, 0.12542963027954102, 0.13737981021404266, 0.15946415066719055, 0.20865972340106964, 0.2016604244709015, 0.1325531154870987, 0.10340310633182526, 0.09091271460056305, 0.08634234964847565, 0.1106051504611969, 0.15977150201797485, 0.15831798315048218, 0.10752804577350616, 0.11559602618217468, 0.18738839030265808, 0.26272866129875183, 0.27470433712005615, 0.2439686357975006, 0.25765475630760193, 0.36241957545280457, 0.49026647210121155, 0.4898175597190857, 0.4840373396873474, 0.5145328044891357, 0.5502423644065857, 0.5538657903671265, 0.5383845567703247, 0.6072160005569458, 0.6738578081130981, 0.6097091436386108, 0.6802529096603394, 0.7071129679679871, 0.527855634689331, 0.562421977519989, 0.8148062825202942, 0.9302653074264526]]}, "val_f1_scores": {"AdamW": [[0.0, 0.0, 0.0, 0.0, 0.0, 0.0, 0.0, 0.0, 0.0, 0.0, 0.0, 0.0, 0.0, 0.0, 0.0, 0.0, 0.0, 0.0, 0.0, 0.0, 0.0, 0.0, 0.0, 0.0, 0.0, 0.0, 0.0, 0.0, 0.0, 0.0, 0.0, 0.0, 0.0, 0.0, 0.0, 0.0, 0.0, 0.0, 0.0, 0.0, 0.0, 0.0, 0.0, 0.0, 0.0, 0.0, 0.0, 0.0, 0.0, 0.0]]}, "val_aucs": {"AdamW": [[0.0, 0.0, 0.0, 0.0, 0.0, 0.0, 0.0, 0.0, 0.0, 0.0, 0.0, 0.0, 0.0, 0.0, 0.0, 0.0, 0.0, 0.0, 0.0, 0.0, 0.0, 0.0, 0.0, 0.0, 0.0, 0.0, 0.0, 0.0, 0.0, 0.0, 0.0, 0.0, 0.0, 0.0, 0.0, 0.0, 0.0, 0.0, 0.0, 0.0, 0.0, 0.0, 0.0, 0.0, 0.0, 0.0, 0.0, 0.0, 0.0, 0.0]]}}