{"losses": {"milo_LW_eps_1e-05": [[0.041807570133802915, 0.0016636757931304384, 0.0005512553715920387, 4.764304714189531e-06, 1.0447928522737016e-06, 3.6998549172011506e-07, 3.0698003163441473e-07, 2.7488446665427566e-07, 2.5238739474815474e-07, 2.345011567224257e-07, 2.2100349350300993e-07, 2.0925797108818736e-07, 1.9965616400898039e-07, 1.909721013593213e-07, 1.835695302022581e-07], [0.03701869103280243, 0.0020371900906316597, 0.0003637174786501826, 5.202483808912699e-06, 1.1976601900302105e-06, 3.456924543776552e-07, 2.676048699922736e-07, 2.3588170432150928e-07, 2.15625182575252e-07, 2.0007713328193214e-07, 1.8768182424378685e-07, 1.7723561319217633e-07, 1.6886543448488092e-07, 1.6136739870435216e-07, 1.5488859838489095e-07], [0.06410483485772658, 0.003636316678205334, 0.0003380903931069586, 4.153586972585366e-05, 1.0685308641299685e-06, 3.1019257169049296e-07, 2.5802411830137357e-07, 2.293825828589983e-07, 2.0939035442791484e-07, 1.9388618079752007e-07, 1.814731152066429e-07, 1.717440708826956e-07, 1.629904225629512e-07, 1.554666499394841e-07, 1.491110024397576e-07]], "milo_LW_eps_0.005": [[0.06078108206590059, 0.0069330820046434646, 0.001777378563241649, 0.00024235494330186687, 9.945427955364987e-05, 2.433164423629961e-05, 2.006909869342811e-05, 1.8147999832153042e-05, 1.6741891834069615e-05, 1.5667847045221115e-05, 1.4836033950763294e-05, 1.4115728895438315e-05, 1.3497648600706451e-05, 1.2968532545759122e-05, 1.2497590565829716e-05], [0.09227333324351801, 0.010208608166767271, 0.002627694490203468, 0.0012166458134669634, 0.00013714569698156537, 8.586950459950901e-05, 4.758447189633064e-05, 4.0411067896320676e-05, 3.647243158353793e-05, 3.382291665553415e-05, 3.16502716162006e-05, 2.994506676650038e-05, 2.837824077184526e-05, 2.7127091515812177e-05, 2.597538764527106e-05], [0.06844332380540824, 0.008708383431967351, 0.0024201112650670364, 0.0007185807121855684, 9.899134493441201e-05, 6.52167340233935e-05, 5.440048782772161e-05, 4.890746905307329e-05, 4.475020052856659e-05, 4.1627396016610875e-05, 3.898655355807818e-05, 3.678850608709088e-05, 3.496545807847535e-05, 3.333722808109201e-05, 3.193248047195804e-05]], "milo_LW_eps_0.05": [[0.07390305634549513, 0.005654257522493633, 0.001878102940462001, 0.0005030222196856206, 0.00017198755390760047, 0.0001400484691282448, 0.00012394244237978757, 0.00011362700765130285, 0.00010582911039885705, 0.0001001794078572857, 9.554386961341757e-05, 9.254481801957203e-05, 8.860926790900218e-05, 8.640077621812453e-05, 8.472789122615722e-05], [0.07225247222791828, 0.005972854395086931, 0.0017284047065741711, 0.0007561522231602794, 0.00030761375683129396, 0.00020108803053335577, 0.00017468128220067834, 0.00015777822302394878, 0.00014734793906536652, 0.0001387261203643296, 0.00013196321753821395, 0.00012733931706716248, 0.000122618392207058, 0.00011835596167608553, 0.00011553119044911], [0.04607809930888082, 0.006028945021286078, 0.0013274536543753735, 0.00027267620750014127, 0.00017608291077728306, 0.00015558640618958938, 0.0001425646725191958, 0.00013420603626364028, 0.00012887717006973012, 0.00012418726989174805, 0.00011929603983186704, 0.00011815923415251746, 0.00011459845917985755, 0.00011241626317211437, 0.00011058166022521618]]}, "accuracies": {"milo_LW_eps_1e-05": [[99.375, 99.95166666666667, 99.98666666666666, 100.0, 100.0, 100.0, 100.0, 100.0, 100.0, 100.0, 100.0, 100.0, 100.0, 100.0, 100.0], [99.44333333333333, 99.945, 99.99166666666666, 100.0, 100.0, 100.0, 100.0, 100.0, 100.0, 100.0, 100.0, 100.0, 100.0, 100.0, 100.0], [99.32166666666667, 99.93166666666667, 99.99, 99.99833333333333, 100.0, 100.0, 100.0, 100.0, 100.0, 100.0, 100.0, 100.0, 100.0, 100.0, 100.0]], "milo_LW_eps_0.005": [[99.24833333333333, 99.88833333333334, 99.96666666666667, 99.99333333333334, 99.99833333333333, 100.0, 100.0, 100.0, 100.0, 100.0, 100.0, 100.0, 100.0, 100.0, 100.0], [99.04833333333333, 99.815, 99.93833333333333, 99.96666666666667, 99.99666666666667, 100.0, 100.0, 100.0, 100.0, 100.0, 100.0, 100.0, 100.0, 100.0, 100.0], [99.15333333333334, 99.81666666666666, 99.94666666666667, 99.98666666666666, 100.0, 100.0, 100.0, 100.0, 100.0, 100.0, 100.0, 100.0, 100.0, 100.0, 100.0]], "milo_LW_eps_0.05": [[98.96166666666667, 99.85, 99.94166666666666, 99.99666666666667, 100.0, 100.0, 100.0, 100.0, 100.0, 100.0, 100.0, 100.0, 100.0, 100.0, 100.0], [99.035, 99.82666666666667, 99.95166666666667, 99.98333333333333, 100.0, 100.0, 100.0, 100.0, 100.0, 100.0, 100.0, 100.0, 100.0, 100.0, 100.0], [99.14333333333333, 99.82666666666667, 99.97, 100.0, 100.0, 100.0, 100.0, 100.0, 100.0, 100.0, 100.0, 100.0, 100.0, 100.0, 100.0]]}, "f1_scores": {"milo_LW_eps_1e-05": [[0.9936872309588752, 0.999512897813337, 0.999866277145542, 1.0, 1.0, 1.0, 1.0, 1.0, 1.0, 1.0, 1.0, 1.0, 1.0, 1.0, 1.0], [0.9943850650069613, 0.9994441594917648, 0.9999133404017417, 1.0, 1.0, 1.0, 1.0, 1.0, 1.0, 1.0, 1.0, 1.0, 1.0, 1.0, 1.0], [0.9931601226057722, 0.9993056631486426, 0.9998985257888193, 0.9999823279459596, 1.0, 1.0, 1.0, 1.0, 1.0, 1.0, 1.0, 1.0, 1.0, 1.0, 1.0]], "milo_LW_eps_0.005": [[0.9924096069629147, 0.9988650039934696, 0.9996644131316513, 0.9999330004259154, 0.999982384385026, 1.0, 1.0, 1.0, 1.0, 1.0, 1.0, 1.0, 1.0, 1.0, 1.0], [0.9904044296404889, 0.9981332234341471, 0.999375301494322, 0.9996602499572163, 0.9999653773265209, 1.0, 1.0, 1.0, 1.0, 1.0, 1.0, 1.0, 1.0, 1.0, 1.0], [0.9914497822079724, 0.9981491269346805, 0.999466538398371, 0.9998666266124848, 1.0, 1.0, 1.0, 1.0, 1.0, 1.0, 1.0, 1.0, 1.0, 1.0, 1.0]], "milo_LW_eps_0.05": [[0.9895308921420959, 0.9984900061791698, 0.9994157763986131, 0.9999644357934241, 1.0, 1.0, 1.0, 1.0, 1.0, 1.0, 1.0, 1.0, 1.0, 1.0, 1.0], [0.9902350124591617, 0.9982570595502536, 0.9995101846233835, 0.999830384297575, 1.0, 1.0, 1.0, 1.0, 1.0, 1.0, 1.0, 1.0, 1.0, 1.0, 1.0], [0.9913660961576332, 0.9982519353663358, 0.9996960663741238, 1.0, 1.0, 1.0, 1.0, 1.0, 1.0, 1.0, 1.0, 1.0, 1.0, 1.0, 1.0]]}}