{"val_losses": {"MILO_LW_scale_aware_True": [[1.6829261215845743, 1.657156665611267, 1.6430952091852824, 1.6326699106216431, 1.6256101099650064, 1.6209393692652385, 1.6152280426661174, 1.6102934849421184, 1.6069692326863607, 1.6039517213185628], [1.5902079807281495, 1.5814328011194865, 1.5768893312454224, 1.5748740738550822, 1.5724172719319662, 1.569842762629191, 1.5683023770650228, 1.5652508136113485, 1.5634855944315593, 1.5616376026789347]], "MILO_LW_scale_aware_False": [[1.553448091697693, 1.5508511560440064, 1.5498894533157348, 1.5468868275960286, 1.5447254233678183, 1.5419751638412476, 1.5394235214233398, 1.5370601927439371, 1.535888711420695, 1.5344430369695028], [1.5315548697153727, 1.5278604906082154, 1.5241476245244343, 1.520691283226013, 1.5200899701436361, 1.5182093070348104, 1.5170860781987507, 1.5152172953287761, 1.5141492041905722, 1.5127919034322104]]}, "val_accuracies": {"MILO_LW_scale_aware_True": [[41.30166666666667, 41.39, 41.49166666666667, 41.556666666666665, 41.665, 41.70666666666666, 41.775, 41.795, 41.806666666666665, 41.82], [42.30166666666667, 42.34166666666667, 42.425, 42.475, 42.513333333333335, 42.525, 42.55, 42.54833333333333, 42.556666666666665, 42.565]], "MILO_LW_scale_aware_False": [[42.74666666666667, 42.85333333333333, 42.961666666666666, 43.028333333333336, 43.10333333333333, 43.115, 43.138333333333335, 43.166666666666664, 43.248333333333335, 43.25666666666667], [43.47, 43.598333333333336, 43.60166666666667, 43.585, 43.64333333333333, 43.67, 43.705, 43.71, 43.721666666666664, 43.74166666666667]]}, "val_f1_scores": {"MILO_LW_scale_aware_True": [[0.39561566627106765, 0.3966078590580738, 0.39759133781273526, 0.3982661023852452, 0.39926635265530497, 0.39966725138508585, 0.4003091398401765, 0.400484301604817, 0.4005884927396949, 0.40072712779100994], [0.4051804340047738, 0.4056034287373807, 0.40647296149086165, 0.40690547285590534, 0.4072179925822786, 0.4073554878421216, 0.4075749503155054, 0.40758042389526017, 0.4076478018213351, 0.40771871466707654]], "MILO_LW_scale_aware_False": [[0.4092442412231792, 0.4101266596094149, 0.41109544515913576, 0.4116823111335659, 0.41229201416109473, 0.4123691902894784, 0.41254756260505143, 0.4127893858531114, 0.4135312029367383, 0.4135665288122518], [0.41526178054328267, 0.41623611407711947, 0.41630142967078154, 0.416156886322341, 0.4166002556186972, 0.41683260756313006, 0.4170986676447928, 0.41710812054316565, 0.41720092967914474, 0.4173777352348478]]}, "val_aucs": {"MILO_LW_scale_aware_True": [[0.764121586867357, 0.7647762796384231, 0.7655102750756214, 0.7659561640512494, 0.7666899869751321, 0.7670436615314897, 0.7675107019950442, 0.7676802500831343, 0.7677800201551962, 0.7678669043729045], [0.7713044079786568, 0.7715994799448563, 0.7721783846729662, 0.7725665309774691, 0.7728210350183513, 0.7729346864508866, 0.7730730629984692, 0.7730591996371865, 0.7731234393698458, 0.7731695460183503]], "MILO_LW_scale_aware_False": [[0.7745559066636298, 0.7752494759241684, 0.7760405481017015, 0.776420853477435, 0.7769665333558116, 0.7770794527481877, 0.7772554593693817, 0.7774559835290471, 0.777990582889496, 0.7780845201584764], [0.7795813219853788, 0.7804767572580149, 0.7805081799745361, 0.7803839202992936, 0.780846145650765, 0.7809805135370305, 0.7812528220546779, 0.7812917678322309, 0.7813795006123941, 0.7814978674840997]]}}