{"losses": {"milo_LW_baseline_adaptive": [[0.09495376686006785, 0.03556231628718475, 0.022412859617422023, 0.01797735047607372, 0.014091166412085295, 0.01168868699989592, 0.00998351815432931, 0.008859228742549506, 0.0077391410471328225, 0.0071350502103101465, 0.0063759084665061284, 0.0056675706390000415, 0.005385183329360249, 0.005092208537622355, 0.004685197240735094], [0.11990087380942131, 0.019441885042858, 0.009890669734786691, 0.0062371786896052075, 0.0047520716647651475, 0.0038904227055526763, 0.003354577040105748, 0.003000638457859168, 0.0026950164938301896, 0.0025823044807550713, 0.00232300709213135, 0.0020574723101111888, 0.002017440079260268, 0.0018206507830452513, 0.0017848635511579535], [0.06826541349506587, 0.01071229673570609, 0.003203729467804563, 0.0020264894652232517, 0.0015935746802482754, 0.0014568023504532902, 0.0013278614762398016, 0.0011700834819647146, 0.001097642773777837, 0.0010350866994697147, 0.0009717615076832156, 0.000929162606010459, 0.0009036725966305842, 0.0007971334598488132, 0.0007763015136037818]], "milo_LW_adaptive_False": [[3.023920095611267, 2.8376975724538167, 2.758824548339844, 2.8245960498809812, 2.708874650319417, 2.7324739974975585, 2.822605786259969, 2.6408457558949787, 2.752738034439087, 2.759113854090373, 2.7039773798624673, 2.6773500774383545, 2.624123667653402, 2.6742755825042726, 2.6506222320556643], [2.7277805617014566, 2.656577025604248, 2.6487992762247723, 2.6024452098846433, 2.710204702250163, 2.7608812231699624, 2.655421539179484, 2.78433663037618, 2.6700982312520347, 2.784338024520874, 2.6119672494252524, 2.5585450673421226, 2.634954928970337, 2.495481433232625, 2.609205230585734], [2.6823513268788655, 2.7831869055430096, 2.553553468068441, 2.5289636030832927, 2.598333828862508, 2.549843176396688, 2.531749263127645, 2.357259291712443, 2.4536579246520995, 2.60064416440328, 2.4195525747934976, 2.444027152633667, 2.3558902192433675, 2.4010452320098876, 2.4826764862060546]]}, "accuracies": {"milo_LW_baseline_adaptive": [[97.635, 98.92, 99.295, 99.45833333333333, 99.57666666666667, 99.64333333333333, 99.73333333333333, 99.75, 99.79166666666667, 99.81333333333333, 99.84833333333333, 99.85666666666667, 99.87333333333333, 99.87833333333333, 99.88833333333334], [98.24333333333334, 99.46333333333334, 99.72166666666666, 99.85166666666667, 99.89333333333333, 99.91833333333334, 99.94, 99.935, 99.95, 99.95166666666667, 99.955, 99.96166666666667, 99.95666666666666, 99.96666666666667, 99.965], [98.99, 99.77, 99.92333333333333, 99.95666666666666, 99.97166666666666, 99.97666666666667, 99.97833333333334, 99.98166666666667, 99.98333333333333, 99.98833333333333, 99.99, 99.99166666666666, 99.99166666666666, 99.99166666666666, 99.99166666666666]], "milo_LW_adaptive_False": [[35.455, 15.308333333333334, 13.205, 12.241666666666667, 11.113333333333333, 12.695, 14.625, 14.28, 13.076666666666666, 14.781666666666666, 12.963333333333333, 11.715, 13.66, 12.44, 13.516666666666667], [12.323333333333334, 12.226666666666667, 12.556666666666667, 14.133333333333333, 12.78, 14.893333333333333, 17.291666666666668, 13.846666666666666, 14.525, 19.216666666666665, 19.151666666666667, 17.635, 19.57, 20.668333333333333, 20.16], [23.55666666666667, 21.953333333333333, 22.906666666666666, 23.205, 23.138333333333332, 20.953333333333333, 24.06833333333333, 23.921666666666667, 23.776666666666667, 25.266666666666666, 20.895, 21.113333333333333, 23.091666666666665, 25.258333333333333, 24.595]]}, "f1_scores": {"milo_LW_baseline_adaptive": [[0.9761478547295631, 0.9891162480072527, 0.9929134903340924, 0.9945535838017825, 0.9957516836656171, 0.9964238177036717, 0.9973262379595476, 0.997498668573843, 0.9979173026794376, 0.9981290242005751, 0.998481018232528, 0.9985651188634016, 0.998734514472391, 0.9987843888919888, 0.9988805659005635], [0.9822609981487698, 0.9945954500363057, 0.9971937222005758, 0.9985096231091566, 0.9989306887337378, 0.9991806827557624, 0.9994024116878407, 0.9993534460742403, 0.9995023841075822, 0.9995212364191645, 0.9995538958842142, 0.9996195237543853, 0.9995705842166485, 0.9996675530407995, 0.9996510273075085], [0.9897969330987605, 0.9976659820765164, 0.9992288080802034, 0.9995681330271615, 0.9997182956803202, 0.9997678270471934, 0.9997834967379964, 0.9998178578030499, 0.9998346605588111, 0.9998834301289902, 0.9998999927990362, 0.9999166936869918, 0.9999166936869918, 0.9999166936869918, 0.9999166936869918]], "milo_LW_adaptive_False": [[0.353965504695507, 0.15242602839579916, 0.13301480204954086, 0.12043746414740797, 0.10982144937835236, 0.12771498713630086, 0.14631068229247396, 0.1432918995655627, 0.1301456635476978, 0.1483397087916946, 0.13069601568477945, 0.11523837915063806, 0.138672233417318, 0.1242007237758344, 0.1345005293760032], [0.12432801845611523, 0.12139828669149662, 0.12570192273598108, 0.14234179945384778, 0.12918704732805414, 0.15046083580478603, 0.17761363662624724, 0.1372550848543847, 0.14567224133246176, 0.1971433387970993, 0.20160814267798996, 0.18770644046304613, 0.2089997080974671, 0.22450687216831627, 0.20522869152481818], [0.2514107258546524, 0.22866136849385113, 0.24765252148470435, 0.24473893601790656, 0.24780377408596982, 0.2205767757236546, 0.25511965469880254, 0.25637827170851757, 0.2576656747164833, 0.26713276250678764, 0.2229965179891565, 0.22923371983727758, 0.24371342748380562, 0.27163189032001617, 0.26361087061299016]]}}