{"val_losses": {"MILO_weight_decay_0.0001": [[0.0010368468782588301, 0.0003992800163971346, 0.0003027358365252069, 0.00026525112101605984, 0.00025387047699569355, 0.0002404306126242872, 0.00023548672878743405, 0.00022719135935000796, 0.00022539273540393717, 0.00022199836432176609], [0.0011948458333873575, 0.0002914911726835, 0.0002346897235030808, 0.0002014096121387451, 0.00019722268708380816, 0.00018100074913416056, 0.00018768761177313066, 0.00017208470931641482, 0.00016563821625611047, 0.00017000633742510232]], "MILO_weight_decay_0.001": [[0.0018398651199167415, 0.0004119380038861454, 0.0003215877554925883, 0.00026048418106321353, 0.00024580951614020706, 0.0002337202364287022, 0.00022767300395868908, 0.00021333646025779109, 0.0002116226811697519, 0.00019533056043175102], [0.0010523779383776243, 0.0002321892615092474, 0.00016758642420594812, 0.00014730075363466366, 0.0001407135892300521, 0.0001380242416685192, 0.0001320900672588395, 0.00012823634564401053, 0.0001251322705867775, 0.00012215578597788953]], "MILO_weight_decay_0.0": [[0.0008485605033678385, 0.00015650114830920086, 0.00012919906762992627, 0.00012828033318688378, 0.00012036240787038785, 0.00011795232320374455, 0.00011613068492006976, 0.00011801131823610357, 0.00010874752565170145, 0.00011106580250329733], [0.002516591839547107, 0.00018897244122141512, 0.00010874305134189785, 8.706436020209327e-05, 7.943024483213937e-05, 7.448037663953298e-05, 7.194966412835093e-05, 6.919446609207256e-05, 6.72477016717752e-05, 6.628902964441098e-05]]}, "val_accuracies": {"MILO_weight_decay_0.0001": [[99.96666666666667, 99.985, 99.98833333333333, 99.98666666666666, 99.99, 99.98833333333333, 99.98833333333333, 99.98833333333333, 99.99, 99.98833333333333], [99.96333333333334, 99.98833333333333, 99.99, 99.99166666666666, 99.99166666666666, 99.99333333333334, 99.99166666666666, 99.99333333333334, 99.99166666666666, 99.99333333333334]], "MILO_weight_decay_0.001": [[99.95166666666667, 99.98833333333333, 99.98833333333333, 99.99, 99.99166666666666, 99.99, 99.99166666666666, 99.99333333333334, 99.99, 99.99166666666666], [99.96166666666667, 99.99166666666666, 99.99166666666666, 99.99333333333334, 99.99333333333334, 99.99333333333334, 99.99333333333334, 99.99333333333334, 99.995, 99.995]], "MILO_weight_decay_0.0": [[99.97333333333333, 99.99333333333334, 99.995, 99.99333333333334, 99.995, 99.99333333333334, 99.99333333333334, 99.99333333333334, 99.995, 99.99333333333334], [99.96333333333334, 99.99166666666666, 99.99333333333334, 99.99666666666667, 99.99666666666667, 99.99833333333333, 99.99833333333333, 99.99833333333333, 99.99833333333333, 99.99833333333333]]}, "val_f1_scores": {"MILO_weight_decay_0.0001": [[0.9996631711874138, 0.9998497640744015, 0.9998818387138624, 0.9998653003689826, 0.9998996048524301, 0.9998836462081538, 0.9998840334943081, 0.9998829655655278, 0.9998996048524301, 0.9998836462081538], [0.9996315761008592, 0.999882745152951, 0.9999004402461796, 0.9999162922179847, 0.999916971400707, 0.999932931504887, 0.999916971400707, 0.9999330995197206, 0.999916971400707, 0.9999322537824428]], "MILO_weight_decay_0.001": [[0.9995174989282937, 0.9998838731970643, 0.9998831924975857, 0.9999006595175001, 0.9999162308756222, 0.9999008351930991, 0.9999162308756222, 0.9999332237469403, 0.9999002722313459, 0.9999176523888182], [0.999616221448566, 0.9999172636427603, 0.9999172636427603, 0.9999339642720251, 0.9999343544781443, 0.9999339642720251, 0.9999343544781443, 0.9999339642720251, 0.9999499258364832, 0.9999499258364832]], "MILO_weight_decay_0.0": [[0.9997320073039304, 0.99993453015396, 0.9999499258364832, 0.9999343544781443, 0.9999499258364832, 0.9999339642720251, 0.9999343544781443, 0.9999339642720251, 0.9999499258364832, 0.9999339642720251], [0.9996293589158096, 0.9999173660445297, 0.9999339642720251, 0.9999669261975512, 0.9999669261975512, 0.9999830623482362, 0.9999830623482362, 0.9999830623482362, 0.9999830623482362, 0.9999830623482362]]}, "val_aucs": {"MILO_weight_decay_0.0001": [[0.9999999192676882, 0.999999992840263, 0.9999999950177093, 0.9999999965307971, 0.9999999968714682, 0.9999999971809895, 0.9999999981241965, 0.9999999978025599, 0.9999999974997781, 0.9999999978025599], [0.9999998458322559, 0.9999999959729248, 0.9999999971776716, 0.9999999978006141, 0.9999999978006141, 0.9999999984252673, 0.999999998116245, 0.9999999984252673, 0.9999999987408982, 0.9999999987408982]], "MILO_weight_decay_0.001": [[0.9999997241291879, 0.9999999926888826, 0.9999999960304807, 0.9999999969019309, 0.9999999975263494, 0.9999999972047128, 0.9999999978291312, 0.9999999978197037, 0.999999998131913, 0.9999999984475437], [0.9999999474993926, 0.9999999978648442, 0.9999999987374766, 0.9999999990531074, 0.9999999990531073, 0.9999999993687382, 0.9999999993687382, 0.9999999993687382, 0.9999999993687382, 0.9999999993687382]], "MILO_weight_decay_0.0": [[0.9999999614662862, 0.9999999987780284, 0.9999999993687382, 0.9999999987503256, 0.9999999993687382, 0.9999999993687382, 0.9999999993687382, 0.9999999996843691, 0.9999999996843691, 0.9999999996843691], [0.9999974344144495, 0.9999999981838968, 0.9999999990531074, 0.9999999996843691, 0.9999999996843691, 0.9999999996843691, 1.0, 0.9999999996843691, 0.9999999996843691, 1.0]]}}