{"losses": {"milo_momentum_0.9": [[1.9215859907913209, 1.3681499314498902, 1.1623624516677857, 1.0485942811203004, 0.9536498823928833, 0.8968389101028442, 0.8421695488739014, 0.808561703300476, 0.7616891891670227, 0.734208251953125, 0.7056404772949219, 0.6797842070388794, 0.6615016232681274, 0.6384760581588745, 0.6212989457321167], [1.5362789829826355, 0.8372683873367309, 0.7364328855323792, 0.6846077623367309, 0.6503242755126953, 0.62063595536232, 0.5990668819618226, 0.5789390120697021, 0.5622166868591308, 0.5450409144210815, 0.5260941149520874, 0.5064873198127746, 0.510496105632782, 0.49928421171188353, 0.4927487087345123], [1.3695670464515686, 0.7160929211997986, 0.6372820092201232, 0.6012810744094849, 0.5656499765586853, 0.5506257976341248, 0.5181065921401977, 0.511289279460907, 0.5013376240348816, 0.4841863291549683, 0.4794013993263245, 0.468779321269989, 0.4615423664665222, 0.4461361657428741, 0.44313198194503783]], "milo_momentum_0.0": [[0.5840308255195618, 0.44289335514068606, 0.42492645137786866, 0.4093830159378052, 0.40323535407066347, 0.3886570252037048, 0.39258142168045046, 0.3841088583469391, 0.3866619485092163, 0.3730106457328796, 0.3820119629573822, 0.3746847140407562, 0.37609088324546813, 0.3698599301147461, 0.3628777966403961], [0.6397915884399414, 0.4322080336380005, 0.4069532199048996, 0.39139387872695924, 0.39049976214408877, 0.3797194497871399, 0.3702108758354187, 0.37861323064804075, 0.37028842153549196, 0.3605223626899719, 0.3649398810482025, 0.36041901824474337, 0.3535259711456299, 0.35784117597579956, 0.3544271043777466], [0.7484124349880219, 0.4189414785575867, 0.39438561227798463, 0.37841124101638796, 0.37657729539871215, 0.36592762929916384, 0.36319720936775207, 0.35634065779685975, 0.3495066768836975, 0.3520975849199295, 0.3417264331150055, 0.3441471863651276, 0.3392798623466492, 0.3324169359493256, 0.3375371037387848]], "milo_momentum_0.45": [[1.0118047408676147, 0.4626596629524231, 0.4232511606216431, 0.3961428179359436, 0.38196776674270627, 0.37438044481277466, 0.3695840726661682, 0.36068590676307677, 0.34679085783958435, 0.3531421764945984, 0.34419935710906985, 0.33656267377853394, 0.34458933023929594, 0.33624580432891843, 0.3332280893421173], [0.7930673941326142, 0.44359128509521484, 0.40561117993354795, 0.3815235058879852, 0.3684557744693756, 0.36412515707969667, 0.36344522646903993, 0.34966851858139036, 0.34278247303009035, 0.33650390732765195, 0.32890686642169953, 0.33252418167114256, 0.33063419395446775, 0.3213154602813721, 0.31619203968048093], [0.9460733021640778, 0.4402766216278076, 0.40293011618614194, 0.3916285638141632, 0.37025783315658567, 0.3714348347854614, 0.34967427267074586, 0.337213406829834, 0.33548004210472104, 0.33309325908660886, 0.32867890986442566, 0.3250865718078613, 0.3245598671913147, 0.32552235347747804, 0.31602049530029297]]}, "accuracies": {"milo_momentum_0.9": [[33.858, 51.294, 59.778, 64.31, 68.01, 70.178, 72.05, 73.17, 74.762, 75.514, 76.978, 77.79, 78.41, 79.234, 79.77], [62.446, 73.322, 76.778, 78.464, 79.682, 80.558, 81.268, 81.75, 82.236, 83.02, 83.274, 83.954, 83.884, 84.358, 84.786], [69.24, 78.26, 80.84, 81.824, 82.894, 83.306, 83.766, 84.4, 84.524, 85.048, 85.492, 85.578, 85.954, 86.118, 86.376]], "milo_momentum_0.0": [[84.38, 86.49, 86.832, 87.368, 87.572, 87.648, 87.836, 87.942, 87.904, 88.272, 88.056, 88.424, 88.356, 88.472, 88.496], [84.598, 87.106, 87.648, 88.026, 87.996, 88.222, 88.304, 88.376, 88.608, 88.626, 88.73, 88.758, 88.968, 88.982, 88.954], [84.832, 87.6, 88.188, 88.586, 88.684, 88.664, 88.874, 89.038, 89.194, 89.142, 89.276, 89.18, 89.474, 89.658, 89.59]], "milo_momentum_0.45": [[82.652, 86.662, 87.406, 88.082, 88.312, 88.666, 88.804, 88.766, 89.184, 89.212, 89.474, 89.688, 89.548, 89.754, 89.496], [83.036, 87.168, 87.924, 88.508, 88.716, 89.128, 89.082, 89.296, 89.592, 89.546, 89.79, 89.86, 89.972, 90.18, 90.184], [83.306, 87.432, 88.166, 88.552, 88.834, 88.98, 89.404, 89.638, 89.736, 89.972, 89.954, 90.114, 90.07, 90.26, 90.348]]}, "f1_scores": {"milo_momentum_0.9": [[0.33410644610958484, 0.5087940814523698, 0.5953744166255589, 0.6417716834879631, 0.6793687017651872, 0.7013525532787803, 0.7200711321041331, 0.731197892467908, 0.7473969335080752, 0.7547824372414678, 0.7694860241326225, 0.7774650981223916, 0.7840525331405503, 0.792129083268623, 0.7975311191438371], [0.6247796423535886, 0.7335723426518125, 0.7677938899498471, 0.7847937117742019, 0.7967743195552954, 0.8055221986565249, 0.812775571532876, 0.817529106238335, 0.8223452300398865, 0.8302158390222273, 0.8328017219442445, 0.8396275324132135, 0.838810415719695, 0.8436623964227612, 0.8478402910772214], [0.6924890795903031, 0.7825756472995462, 0.8083677144464161, 0.818278205293808, 0.8287941462035311, 0.8329579507375454, 0.8376737157413066, 0.8439733224961025, 0.8451418788801555, 0.8504501225343282, 0.8548599233431411, 0.8557120318609674, 0.8594367303457281, 0.8611753210651972, 0.8637094654721459]], "milo_momentum_0.0": [[0.8436873008594707, 0.8648214297900474, 0.8682417458926427, 0.873655028100686, 0.8757318710922786, 0.8764784211348091, 0.8783491793120775, 0.8793855096420111, 0.8789516458473627, 0.8826728249810291, 0.8805592036228527, 0.8842095893889663, 0.8835379889527888, 0.8847005569998883, 0.8849778306615972], [0.8459601332085087, 0.8710456373372313, 0.8764426083336765, 0.8802653500736672, 0.8799507506288015, 0.8821872991387177, 0.8830311459029329, 0.8837598278302083, 0.8860587428264391, 0.8862431481573235, 0.8872497709338469, 0.8875354198934143, 0.8896184378296397, 0.8897691481401953, 0.8894392775045837], [0.848193536116753, 0.8759503319753644, 0.881816418753645, 0.885863896902636, 0.8868088740646721, 0.8866118445314062, 0.888663142480822, 0.8903520474537355, 0.891958436496061, 0.8913923972396584, 0.8927409941782513, 0.8917610618207308, 0.8946852788831154, 0.896530006189538, 0.8958526088503131]], "milo_momentum_0.45": [[0.8264887505655161, 0.8665189996173156, 0.8739814169272124, 0.8808220957952372, 0.8830428749369823, 0.8866011502631895, 0.8880159246876216, 0.887601306722052, 0.8918527374645733, 0.8920959807521209, 0.8947128828530966, 0.896831717163024, 0.8954458083367369, 0.8974985458032954, 0.894956200525109], [0.8301948989396453, 0.8716284092707914, 0.8791776444413903, 0.8850597233496031, 0.887094845590154, 0.8912330312896011, 0.8907079071980899, 0.892935660172031, 0.8958414729567625, 0.8954566628832294, 0.8978179979259959, 0.898522693989027, 0.8996774314172871, 0.9017714202991925, 0.9018141777816643], [0.8328737074367328, 0.8742415835158587, 0.8816892339312231, 0.8855189390615971, 0.8883183975539071, 0.8897793873451603, 0.8940242591152867, 0.8963932566803156, 0.8973499217179508, 0.8997322071135313, 0.899574412427938, 0.9011208601127244, 0.9007130262048981, 0.902594402257825, 0.9034699262164642]]}}