{"losses": {"milo_LW_baseline_normalize": [[0.09119060873350633, 0.048964148218160454, 0.042765867525485855, 0.04189396171426439, 0.040561472396879135, 0.03995821910517922, 0.04074073357710734, 0.03980512413101963, 0.03935823638957954, 0.03933191561503433, 0.039638393396203175, 0.03936329575148969, 0.03879599044793092, 0.039469260640733285, 0.03883463664932545], [0.168805361274421, 0.060479118255235276, 0.04443059897943652, 0.04094077557042523, 0.03881845489658192, 0.03786954914449937, 0.0368869653646893, 0.036674505564059774, 0.03592724066010208, 0.03567024598702216, 0.03595577911398965, 0.03549095327674489, 0.035360590376866945, 0.03531880019487738, 0.03508795942274689], [0.20379373757769711, 0.0604071859590571, 0.04125717442332292, 0.0364561980480487, 0.034791241173156594, 0.0334497126128669, 0.03304378742376154, 0.033355055150385636, 0.032142298201161004, 0.03239074913930162, 0.03251914396870003, 0.03221003782141294, 0.03200347758123183, 0.0325345785688005, 0.03182671234969942]], "milo_LW_normalize_False": [[0.06502126648775301, 0.03736591719087834, 0.03398045290686811, 0.03243304134051626, 0.03265272334441543, 0.03313460851699735, 0.03304285942458858, 0.033549069587816484, 0.034370971721379706, 0.03386637184042483, 0.0340988851314721, 0.034756637267395855, 0.03537120733379076, 0.035227878191570444, 0.03531374199722583], [0.0771631315279752, 0.05067102103779713, 0.046370015019613006, 0.04503847430199385, 0.045174298315743606, 0.045193557166308164, 0.04526729225416978, 0.04545045433267951, 0.045035395629703996, 0.044484607301652435, 0.04329349440274139, 0.04233033385698994, 0.04125048357720176, 0.03980542582074801, 0.038781650946786005], [0.10159278658827146, 0.054492171757419904, 0.04548059841642777, 0.0423423937668403, 0.04036152438571056, 0.03829113533770045, 0.03675996457537015, 0.035689528498550255, 0.034150049923857055, 0.03316402285496394, 0.03170514137148857, 0.030844406315435967, 0.029345969367523986, 0.028710518781344094, 0.02738259467134873]]}, "accuracies": {"milo_LW_baseline_normalize": [[98.54833333333333, 98.83166666666666, 98.91666666666667, 98.94, 98.95666666666666, 98.95833333333333, 98.965, 98.97666666666667, 98.97, 98.98333333333333, 98.985, 98.99, 98.98, 98.98, 98.995], [98.35833333333333, 98.79166666666667, 98.94666666666667, 99.00333333333333, 99.045, 99.07166666666667, 99.085, 99.09833333333333, 99.11666666666666, 99.10333333333334, 99.11333333333333, 99.11833333333334, 99.13, 99.13, 99.13333333333334], [98.36, 98.905, 99.06666666666666, 99.145, 99.16666666666667, 99.19333333333333, 99.21166666666667, 99.21833333333333, 99.21833333333333, 99.23333333333333, 99.23, 99.24333333333334, 99.24666666666667, 99.245, 99.24833333333333]], "milo_LW_normalize_False": [[98.875, 99.045, 99.06333333333333, 99.05166666666666, 99.04666666666667, 99.02666666666667, 99.01333333333334, 98.99333333333334, 98.985, 98.98833333333333, 98.99333333333334, 98.955, 98.95166666666667, 98.95833333333333, 98.945], [98.18666666666667, 98.53333333333333, 98.615, 98.67666666666666, 98.67333333333333, 98.66666666666667, 98.665, 98.71, 98.69166666666666, 98.73666666666666, 98.76, 98.765, 98.815, 98.84333333333333, 98.87833333333333], [97.63333333333334, 98.40166666666667, 98.61, 98.74166666666666, 98.82166666666667, 98.87833333333333, 98.93166666666667, 98.97, 98.995, 99.02, 99.06, 99.07166666666667, 99.12, 99.15833333333333, 99.19666666666667]]}, "f1_scores": {"milo_LW_baseline_normalize": [[0.9854171745049911, 0.9883064246353579, 0.9891714941640904, 0.9894112807822788, 0.9895746372173992, 0.9895956161827396, 0.9896620824376996, 0.9897794114385456, 0.9897103770284252, 0.9898426315162956, 0.9898582144554725, 0.9899119468149908, 0.9898085961132115, 0.9898098217058366, 0.9899596579446704], [0.983467340941307, 0.9878834519218055, 0.9894629081093107, 0.9900230219564653, 0.9904452896522775, 0.9907129453569125, 0.9908471203736712, 0.9909847672085362, 0.9911643366702482, 0.9910313750620576, 0.9911312644739609, 0.9911797627694121, 0.991297167030351, 0.9912953818580583, 0.9913301386892478], [0.9834625361278988, 0.9890156539396144, 0.9906534460957921, 0.9914420293761662, 0.9916588716959819, 0.9919334439553003, 0.9921144775971905, 0.9921875779402913, 0.9921802687759064, 0.9923343352736103, 0.9923001449440196, 0.9924348716280113, 0.9924663283622991, 0.9924496202633936, 0.9924821359251551]], "milo_LW_normalize_False": [[0.988708224518421, 0.9904369919643745, 0.9906245636794415, 0.9905188747213703, 0.9904660624467787, 0.9902657434620605, 0.990127158023981, 0.989925883359237, 0.9898466147655041, 0.9898765156633684, 0.9899259486725003, 0.9895381603370541, 0.9895107303153609, 0.9895679705537443, 0.9894401702320902], [0.9818086825384397, 0.985301872408917, 0.9861278992677691, 0.9867367766543961, 0.9867091383329383, 0.9866313304112031, 0.9866233637175202, 0.9870522034316858, 0.9868704244241575, 0.9873219234941292, 0.9875527207050739, 0.9875980901696506, 0.9881058817488226, 0.9883791380146405, 0.9887361802040718], [0.9761487158314166, 0.9839183034433894, 0.9860190957040604, 0.9873357276225676, 0.9881437687053596, 0.9887305854560793, 0.9892584213246867, 0.9896435014675109, 0.9898965130953924, 0.9901622220657067, 0.9905619116260811, 0.9906768028526143, 0.9911565772351935, 0.99154518466983, 0.9919280503283281]]}}