{"losses": {"milo_baseline_adaptive": [[0.06034847064285229, 0.018455938365496694, 0.010278469706481944, 0.007091190417430092, 0.0052712043544461875, 0.004424956766884619, 0.003765884162537016, 0.002971712304576067, 0.0025895877342593547, 0.0021702236604391753, 0.001963736219509398, 0.0016160645314540793, 0.001483321791310785, 0.001182215943102589, 0.0011209323710737712], [0.0367527802132041, 0.005409792895158171, 0.002713329181444957, 0.0015875711681750545, 0.001132997221000187, 0.0007129661795492211, 0.0005580697236913693, 0.00033359387965222896, 0.00022034765471932283, 0.00016494363390859992, 0.0001143384663728284, 6.367857737811088e-05, 4.3677653177110186e-05, 1.5739435307887108e-05, 8.737564415302283e-06], [0.02662182338745582, 0.001278276036597011, 0.00030926211242264496, 0.00010608722581268922, 2.497241729288362e-05, 7.3913726791621075e-06, 5.542384852788018e-06, 2.4246437256351783e-06, 1.991192489814845e-06, 1.7948344256637939e-06, 1.636133307927897e-06, 1.5106789547786548e-06, 1.383984221153393e-06, 1.3091682213826062e-06, 1.2271352329695637e-06]], "milo_adaptive_False": [[3.164222010202097, 1.6318751293818157, 1.2875071871439616, 1.1785258235931397, 1.0833289289792378, 1.0976937305291494, 0.9592733219146728, 0.7974096937815348, 0.7325594707489014, 0.7435266601324081, 0.752126011856397, 0.6878356369177501, 0.6723171693404516, 0.5646427192409833, 0.5913154371817907], [0.5771004915942748, 0.5735996732989947, 0.6016121889531613, 0.5304227965911229, 0.5757401845971744, 0.5209837923554393, 0.44459139312903084, 0.4684833096822103, 0.3924111972808838, 0.4670197151819865, 0.38173418411811194, 0.376117482928435, 0.38078762723604836, 0.3722615451931953, 0.37598902443846066], [0.35951786477466424, 0.34559414791120313, 0.4103026425798732, 0.3591715842445206, 0.374597825139761, 0.39695505292122835, 0.2972225677629312, 0.30798216000994044, 0.31459878137409686, 0.2794722233494123, 0.31367445307572683, 0.2609724575205124, 0.2787263548900063, 0.25944885939431456, 0.25269376372396946]]}, "accuracies": {"milo_baseline_adaptive": [[98.35833333333333, 99.41333333333333, 99.68, 99.79166666666667, 99.865, 99.89166666666667, 99.90333333333334, 99.92, 99.93166666666667, 99.94166666666666, 99.94833333333334, 99.95166666666667, 99.96166666666667, 99.97166666666666, 99.96833333333333], [99.23666666666666, 99.87333333333333, 99.95, 99.96333333333334, 99.975, 99.97666666666667, 99.98333333333333, 99.98833333333333, 99.99333333333334, 99.99666666666667, 99.99666666666667, 99.99666666666667, 99.99833333333333, 100.0, 100.0], [99.425, 99.95666666666666, 99.99, 99.99833333333333, 99.99833333333333, 100.0, 100.0, 100.0, 100.0, 100.0, 100.0, 100.0, 100.0, 100.0, 100.0]], "milo_adaptive_False": [[88.19666666666667, 88.30333333333333, 89.92833333333333, 91.03166666666667, 92.02833333333334, 92.57833333333333, 93.13833333333334, 93.52, 93.51666666666667, 93.75333333333333, 93.985, 94.34666666666666, 94.56333333333333, 94.81833333333333, 94.78166666666667], [95.11166666666666, 95.07666666666667, 95.37666666666667, 95.28666666666666, 95.43333333333334, 95.63166666666666, 95.62166666666667, 95.835, 95.97833333333334, 96.07166666666667, 96.3, 96.295, 96.11, 96.35666666666667, 96.285], [96.34333333333333, 96.61833333333334, 96.50166666666667, 96.61833333333334, 96.605, 96.55, 96.75166666666667, 96.79333333333334, 96.80333333333333, 96.91666666666667, 96.935, 96.96333333333334, 96.95333333333333, 97.045, 97.17666666666666]]}, "f1_scores": {"milo_baseline_adaptive": [[0.9834336384635011, 0.9941207312097295, 0.9967990485077415, 0.9979209024282838, 0.9986615923432327, 0.9989256182714439, 0.9990369401682091, 0.9992030989756167, 0.9993205821447159, 0.9994190698876529, 0.9994833232824121, 0.9995164876829152, 0.9996150794123052, 0.9997182992232077, 0.9996855679499991], [0.9923070292186, 0.9987288703634171, 0.9995003924464625, 0.9996342983040204, 0.9997528870452026, 0.9997696583862723, 0.9998353982308112, 0.9998841312145252, 0.9999342947096881, 0.9999660639638925, 0.9999660639638925, 0.9999660639638925, 0.9999830497020585, 1.0, 1.0], [0.9941976702367372, 0.9995665084800059, 0.9998995948031103, 0.9999830365393102, 0.9999830365393102, 1.0, 1.0, 1.0, 1.0, 1.0, 1.0, 1.0, 1.0, 1.0, 1.0]], "milo_adaptive_False": [[0.8811651747689515, 0.8869486925852239, 0.9042239136357881, 0.9143898305964973, 0.9235866068252525, 0.9286788225673753, 0.9340518538355301, 0.9381120849009281, 0.9381195500600924, 0.9400453198964401, 0.9423795396335283, 0.9458266158715742, 0.9479323344822965, 0.9501984908250634, 0.9498127507570228], [0.9528022540843188, 0.9527123286814394, 0.955376417918276, 0.9545704336089182, 0.9557290294656269, 0.9577286268781403, 0.9577482814648256, 0.9597610658084991, 0.961229011570796, 0.9617315710118103, 0.9641928985820842, 0.9641742308483403, 0.962167549097517, 0.964631800227664, 0.9639358046754758], [0.9644619511474589, 0.9671427731096494, 0.9659785714908317, 0.9671444803124235, 0.9669692937899418, 0.9664492706440813, 0.9683950879705103, 0.9688137928520637, 0.9688418011099046, 0.9699188710211708, 0.9701405337594832, 0.9704465072520548, 0.9702966324135834, 0.9712158887356008, 0.9724836756189326]]}}