{"losses": {"milo_LW_momentum_0.9": [[0.07395278608524823, 0.010368121577581253, 0.0023056823201986995, 0.0005376536931539817, 0.00016471274989701026, 1.110640739280484e-05, 3.3911439159699817e-06, 2.4752215026220863e-06, 1.9404909628401393e-06, 1.6520126674985629e-06, 1.5129939749518447e-06, 1.4032735304340348e-06, 1.3316230068388298e-06, 1.2550961704694904e-06, 1.1937819338868394e-06], [0.06120157365797495, 0.007562696523547777, 0.0013529502641991275, 6.43974675611607e-05, 1.0887082979972244e-05, 2.736760890404355e-06, 1.335271077777141e-06, 1.035377143483629e-06, 9.287308316031565e-07, 8.543551245061565e-07, 7.964228708999599e-07, 7.537959365455057e-07, 7.170725975212141e-07, 6.84866675043357e-07, 6.555965903984884e-07], [0.07428705276311041, 0.007185911165586252, 0.0015878788903883744, 8.870947777453561e-05, 4.864303396704865e-06, 1.4183796027036048e-06, 1.0157119513124257e-06, 8.255170354345864e-07, 7.511283557177488e-07, 6.905194127889776e-07, 6.517294978367024e-07, 6.114427876641552e-07, 5.791954695647898e-07, 5.550489770435262e-07, 5.300502970489636e-07]], "milo_LW_momentum_0.0": [[0.0033126257390595206, 0.0001337102713655362, 4.104295587137585e-06, 2.1305698283420326e-06, 1.6791239363802409e-06, 1.4669722826155862e-06, 1.3254823996367312e-06, 1.2118578748034754e-06, 1.1214446610892992e-06, 1.0531449393387977e-06, 9.901703759363537e-07, 9.423227043816004e-07, 8.963420592197717e-07, 8.57272778723465e-07, 8.232111122462508e-07], [0.0003087103181539361, 1.7411649073892477e-06, 7.698265686196729e-07, 6.010622989699972e-07, 5.405077176609059e-07, 4.965923773103972e-07, 4.6314857040563594e-07, 4.3815377808703225e-07, 4.165879843524086e-07, 3.980975741233313e-07, 3.826983737666249e-07, 3.6862043541153373e-07, 3.5635639137474583e-07, 3.4534584668885296e-07, 3.354657320362738e-07], [0.0002899451446478816, 8.728499906463109e-07, 5.395266563733496e-07, 4.6098398028817657e-07, 4.183296728355638e-07, 3.872436105751831e-07, 3.627156721869085e-07, 3.433468850609245e-07, 3.275980155868533e-07, 3.1442988698806573e-07, 3.0247557729599825e-07, 2.915067004253776e-07, 2.823834870638346e-07, 2.7407881948076826e-07, 2.667992981966923e-07]], "milo_LW_momentum_0.45": [[0.0012950064203923774, 2.5388674338710615e-05, 1.109815746511226e-06, 5.701270564684317e-07, 4.808619486753448e-07, 4.3735755302805046e-07, 4.0469842249137854e-07, 3.7900452878230815e-07, 3.5986433714138383e-07, 3.431241269154839e-07, 3.2795746370718843e-07, 3.148250764553495e-07, 3.0387804550760693e-07, 2.9457012300279457e-07, 2.8536347099337906e-07], [0.006210090220351909, 0.000171662229734509, 1.34400677877314e-06, 6.317361249543297e-07, 5.355672419669351e-07, 4.793366673534175e-07, 4.3927400520165823e-07, 4.1153355736784176e-07, 3.871886357116476e-07, 3.6699565805733414e-07, 3.492483343155328e-07, 3.3496974671282467e-07, 3.220440801766718e-07, 3.1033423077625836e-07, 2.9958204958925685e-07], [0.002794605005164699, 8.75782937723623e-06, 1.6314547793854217e-06, 5.87060375583448e-07, 4.971588272040842e-07, 4.4868817583427756e-07, 4.1280640136633907e-07, 3.867247653762007e-07, 3.6499591909079734e-07, 3.455696852820248e-07, 3.3062344235771e-07, 3.1657319593871117e-07, 3.046149139525056e-07, 2.9377521657873255e-07, 2.841017101006334e-07]]}, "accuracies": {"milo_LW_momentum_0.9": [[98.78166666666667, 99.71833333333333, 99.925, 99.98, 99.995, 100.0, 100.0, 100.0, 100.0, 100.0, 100.0, 100.0, 100.0, 100.0, 100.0], [99.02666666666667, 99.80833333333334, 99.95666666666666, 100.0, 100.0, 100.0, 100.0, 100.0, 100.0, 100.0, 100.0, 100.0, 100.0, 100.0, 100.0], [98.99166666666666, 99.82333333333334, 99.96333333333334, 99.995, 100.0, 100.0, 100.0, 100.0, 100.0, 100.0, 100.0, 100.0, 100.0, 100.0, 100.0]], "milo_LW_momentum_0.0": [[99.91666666666667, 99.995, 100.0, 100.0, 100.0, 100.0, 100.0, 100.0, 100.0, 100.0, 100.0, 100.0, 100.0, 100.0, 100.0], [99.99166666666666, 100.0, 100.0, 100.0, 100.0, 100.0, 100.0, 100.0, 100.0, 100.0, 100.0, 100.0, 100.0, 100.0, 100.0], [99.98833333333333, 100.0, 100.0, 100.0, 100.0, 100.0, 100.0, 100.0, 100.0, 100.0, 100.0, 100.0, 100.0, 100.0, 100.0]], "milo_LW_momentum_0.45": [[99.95833333333333, 100.0, 100.0, 100.0, 100.0, 100.0, 100.0, 100.0, 100.0, 100.0, 100.0, 100.0, 100.0, 100.0, 100.0], [99.88166666666666, 99.99833333333333, 100.0, 100.0, 100.0, 100.0, 100.0, 100.0, 100.0, 100.0, 100.0, 100.0, 100.0, 100.0, 100.0], [99.92166666666667, 100.0, 100.0, 100.0, 100.0, 100.0, 100.0, 100.0, 100.0, 100.0, 100.0, 100.0, 100.0, 100.0, 100.0]]}, "f1_scores": {"milo_LW_momentum_0.9": [[0.987716693614046, 0.9971587832177864, 0.9992451095044965, 0.9997985203619812, 0.9999488902820677, 1.0, 1.0, 1.0, 1.0, 1.0, 1.0, 1.0, 1.0, 1.0, 1.0], [0.9901728579016043, 0.9980712482904593, 0.9995598610636062, 1.0, 1.0, 1.0, 1.0, 1.0, 1.0, 1.0, 1.0, 1.0, 1.0, 1.0, 1.0], [0.9898106544504295, 0.9982294427708431, 0.9996311097901065, 0.999949723443056, 1.0, 1.0, 1.0, 1.0, 1.0, 1.0, 1.0, 1.0, 1.0, 1.0, 1.0]], "milo_LW_momentum_0.0": [[0.9991563969898397, 0.9999485793808163, 1.0, 1.0, 1.0, 1.0, 1.0, 1.0, 1.0, 1.0, 1.0, 1.0, 1.0, 1.0, 1.0], [0.9999149119647704, 1.0, 1.0, 1.0, 1.0, 1.0, 1.0, 1.0, 1.0, 1.0, 1.0, 1.0, 1.0, 1.0, 1.0], [0.9998823302753681, 1.0, 1.0, 1.0, 1.0, 1.0, 1.0, 1.0, 1.0, 1.0, 1.0, 1.0, 1.0, 1.0, 1.0]], "milo_LW_momentum_0.45": [[0.9995829580697997, 1.0, 1.0, 1.0, 1.0, 1.0, 1.0, 1.0, 1.0, 1.0, 1.0, 1.0, 1.0, 1.0, 1.0], [0.9987972862308243, 0.9999826211472611, 1.0, 1.0, 1.0, 1.0, 1.0, 1.0, 1.0, 1.0, 1.0, 1.0, 1.0, 1.0, 1.0], [0.9992136198506063, 1.0, 1.0, 1.0, 1.0, 1.0, 1.0, 1.0, 1.0, 1.0, 1.0, 1.0, 1.0, 1.0, 1.0]]}}