{"val_losses": {"MILO_LW_normalize_True": [[1.050479798026383, 1.4828670324516295, 0.7065318548965455, 0.8020578380966187, 0.5783550403892994, 0.48840263399224726, 0.5142624152362346, 0.4676362436246872, 0.4440233232548833, 0.4432347859072685], [0.6575273951792717, 0.6622972315979004, 0.5959148824071884, 0.7316104057455063, 0.6822248605799675, 0.3938781805253029, 0.5125542539978027, 0.5618578611922264, 0.5870897519302368, 0.3639786840426922]], "MILO_LW_normalize_False": [[1.14742074051857, 0.7020991435956955, 0.6492942334783077, 0.5823553482222557, 0.6956639399850368, 0.9978959518504142, 0.658146964044571, 0.7043951921129227, 0.8145147603416443, 0.7797964769887924], [1.1926824433994294, 1.174788408317566, 1.0990731535339355, 1.0578617721557617, 1.2961367870426177, 1.0351113547039033, 1.4062065720748902, 1.4380980736923217, 0.912036649131775, 1.7709246131134033]]}, "val_accuracies": {"MILO_LW_normalize_True": [[94.586, 92.874, 94.17, 93.546, 95.19, 95.722, 95.518, 95.36, 95.526, 95.186], [95.654, 95.266, 95.612, 94.666, 93.662, 96.03, 95.636, 94.964, 93.898, 96.2]], "MILO_LW_normalize_False": [[94.03, 94.662, 95.338, 95.378, 94.912, 93.398, 95.018, 94.894, 94.044, 94.414], [93.572, 93.34, 93.174, 93.52, 92.24, 93.64, 92.322, 91.64, 93.962, 89.1]]}, "val_f1_scores": {"MILO_LW_normalize_True": [[0.9461030791923527, 0.9287851473576183, 0.9409832219136984, 0.9341660464721553, 0.9512420914107225, 0.957377582409069, 0.9550783473652131, 0.9535695690402861, 0.9548559739973539, 0.9524408519177177], [0.9569855490807182, 0.9525781175013796, 0.955957064666969, 0.9464316213795566, 0.9343830219097147, 0.9605752293112497, 0.9561226039762916, 0.9499721933352433, 0.9385655090232037, 0.9620643789220982]], "MILO_LW_normalize_False": [[0.9399638291393897, 0.945633110901387, 0.953420307215007, 0.9536878106309308, 0.9487550459359376, 0.9339801764893826, 0.9501868240605665, 0.9487261167560032, 0.941276520395569, 0.94427474723017], [0.9352010360547387, 0.9338874838182525, 0.9314475927179112, 0.9356664301349585, 0.9194524808093384, 0.9364544728467825, 0.9226066537727341, 0.915405855407248, 0.9394432286860622, 0.8847847172205686]]}, "val_aucs": {"MILO_LW_normalize_True": [[0.9977321282222222, 0.9972274524444444, 0.998285264, 0.9981070606666668, 0.9982456942222223, 0.9985134488888889, 0.998438706, 0.9984440997777778, 0.9984747093333333, 0.9985804491111112], [0.9983272393333333, 0.9983584064444445, 0.9983073133333333, 0.998166322, 0.998388993111111, 0.9987507560000001, 0.998345492888889, 0.9984030557777777, 0.9985981484444446, 0.9987111220000001]], "MILO_LW_normalize_False": [[0.9978282037777777, 0.9981041564444444, 0.998172412, 0.9980784793333335, 0.9978744844444444, 0.9974138977777779, 0.9979075146666666, 0.9977550335555556, 0.9976126144444443, 0.9975581771111113], [0.9969541515555557, 0.9968405682222222, 0.9970125104444445, 0.9969386246666666, 0.9963254851111113, 0.9966230257777777, 0.9962551251111111, 0.9958146228888889, 0.9967596642222223, 0.995452481111111]]}}