{"losses": {"milo_weight_decay_0.0001": [[2.261556044883728, 0.6784712285232544, 0.5965354437828064, 0.5391759558486938, 0.531409905757904, 0.4858136125469208, 0.48245351314544677, 0.4608769806480408, 0.44154360179901125, 0.43066766328811645, 0.4276165721130371, 0.4063979131126404, 0.4103768630218506, 0.3985186705589294, 0.4012982120895386], [1.465434072113037, 0.6442257312583923, 0.5618096948051453, 0.5065658652496338, 0.48557397926330564, 0.4503038646411896, 0.4442103032493591, 0.431374092798233, 0.41698765927314757, 0.4060102880382538, 0.41535445256233217, 0.40111501772880553, 0.3924350972557068, 0.38265524347305296, 0.3876780916118622], [1.3952238332939149, 0.5876253192329407, 0.5163377382278442, 0.4761086375427246, 0.44629361047744753, 0.4295390400314331, 0.4179172154045105, 0.40860604290008545, 0.3836196893119812, 0.38976283537864687, 0.3747887697124481, 0.3820517058753967, 0.37413342121124266, 0.36326502002716066, 0.3646552227115631]], "milo_weight_decay_0.001": [[1.3928717615890502, 0.555021870880127, 0.493900159034729, 0.4577614978408813, 0.4271556936454773, 0.4121776989746094, 0.40232157479286196, 0.3801257861328125, 0.3854053244304657, 0.3766805210113525, 0.3603747241210937, 0.3635612691020966, 0.35481931131362915, 0.34848327767372134, 0.34695712366104126], [1.534335033531189, 0.5317584282398223, 0.45957352182388306, 0.43253869993209837, 0.40871277477264406, 0.3953790752744675, 0.37779595638751984, 0.3881238537359238, 0.367842608127594, 0.3551508395195007, 0.3595261706352234, 0.3462240659952164, 0.3431535402917862, 0.33859137687683105, 0.3443768339347839], [1.7179643500328063, 0.5193375322437286, 0.450262370967865, 0.4230185244846344, 0.4058257749557495, 0.38868637098312375, 0.3754511182022095, 0.3675453945350647, 0.3502992214870453, 0.35448015605926514, 0.3435551288318634, 0.3454023597049713, 0.34482963114738463, 0.3427882626914978, 0.33057539127349855]], "milo_weight_decay_0.0": [[0.8404261675834656, 0.48351185041427613, 0.4285325453567505, 0.40860124231815337, 0.392799202003479, 0.37675840177536013, 0.37124975927352905, 0.370013410282135, 0.3569086131095886, 0.353672945394516, 0.3466442567539215, 0.34946974888801574, 0.3339615839767456, 0.33604029664993285, 0.3411448208808899], [0.9019412000846863, 0.4918670614719391, 0.43937084648132324, 0.41629794741630555, 0.40293283700942994, 0.38261120569229123, 0.36942306385993956, 0.3722634306907654, 0.36383840677261353, 0.3628780738067627, 0.370795577173233, 0.3477292672157288, 0.35782510480880736, 0.3636658444213867, 0.3495473325824738], [1.0956364630317688, 0.5262197581195831, 0.44853696147918704, 0.4243874098777771, 0.4015769403553009, 0.3877724021053314, 0.37569824193000795, 0.35571490297317504, 0.35405728870391845, 0.3532952300834656, 0.3480421316456795, 0.3417732415962219, 0.3409204998207092, 0.33258411695480344, 0.3345305096340179]]}, "accuracies": {"milo_weight_decay_0.0001": [[72.422, 81.468, 83.554, 84.39, 85.186, 86.1, 86.296, 86.738, 87.202, 87.588, 87.736, 87.844, 87.982, 88.478, 88.3], [73.724, 81.944, 84.024, 85.008, 85.784, 86.73, 86.848, 87.138, 87.69, 87.75, 87.734, 87.938, 88.352, 88.512, 88.496], [75.302, 83.162, 84.734, 85.76, 86.51, 87.006, 87.528, 87.396, 88.084, 88.096, 88.462, 88.478, 88.6, 88.826, 88.882]], "milo_weight_decay_0.001": [[77.144, 83.996, 85.406, 86.244, 87.024, 87.444, 87.8, 88.342, 88.194, 88.586, 88.906, 88.802, 89.252, 89.114, 89.276], [77.464, 84.702, 86.326, 87.004, 87.662, 88.272, 88.324, 88.506, 88.66, 89.004, 89.142, 89.344, 89.476, 89.632, 89.346], [78.226, 84.98, 86.628, 87.262, 87.832, 88.212, 88.61, 88.706, 89.188, 89.128, 89.556, 89.492, 89.394, 89.69, 89.858]], "milo_weight_decay_0.0": [[80.002, 85.908, 87.332, 87.968, 88.304, 88.6, 88.792, 89.038, 89.048, 89.47, 89.476, 89.636, 89.706, 89.846, 89.798], [80.14, 85.766, 87.118, 87.866, 88.178, 88.746, 89.172, 89.096, 89.432, 89.478, 89.382, 89.642, 89.552, 89.726, 89.86], [79.874, 85.744, 87.352, 87.996, 88.366, 88.9, 89.082, 89.434, 89.474, 89.544, 89.794, 89.72, 90.27, 90.138, 90.11]]}, "f1_scores": {"milo_weight_decay_0.0001": [[0.7243690842220264, 0.8145409429564232, 0.8354439211381195, 0.843777615043461, 0.8518226525797292, 0.8608973424708101, 0.8629696048381266, 0.8672431099500578, 0.8719201111238725, 0.8758005768175632, 0.8773097838365078, 0.8783477393911465, 0.8797754877827277, 0.8847203446546651, 0.8829183764049592], [0.7374175926359473, 0.8194539562346982, 0.8402209486660999, 0.8501015522034295, 0.8578102638333844, 0.8672552723505712, 0.868400787568994, 0.8713162682075277, 0.8768732611202147, 0.8775198883882543, 0.8773407358309335, 0.8793260508035454, 0.8835131929524775, 0.8851055202638893, 0.8849534126023828], [0.7528797943782881, 0.8317137438482153, 0.8473196427011734, 0.8576182205306033, 0.8650739596783605, 0.8701153251225484, 0.8753442632334473, 0.8739632138779083, 0.8808890842973411, 0.8809906256187967, 0.8845903430723041, 0.8848205040715268, 0.8860224012896885, 0.8882165886992484, 0.8888818675542488]], "milo_weight_decay_0.001": [[0.7714811791712737, 0.8400158506008962, 0.8541313446498917, 0.862367977912751, 0.8702172149285594, 0.8744105803551422, 0.8779941102570163, 0.8833571742543382, 0.8819049101474338, 0.885806067773035, 0.8890367893649189, 0.8879827522231274, 0.8925329316255771, 0.891107990740206, 0.8927771341835309], [0.7745020728158193, 0.8470176162581297, 0.8632745374069419, 0.8700480739078778, 0.8766002667648468, 0.8827111346610067, 0.8832043033832739, 0.8850178055213052, 0.8865196510755734, 0.8900081979252956, 0.8914125741666927, 0.8934406418928047, 0.8947333460555986, 0.8962422253461719, 0.8934446837792525], [0.7821090081809593, 0.8497464230456451, 0.8662401398321553, 0.8725122547745012, 0.8782674024461918, 0.8820621141031764, 0.8860227166488622, 0.8869771360985247, 0.8917439303817165, 0.8911582990219724, 0.8954489579720504, 0.894854407466438, 0.8938740672102341, 0.8968121837117392, 0.8984556151633765]], "milo_weight_decay_0.0": [[0.7997265249492194, 0.8589603630070994, 0.8732217133076133, 0.8796093800580118, 0.8828794418209569, 0.8858999104540948, 0.8878254407172509, 0.8903579864005657, 0.8903304121132137, 0.8946459697921257, 0.894659999392549, 0.8962152239871539, 0.896981738172288, 0.8983573316161735, 0.8978703162481875], [0.8012399819689179, 0.8575123965487892, 0.8710070259413133, 0.8785335495852715, 0.8815918159471263, 0.8873679224247635, 0.891604917687449, 0.8908446658449186, 0.8942023431211649, 0.8946731757882697, 0.8936935356953606, 0.896269594813767, 0.8953886645897462, 0.8970928986288482, 0.8985088167714768], [0.7984841459067844, 0.8572127471954898, 0.8733929017241723, 0.8798548183669139, 0.8835239481056387, 0.8888736143617326, 0.8906799889763637, 0.8942391191316018, 0.8946017136735817, 0.8953403469115401, 0.8978632600168078, 0.8971155959710335, 0.9026146559440159, 0.9012890606080642, 0.9010264261608476]]}}