{"val_losses": {"MILO_LW_eps_1e-05": [[0.9315495383301191, 0.6358611925601959, 0.7850659491539002, 0.43925422494888305, 0.6582556677532196, 0.5699995289516449, 0.5100803624629975, 0.4115793656587601, 0.3810188267338276, 0.3788130391216278], [1.02235762925148, 0.710437375202179, 0.7151692167758942, 0.8383943228721619, 0.6222451437245309, 0.5103511941446364, 0.41080180471658706, 0.3487289263112284, 0.5558220757353306, 0.337382167263031]], "MILO_LW_eps_0.005": [[1.380244616651535, 0.9890779997515678, 0.6398769854164124, 0.493806190007925, 1.1647135864639282, 0.7840738934278488, 0.42118441353797914, 0.3868718704432249, 95.12785020263672, 0.4054437108713761], [0.621292253493946, 0.6840720939183235, 0.8094762443161011, 2.0425941973114012, 0.5957687528181076, 503.21453797851564, 0.5540174574047327, 0.9114592869377136, 0.3559022470235825, 0.49015035715639593]], "MILO_LW_eps_0.05": [[0.8400098718069494, 0.5800683325725794, 1.4714336792469025, 0.7336025894451141, 0.6632717620066739, 83.695668515625, 0.6145416669940948, 0.5534382723236084, 0.5276664563083648, 6.274557989501953], [1.279813336238861, 1.3254629351997376, 2.0735260105895996, 0.5583671901315823, 0.7358051190376281, 0.4693376858794689, 45.15443258544922, 0.5140795076155662, 0.5309112809979916, 0.48216862567663193]]}, "val_accuracies": {"MILO_LW_eps_1e-05": [[94.46, 95.276, 93.328, 95.878, 94.448, 94.84, 94.672, 95.464, 95.794, 95.742], [94.044, 95.062, 94.562, 93.806, 94.932, 95.41, 95.576, 96.126, 94.802, 95.972]], "MILO_LW_eps_0.005": [[92.928, 93.048, 94.532, 95.604, 90.934, 93.264, 95.956, 96.104, 44.156, 95.71], [95.894, 95.374, 93.634, 89.812, 95.238, 13.702, 95.022, 93.3, 96.19, 95.388]], "MILO_LW_eps_0.05": [[94.91, 95.464, 91.41, 94.67, 94.46, 49.694, 94.376, 95.26, 95.352, 80.944], [92.826, 92.364, 90.588, 95.324, 94.07, 95.892, 60.27, 95.012, 95.278, 95.592]]}, "val_f1_scores": {"MILO_LW_eps_1e-05": [[0.944131796871132, 0.9525963832111092, 0.9327082392606497, 0.9589453131514407, 0.9440256371244166, 0.948099251460488, 0.9477194645239113, 0.954577846679357, 0.9580405918699851, 0.9573416833150402], [0.9413359943436855, 0.9508689957442928, 0.9469614152625999, 0.938483294067012, 0.9500182869639107, 0.9539642882030034, 0.9556719088751289, 0.9613082906883303, 0.9478863358152957, 0.9600238464531345]], "MILO_LW_eps_0.005": [[0.9302148527733625, 0.9310552040982403, 0.9464153714205569, 0.956103414455389, 0.9051849637304402, 0.9317070567456142, 0.9597262761115699, 0.9610984152096107, 0.3922754751836827, 0.9571429094483568], [0.9588719604647629, 0.9539750345111182, 0.9367837761531117, 0.9041726535689737, 0.9516638775079344, 0.08155369744747061, 0.950668127210562, 0.9323861827849672, 0.9619915391537968, 0.9542282951349568]], "MILO_LW_eps_0.05": [[0.9492503242408835, 0.9543969813493298, 0.914920719578739, 0.9475058159151064, 0.9444328327128995, 0.442106561303152, 0.9429706270494277, 0.9530527947019249, 0.953480455260612, 0.812630298901625], [0.9283302311762596, 0.9206295763019791, 0.9057290291104007, 0.9528467931754744, 0.9393122869712464, 0.9586528228079312, 0.5646604176518828, 0.9500387569855053, 0.9527055815087188, 0.9561608832804156]]}, "val_aucs": {"MILO_LW_eps_1e-05": [[0.9975785177777776, 0.9982382788888889, 0.9981350435555555, 0.9985463217777779, 0.9981778237777779, 0.9979918826666667, 0.9985034268888888, 0.9984955011111112, 0.9986887331111112, 0.9985058282222223], [0.9977950722222222, 0.9981657533333335, 0.9982134759999998, 0.9980476153333335, 0.9983368466666667, 0.9982268839999999, 0.99861544, 0.9987124026666667, 0.9981513111111111, 0.9987310264444444]], "MILO_LW_eps_0.005": [[0.9969778588888889, 0.9978755437777777, 0.9983876184444445, 0.9985857293333333, 0.9976922115555557, 0.9982877035555555, 0.9986712591111111, 0.9986835015555556, 0.7610215213333333, 0.998597618], [0.9983374384444446, 0.9983044622222221, 0.998244761777778, 0.9947051457777778, 0.9981625175555555, 0.5513461284444444, 0.9982741397777778, 0.9968876855555555, 0.9987571375555557, 0.9985043526666667]], "MILO_LW_eps_0.05": [[0.9979272242222221, 0.9984936719999998, 0.9970215044444444, 0.9983112302222222, 0.9982591604444442, 0.7885367600000001, 0.9983279553333334, 0.9983694599999999, 0.9984151682222222, 0.9861246426666666], [0.9973955864444445, 0.9973008751111111, 0.9953763139999999, 0.9984289095555555, 0.9980573942222224, 0.9984099359999998, 0.8690143204444445, 0.9984126755555556, 0.9983178259999999, 0.9984624795555556]]}}