{"val_losses": {"AdamW": [[1.0382989645004272, 1.0047439336776733, 0.9951663613319397, 0.8978625535964966, 1.0006284713745117]]}, "val_accuracies": {"AdamW": [[0.005839378573000431, 0.013387597166001797, 0.007818351499736309, 0.10262422263622284, 0.0]]}, "val_f1_scores": {"AdamW": [[0.0, 0.0, 0.0, 0.0, 0.0]]}, "val_aucs": {"AdamW": [[0.0, 0.0, 0.0, 0.0, 0.0]]}}