{"val_losses": {"AdamW": [[0.33992755003166597, 0.34732132156638756, 0.33777218424507677, 0.33638721614875855, 0.3317548107708053]]}, "val_accuracies": {"AdamW": [[0.6603806699106538, 0.6531763954838976, 0.6625388245475011, 0.6639695563958526, 0.6686894754703915]]}, "val_f1_scores": {"AdamW": [[0.8611927220246379, 0.8332388364860918, 0.8411593904094291, 0.827912650550659, 0.8358675669639023]]}, "val_aucs": {"AdamW": [[0.0, 0.0, 0.0, 0.0, 0.0]]}}