Optimizer,Avg Reward,Success Rate,Success Rate Std Err,Avg Final Loss,Compute Time (s)
MILO,-54.70253752776732,0.2,0.20000000000000004,-0.0002641343518916983,54.162
MILO_LW,-64.57911354961827,0.4,0.24494897427831783,0.0001821929487050511,56.65
SGD,-184.16956736209158,0.0,0.0,-0.00028936410672031343,74.362
ADAMW,-167.59687409039944,0.0,0.0,0.00026489045412745325,73.88
ADAGRAD,-150.8484422991552,0.2,0.20000000000000004,-0.0001549798296764493,72.66
NOVOGRAD,-277.82611743048125,0.0,0.0,-0.00023471121694456086,72.53
