optimizer,step,value
ADAMW,5,1.0
ADAMW,6,0.620530754028009
ADAMW,7,0.5553604870002667
ADAMW,8,0.3632936883875439
ADAMW,9,0.38004230294770747
ADAMW,10,0.3480550748130832
ADAMW,11,0.2526200977815325
ADAMW,12,0.3262558752873115
ADAMW,13,0.35549718242386197
ADAMW,14,0.26826744388403584
ADAMW,15,0.2883634448291906
ADAMW,16,0.31941698940742747
ADAMW,17,0.31216152015431686
ADAMW,18,0.2898449611574172
ADAMW,19,0.23341960219038388
ADAMW,20,0.22793210797889518
ADAMW,21,0.19408404778672955
ADAMW,22,0.14399123621703902
ADAMW,23,0.14757245427450505
ADAMW,24,0.18096656860913535
ADAMW,25,0.19338632103903722
ADAMW,26,0.1550355993382505
ADAMW,27,0.12207963760099463
ADAMW,28,0.17771694109831665
ADAMW,29,0.20888170586398025
ADAMW,30,0.07003325214214841
ADAMW,31,0.02883830020304424
ADAMW,32,0.023463285124802075
ADAMW,33,0.06567745370405292
ADAMW,34,0.1305323048286484
ADAMW,35,0.05561634009637081
ADAMW,36,0.03546050337865837
ADAMW,37,0.08902847887952285
ADAMW,38,0.06967909304417397
ADAMW,39,0.06334794846216782
ADAMW,40,0.07939132516078995
ADAMW,41,0.06210326177392335
ADAMW,42,0.04002095514715767
ADAMW,43,0.07829988569579936
ADAMW,44,0.10949407101899539
ADAMW,45,0.09222107332815113
ADAMW,46,0.11479784584158484
ADAMW,47,0.14812317476901957
ADAMW,48,0.0910373296453736
ADAMW,49,0.04241118981061551
ADAMW,50,0.09224556383322297
ADAMW,51,0.12203441259426297
ADAMW,52,0.13730210727385708
ADAMW,53,0.12847610177480498
ADAMW,54,0.1718240865412798
ADAMW,55,0.04608497410888806
ADAMW,56,0.04608497410888806
ADAMW,57,0.04608497410888806
ADAMW,58,0.10336661851341443
ADAMW,59,0.06803111874639522
ADAMW,60,0.09266122404795614
ADAMW,61,0.05182782969426611
ADAMW,62,0.11163206181559869
ADAMW,63,0.07002028667918955
ADAMW,64,0.07006742888426257
ADAMW,65,0.0945974015774011
ADAMW,66,0.19669632896571637
ADAMW,67,0.19564281836474978
ADAMW,68,0.13442360745651735
ADAMW,69,0.07466341927089737
ADAMW,70,0.13442360745651735
ADAMW,71,0.21530298438013604
ADAMW,72,0.0637008937223899
ADAMW,73,0.08615830820458109
ADAMW,74,0.1180436601873972
ADAMW,75,0.23838823241896173
ADAMW,76,0.19366224858512243
ADAMW,77,0.24242783826406503
ADAMW,78,0.10336208497352954
ADAMW,79,0.10336208497352954
ADAMW,80,0.17211378915674916
ADAMW,81,0.20841234227565303
ADAMW,82,0.11940963803581978
ADAMW,83,0.09364267490273068
ADAMW,84,0.08132875063918395
ADAMW,85,0.08748939218429552
ADAMW,86,0.04068062744806178
ADAMW,87,0.04068062744806178
ADAMW,88,0.0623058137950611
ADAMW,89,0.1208542092388368
ADAMW,90,0.21891419346647273
ADAMW,91,0.19337190426079665
ADAMW,92,0.12369878880217955
ADAMW,93,0.1279042972021196
ADAMW,94,0.21031991456227234
ADAMW,95,0.23897475413976127
ADAMW,96,0.3607686005295152
ADAMW,97,0.2982839630091257
ADAMW,98,0.23123426055627283
ADAMW,99,0.2628631167869431
ADAMW,100,0.12196576297924179
ADAMW,101,0.12450206530463982
ADAMW,102,0.1102085354827161
ADAMW,103,0.08763470845198781
ADAMW,104,0.05859382000496778
ADAMW,105,0.06517442788360149
ADAMW,106,0.06696964600451946
ADAMW,107,0.09398737092881036
ADAMW,108,0.17127252875898308
ADAMW,109,0.09878298609919245
ADAMW,110,0.05309124468846589
ADAMW,111,0.05309124468846589
ADAMW,112,0.07999642984288338
ADAMW,113,0.23823383651565835
ADAMW,114,0.13019135431219975
ADAMW,115,0.13019135431219975
ADAMW,116,0.2807073223773189
ADAMW,117,0.25905213650031206
ADAMW,118,0.18451241582438527
ADAMW,119,0.15970663205387048
ADAMW,120,0.24115215987485958
ADAMW,121,0.2064165504854783
ADAMW,122,0.11847973277147295
ADAMW,123,0.09749501146494358
ADAMW,124,0.09289947855212485
ADAMW,125,0.12480709032735934
ADAMW,126,0.09915739739290852
ADAMW,127,0.12108115466767369
ADAMW,128,0.16862514360401423
ADAMW,129,0.12184211531463102
ADAMW,130,0.04898844567989402
ADAMW,131,0.055122363398219056
ADAMW,132,0.029495182175522904
ADAMW,133,0.02970220823956901
ADAMW,134,0.045707835544979446
ADAMW,135,0.08054600439623776
ADAMW,136,0.09409382887969167
ADAMW,137,0.07722309493836435
ADAMW,138,0.05689713622691528
ADAMW,139,0.09827272965790888
ADAMW,140,0.1020725584315102
ADAMW,141,0.2626468886303597
ADAMW,142,0.29762844159534235
ADAMW,143,0.10258186206311498
ADAMW,144,0.05792967044605242
ADAMW,145,0.08373634854746176
ADAMW,146,0.10680974622287062
ADAMW,147,0.08332699445379645
ADAMW,148,0.09887827301514795
ADAMW,149,0.09646222119305874
ADAMW,150,0.07819569702397361
ADAMW,151,0.11351417379919178
ADAMW,152,0.12590533748857696
ADAMW,153,0.11055586494105359
ADAMW,154,0.14589941007904908
ADAMW,155,0.13248244937859385
ADAMW,156,0.11913693022783924
ADAMW,157,0.0898951846789167
ADAMW,158,0.0766837832094401
ADAMW,159,0.12908780158372576
ADAMW,160,0.09282095525279327
ADAMW,161,0.09067614038274022
ADAMW,162,0.06476835862665958
ADAMW,163,0.11155057026865717
ADAMW,164,0.13851269069464953
ADAMW,165,0.18120357816941957
ADAMW,166,0.26696963604825946
ADAMW,167,0.2026712961947441
ADAMW,168,0.10417479763405216
ADAMW,169,0.10417479763405216
ADAMW,170,0.08757325692960657
ADAMW,171,0.06800622231426301
ADAMW,172,0.20621212683097728
ADAMW,173,0.23374490001524056
ADAMW,174,0.2683815576427647
ADAMW,175,0.19229550829800615
ADAMW,176,0.20010379022404554
ADAMW,177,0.31106978574249733
ADAMW,178,0.1520552272511819
ADAMW,179,0.05639173279570772
ADAMW,180,0.0391021053395753
ADAMW,181,0.10572538216045624
ADAMW,182,0.11280722334639379
ADAMW,183,0.10119002655473551
ADAMW,184,0.06943702703943079
ADAMW,185,0.006311738755633973
ADAMW,186,0.028376535891719543
ADAMW,187,0.0625869143240437
ADAMW,188,0.06103212526010145
ADAMW,189,0.09688254771768609
ADAMW,190,0.09107612370699303
ADAMW,191,0.07189116476415192
ADAMW,192,0.0722281687897997
ADAMW,193,0.12842542788505854
ADAMW,194,0.18790960788100014
ADAMW,195,0.12754341619984724
ADAMW,196,0.09200814351513074
ADAMW,197,0.08375588272443374
ADAMW,198,0.170406302475297
ADAMW,199,0.07722169236718444
ADAMW,200,0.029667312414818025
ADAMW,201,0.12349967949005462
ADAMW,202,0.13508163387172653
ADAMW,203,0.08355604210745682
ADAMW,204,0.07869586047810795
ADAMW,205,0.10932432912881541
ADAMW,206,0.18709867936067487
ADAMW,207,0.21904979505732236
ADAMW,208,0.1906943692257789
ADAMW,209,0.17196666358104384
ADAMW,210,0.11928030421515019
ADAMW,211,0.12787214220012164
ADAMW,212,0.14439273348683768
ADAMW,213,0.10276679636045635
ADAMW,214,0.056489398675400426
ADAMW,215,0.07822089997976348
ADAMW,216,0.13205962273075844
ADAMW,217,0.09571095849900875
ADAMW,218,0.1205716272611198
ADAMW,219,0.11052356044973013
ADAMW,220,0.099230937626902
ADAMW,221,0.16331357361138593
ADAMW,222,0.16985602582920512
ADAMW,223,0.101003328287791
ADAMW,224,0.06274765893266168
ADAMW,225,0.06274765893266168
ADAMW,226,0.15082869969951357
ADAMW,227,0.09760945525517453
ADAMW,228,0.1346607759975752
ADAMW,229,0.11158506401965666
ADAMW,230,0.048759316173151594
ADAMW,231,0.0493743116586691
ADAMW,232,0.1406728175193055
ADAMW,233,0.14356501899538432
ADAMW,234,0.19900735755330803
ADAMW,235,0.21884137708958873
ADAMW,236,0.13342724389631325
ADAMW,237,0.17802740903328285
ADAMW,238,0.14953101974838895
ADAMW,239,0.12708018034365837
ADAMW,240,0.11959931382864104
ADAMW,241,0.13045111386832886
ADAMW,242,0.09579244893193967
ADAMW,243,0.08867487084344296
ADAMW,244,0.11596128124027232
ADAMW,245,0.11340155193142556
ADAMW,246,0.11255740539505042
ADAMW,247,0.0788594803936783
ADAMW,248,0.12700750288628468
ADAMW,249,0.23639739486865802
ADAMW,250,0.1321364528070438
ADAMW,251,0.09891465998169963
ADAMW,252,0.17124677867193994
ADAMW,253,0.1863698111326451
ADAMW,254,0.1349056134415864
ADAMW,255,0.1160157201004686
ADAMW,256,0.08588497274210283
ADAMW,257,0.03846572079289581
ADAMW,258,0.1516842372653468
ADAMW,259,0.15229795656948755
ADAMW,260,0.12748236567053445
ADAMW,261,0.07865278826699046
ADAMW,262,0.13409730979215503
ADAMW,263,0.22579565116251715
ADAMW,264,0.08040081170436462
ADAMW,265,0.070372573152167
ADAMW,266,0.070372573152167
ADAMW,267,0.09479404927454815
ADAMW,268,0.2654194626366695
ADAMW,269,0.1439247506270077
ADAMW,270,0.11546170083233578
ADAMW,271,0.06219519781570023
ADAMW,272,0.16888873551373093
ADAMW,273,0.12893782006060206
ADAMW,274,0.059614651738587085
ADAMW,275,0.05930467323390204
ADAMW,276,0.10516989262753913
ADAMW,277,0.22761816689688588
ADAMW,278,0.20684385056487792
ADAMW,279,0.1468870934939635
ADAMW,280,0.10685056405800158
ADAMW,281,0.0922989911384764
ADAMW,282,0.0848070770015582
ADAMW,283,0.042469577000950935
ADAMW,284,0.10322052078314486
ADAMW,285,0.15546390507118005
ADAMW,286,0.15928549126173466
ADAMW,287,0.12448135948142415
ADAMW,288,0.08073368749462971
ADAMW,289,0.09895685591853129
ADAMW,290,0.17428310308430847
ADAMW,291,0.13851945294064194
ADAMW,292,0.08914288237489162
ADAMW,293,0.15420886029609682
ADAMW,294,0.20319203998503194
ADAMW,295,0.15911324494618956
ADAMW,296,0.16659599770338487
ADAMW,297,0.1299447230361161
ADAMW,298,0.1457028578238963
ADAMW,299,0.1457028578238963
ADAMW,300,0.18085392208671844
ADAMW,301,0.18371638151022585
ADAMW,302,0.09783372079997649
ADAMW,303,0.09783372079997649
ADAMW,304,0.17393576971430813
ADAMW,305,0.18711733167031763
ADAMW,306,0.08090022866686764
ADAMW,307,0.05956530976140484
ADAMW,308,0.10868342851528484
ADAMW,309,0.1082991871391493
ADAMW,310,0.09236249488926249
ADAMW,311,0.13422807517675395
ADAMW,312,0.07611766772747637
ADAMW,313,0.0939544324329489
ADAMW,314,0.07964449565077081
ADAMW,315,0.12125057679589356
ADAMW,316,0.14858514622303373
ADAMW,317,0.1924159513609388
ADAMW,318,0.10578183723781293
ADAMW,319,0.09910194835125435
ADAMW,320,0.09579133791857096
ADAMW,321,0.0958679783761625
ADAMW,322,0.1285391790243943
ADAMW,323,0.05518262067659977
ADAMW,324,0.06098127146734649
ADAMW,325,0.18359065905168506
ADAMW,326,0.1560035044868477
ADAMW,327,0.1464990877738587
ADAMW,328,0.08780471951098213
ADAMW,329,0.08780471951098213
ADAMW,330,0.23981698429924303
ADAMW,331,0.21987903351795307
ADAMW,332,0.16862610590798416
ADAMW,333,0.11926411951287082
ADAMW,334,0.15600798309812294
ADAMW,335,0.1660096908548896
ADAMW,336,0.082407146408841
ADAMW,337,0.12418192393389203
ADAMW,338,0.10656093699829042
ADAMW,339,0.12924130062617134
ADAMW,340,0.16938553606061088
ADAMW,341,0.1824314458057598
ADAMW,342,0.04070380023479927
ADAMW,343,0.011765258709942978
ADAMW,344,0.06130168914075722
ADAMW,345,0.1541183795537149
ADAMW,346,0.12851776712534885
ADAMW,347,0.07492916457436125
ADAMW,348,0.12808972471634755
ADAMW,349,0.15767094444730823
ADAMW,350,0.21075148417626077
ADAMW,351,0.10610681050264019
ADAMW,352,0.09710380045533618
ADAMW,353,0.09460187880376726
ADAMW,354,0.07591881850101614
ADAMW,355,0.0901385362006629
ADAMW,356,0.2468411685630093
ADAMW,357,0.27871135999986213
ADAMW,358,0.19061345385561235
ADAMW,359,0.150101710091729
ADAMW,360,0.17565488783856603
ADAMW,361,0.18579461485900695
ADAMW,362,0.17377586582196075
ADAMW,363,0.21528307305985064
ADAMW,364,0.16820169392590825
ADAMW,365,0.11093779128938992
ADAMW,366,0.09829700891078652
ADAMW,367,0.05903382433784619
ADAMW,368,0.09886349333599334
ADAMW,369,0.11194611737661618
ADAMW,370,0.18721098197186622
ADAMW,371,0.19377193232299972
ADAMW,372,0.17478046400686914
ADAMW,373,0.1513289139754772
ADAMW,374,0.14827602226817882
ADAMW,375,0.09794133631846393
ADAMW,376,0.19400107115416615
ADAMW,377,0.13649924697459231
ADAMW,378,0.08549956673937331
ADAMW,379,0.09592180352510743
ADAMW,380,0.10030106081165566
ADAMW,381,0.10330165740920366
ADAMW,382,0.13764112250274274
ADAMW,383,0.09902048317791179
ADAMW,384,0.06961132871773493
ADAMW,385,0.07299312950701937
ADAMW,386,0.14471853169552396
ADAMW,387,0.18921618711975263
ADAMW,388,0.2229926277329644
ADAMW,389,0.19215225342988834
ADAMW,390,0.19215225342988834
ADAMW,391,0.12012627696964406
ADAMW,392,0.10985595466241177
ADAMW,393,0.08098664447850597
ADAMW,394,0.09536291223141552
ADAMW,395,0.12961204638287305
ADAMW,396,0.30765410410111427
ADAMW,397,0.0964390108240024
ADAMW,398,0.0964390108240024
ADAMW,399,0.1808845657751626
ADAMW,400,0.11789452263833924
ADAMW,401,0.11789452263833924
ADAMW,402,0.11789452263833924
ADAMW,403,0.21803175455322937
ADAMW,404,0.21218830184735132
ADAMW,405,0.2096315718472645
ADAMW,406,0.08606647937115008
ADAMW,407,0.09777540159655032
ADAMW,408,0.07045527672681373
ADAMW,409,0.1436544624856066
ADAMW,410,0.17727951103510753
ADAMW,411,0.15441691842156147
ADAMW,412,0.2181410389971514
ADAMW,413,0.23411751539447406
ADAMW,414,0.11694636849604563
ADAMW,415,0.06451467687654411
ADAMW,416,0.03936831140679185
ADAMW,417,0.08183180306769654
ADAMW,418,0.11596204249022196
ADAMW,419,0.053556207637958334
ADAMW,420,0.12902997171589461
ADAMW,421,0.09783350685294281
ADAMW,422,0.11882151646145535
ADAMW,423,0.08251949217360982
ADAMW,424,0.14400268791112428
ADAMW,425,0.10838680804562131
ADAMW,426,0.2887202766553657
ADAMW,427,0.16111975430819864
ADAMW,428,0.1499836382352685
ADAMW,429,0.1898163264085606
ADAMW,430,0.25750188650364586
ADAMW,431,0.2654690988011691
ADAMW,432,0.18495212537312294
ADAMW,433,0.1754533377544262
ADAMW,434,0.0987872576745018
ADAMW,435,0.217642194154094
ADAMW,436,0.09959576706192583
ADAMW,437,0.15159763830575035
ADAMW,438,0.10729488688833916
ADAMW,439,0.18430048766681525
ADAMW,440,0.21553835263385662
ADAMW,441,0.15966850107184144
ADAMW,442,0.09793050336491624
ADAMW,443,0.09793050336491624
ADAMW,444,0.12150286693739468
ADAMW,445,0.079162564980405
ADAMW,446,0.1280560328865446
ADAMW,447,0.16065014205895767
ADAMW,448,0.18087792374818618
ADAMW,449,0.2619735864553765
ADAMW,450,0.2311498113841639
ADAMW,451,0.2300695840782609
ADAMW,452,0.2124234194624178
ADAMW,453,0.21533497215910197
ADAMW,454,0.19447934480917095
ADAMW,455,0.19447934480917095
ADAMW,456,0.1806159736540886
ADAMW,457,0.07572353234094281
ADAMW,458,0.09545971776841772
ADAMW,459,0.20900112261843878
ADAMW,460,0.26356504917955864
ADAMW,461,0.28477409605838017
ADAMW,462,0.21430345473316034
ADAMW,463,0.15460936193746305
ADAMW,464,0.12062953236548828
ADAMW,465,0.11334891668847455
ADAMW,466,0.09562683720900406
ADAMW,467,0.08794950500049283
ADAMW,468,0.0818175541019796
ADAMW,469,0.08604644884072793
ADAMW,470,0.08604644884072793
ADAMW,471,0.08516088954680348
ADAMW,472,0.15343646450159656
ADAMW,473,0.2697376867218175
ADAMW,474,0.162243145675442
ADAMW,475,0.10052504372284082
ADAMW,476,0.1595557602544937
ADAMW,477,0.08940515722440806
ADAMW,478,0.08940515722440806
ADAMW,479,0.16783110853390146
ADAMW,480,0.10550440496931592
ADAMW,481,0.10443563422462214
ADAMW,482,0.20341472019030798
ADAMW,483,0.2327726057428799
ADAMW,484,0.1459875955623636
ADAMW,485,0.11221633714315696
ADAMW,486,0.08491816289502968
ADAMW,487,0.07037175409417051
ADAMW,488,0.0652943318628198
ADAMW,489,0.10473061707076939
ADAMW,490,0.08197122743011309
ADAMW,491,0.06643631087677628
ADAMW,492,0.06884160403112578
ADAMW,493,0.1145345685090496
ADAMW,494,0.12534817672205728
ADAMW,495,0.23914087064081008
ADAMW,496,0.17986753760371654
ADAMW,497,0.10150877712819882
ADAMW,498,0.10150877712819882
ADAMW,499,0.14207255369014216
ADAMW,500,0.09856800965382892
ADAMW,501,0.1362276520551368
ADAMW,502,0.09335379253537322
ADAMW,503,0.1746842949801878
ADAMW,504,0.213605296602546
ADAMW,505,0.1957956831609329
ADAMW,506,0.11717865354663114
ADAMW,507,0.10576446087201058
ADAMW,508,0.15069702102556437
ADAMW,509,0.15069702102556437
ADAMW,510,0.15354354591396033
ADAMW,511,0.1172389846836371
ADAMW,512,0.12303227179276745
ADAMW,513,0.19505374486710508
ADAMW,514,0.2037149364814863
ADAMW,515,0.24649500349272224
ADAMW,516,0.16801107349064787
ADAMW,517,0.0929786841135476
ADAMW,518,0.07622263092309547
ADAMW,519,0.10235690573661571
ADAMW,520,0.07572862343677204
ADAMW,521,0.11644818588546986
ADAMW,522,0.21147524871502776
ADAMW,523,0.1688941795352999
ADAMW,524,0.10691518663527119
ADAMW,525,0.06117455468836911
ADAMW,526,0.07854976448949672
ADAMW,527,0.09804146762414925
ADAMW,528,0.11821971927407976
ADAMW,529,0.15693009465096014
ADAMW,530,0.07613172430367546
ADAMW,531,0.15991348310982337
ADAMW,532,0.12030797573594074
ADAMW,533,0.12029511190966467
ADAMW,534,0.026129483262346456
ADAMW,535,0.08445155888693938
ADAMW,536,0.08653893574584784
ADAMW,537,0.20107048713444253
ADAMW,538,0.1562579772998637
ADAMW,539,0.1187332209792309
ADAMW,540,0.09469211109840463
ADAMW,541,0.09469211109840463
ADAMW,542,0.1195230805112738
ADAMW,543,0.14590736303543425
ADAMW,544,0.05531239616408584
ADAMW,545,0.11040518463175245
ADAMW,546,0.10307533934850796
ADAMW,547,0.12359373786026143
ADAMW,548,0.17289281690279817
ADAMW,549,0.08774569415407701
ADAMW,550,0.21833980776899747
ADAMW,551,0.07329135699995329
ADAMW,552,0.11210025779579605
ADAMW,553,0.12182718995419592
ADAMW,554,0.1411646932088807
ADAMW,555,0.09087397845305986
ADAMW,556,0.17916919994776184
ADAMW,557,0.13841179150643776
ADAMW,558,0.12498442272094776
ADAMW,559,0.12498442272094776
ADAMW,560,0.18716183911907852
ADAMW,561,0.18205541629093797
ADAMW,562,0.18009762453630238
ADAMW,563,0.10420866835611446
ADAMW,564,0.16332911237878112
ADAMW,565,0.10032241501408874
ADAMW,566,0.09423545903977434
ADAMW,567,0.09757682827194107
ADAMW,568,0.10241943018404716
ADAMW,569,0.28381017807464315
ADAMW,570,0.2627958931604838
ADAMW,571,0.14157592102906966
ADAMW,572,0.10940434748290002
ADAMW,573,0.12201032280412161
ADAMW,574,0.15775023270947633
ADAMW,575,0.16331557277596748
ADAMW,576,0.022110952088286027
ADAMW,577,0.020346529057811674
ADAMW,578,0.04325265627536447
ADAMW,579,0.13364967489553847
ADAMW,580,0.1147534914525857
ADAMW,581,0.07353904737431442
ADAMW,582,0.1723657606160185
ADAMW,583,0.09507096205489246
ADAMW,584,0.14187551860665915
ADAMW,585,0.09551107918465312
ADAMW,586,0.10464266358221778
ADAMW,587,0.14730150271578038
ADAMW,588,0.22608691853125307
ADAMW,589,0.14691292329693112
ADAMW,590,0.13718944901984387
ADAMW,591,0.1344416095184151
ADAMW,592,0.13684673755560542
ADAMW,593,0.11316745836991127
ADAMW,594,0.1652030320862172
ADAMW,595,0.33358059381612304
ADAMW,596,0.16609065377621385
ADAMW,597,0.14323883196960574
ADAMW,598,0.1765804597770484
ADAMW,599,0.1516764897176651
ADAMW,600,0.11111138363934077
ADAMW,601,0.14727536120046142
ADAMW,602,0.11420672257560432
ADAMW,603,0.16882354411971684
ADAMW,604,0.20700639188266065
ADAMW,605,0.15519594247137147
ADAMW,606,0.20556548702399385
ADAMW,607,0.24127990805056132
ADAMW,608,0.19673218855701688
ADAMW,609,0.14403672402522222
ADAMW,610,0.1474846960926191
ADAMW,611,0.2594162818889974
ADAMW,612,0.1884810248231933
ADAMW,613,0.14247571257896377
ADAMW,614,0.2513597161196949
ADAMW,615,0.09183862141418933
ADAMW,616,0.06760107039468147
ADAMW,617,0.07348242391644122
ADAMW,618,0.07257756734208375
ADAMW,619,0.10796921971749049
ADAMW,620,0.10796921971749049
ADAMW,621,0.087120313685457
ADAMW,622,0.16179678442219203
ADAMW,623,0.1338327905444181
ADAMW,624,0.10557601071004333
ADAMW,625,0.04367266696433303
ADAMW,626,0.03611398526372964
ADAMW,627,0.10244611189335925
ADAMW,628,0.20221857087297496
ADAMW,629,0.13670784609972458
ADAMW,630,0.17263436443264374
ADAMW,631,0.1551881486979253
ADAMW,632,0.11309044679699475
ADAMW,633,0.12514955962351743
ADAMW,634,0.07118950474307725
ADAMW,635,0.10477192553838287
ADAMW,636,0.10477192553838287
ADAMW,637,0.10497430357787722
ADAMW,638,0.1741250512840643
ADAMW,639,0.1792111895190774
ADAMW,640,0.09995834595657083
ADAMW,641,0.09523731318782505
ADAMW,642,0.08786463041407211
ADAMW,643,0.12411114856721042
ADAMW,644,0.24955036220201215
ADAMW,645,0.2683464852122824
ADAMW,646,0.3269717399234906
ADAMW,647,0.08833273481674922
ADAMW,648,0.0764401202716756
ADAMW,649,0.04349933009729778
ADAMW,650,0.05827058879996674
ADAMW,651,0.1123269258003756
ADAMW,652,0.2516453960081858
ADAMW,653,0.26365973106790824
ADAMW,654,0.2416221862664178
ADAMW,655,0.22640538694270607
ADAMW,656,0.14666428384665287
ADAMW,657,0.07146799625580934
ADAMW,658,0.1344316787294586
ADAMW,659,0.09194391941014057
ADAMW,660,0.16322438488475438
ADAMW,661,0.15726740070109402
ADAMW,662,0.29917512671741536
ADAMW,663,0.44744023532792765
ADAMW,664,0.4556314272425169
ADAMW,665,0.30068650701907246
ADAMW,666,0.29016585927639266
ADAMW,667,0.2728342523480225
ADAMW,668,0.19336698318829115
ADAMW,669,0.24817268027577905
ADAMW,670,0.2593073098963026
ADAMW,671,0.1927448236673785
ADAMW,672,0.14020490477189962
ADAMW,673,0.14020490477189962
ADAMW,674,0.16919496901352363
ADAMW,675,0.281435579663329
ADAMW,676,0.17900598400457327
ADAMW,677,0.15484815921186734
ADAMW,678,0.16286410567741644
ADAMW,679,0.16259041906995644
ADAMW,680,0.08407715125350673
ADAMW,681,0.06312594380904031
ADAMW,682,0.17801029695987247
ADAMW,683,0.28835026048555357
ADAMW,684,0.39284058877795014
ADAMW,685,0.3382580905361763
ADAMW,686,0.20216907963452402
ADAMW,687,0.09201826899099003
ADAMW,688,0.09489695747089293
ADAMW,689,0.16254492633820644
ADAMW,690,0.15786582619501344
ADAMW,691,0.10589579746971126
ADAMW,692,0.11155681158948301
ADAMW,693,0.17081377810671158
ADAMW,694,0.26710734414409915
ADAMW,695,0.13578880955350003
ADAMW,696,0.1614665726322454
ADAMW,697,0.18737842654289227
ADAMW,698,0.09521143883914365
ADAMW,699,0.0707624431180552
ADAMW,700,0.0707624431180552
ADAMW,701,0.10724424808074089
ADAMW,702,0.15173226499683742
ADAMW,703,0.14207390000228645
ADAMW,704,0.1541213775089384
ADAMW,705,0.15850631704598384
ADAMW,706,0.10160434608358436
ADAMW,707,0.1522920305186328
ADAMW,708,0.14838964167715737
ADAMW,709,0.10971824419064086
ADAMW,710,0.11409376904753855
ADAMW,711,0.1633704615325649
ADAMW,712,0.2637336349579442
ADAMW,713,0.25973999347080856
ADAMW,714,0.14343184361106762
ADAMW,715,0.24684780636370257
ADAMW,716,0.22253837695846895
ADAMW,717,0.05072370507562586
ADAMW,718,0.04934741100583001
ADAMW,719,0.06486038664697052
ADAMW,720,0.12796253845377373
ADAMW,721,0.19316944740130917
ADAMW,722,0.174558280167768
ADAMW,723,0.21947049470304755
ADAMW,724,0.09871601885892271
ADAMW,725,0.05412894237172891
ADAMW,726,0.07777412704960673
ADAMW,727,0.09984886191892539
ADAMW,728,0.14392836928120908
ADAMW,729,0.15126875033604953
ADAMW,730,0.18702714260928502
ADAMW,731,0.17550545664600303
ADAMW,732,0.09425985367593687
ADAMW,733,0.16898794821903768
ADAMW,734,0.1447275033152998
ADAMW,735,0.20870665755618156
ADAMW,736,0.211412496604545
ADAMW,737,0.12310314634947876
ADAMW,738,0.09398297152623457
ADAMW,739,0.06581344376369563
ADAMW,740,0.09138492210492324
ADAMW,741,0.12541898818633274
ADAMW,742,0.16138059856062015
ADAMW,743,0.19460793866846465
ADAMW,744,0.14338506575403184
ADAMW,745,0.07995539998327977
ADAMW,746,0.0793290510866243
ADAMW,747,0.06723925605506417
ADAMW,748,0.0790082910175613
ADAMW,749,0.13685768733198056
ADAMW,750,0.18225545824444958
ADAMW,751,0.10680307236950795
ADAMW,752,0.041345842380971914
ADAMW,753,0.09854142628729677
ADAMW,754,0.1339508116555729
ADAMW,755,0.2830460118261986
ADAMW,756,0.21640906419042322
ADAMW,757,0.12529136564934562
ADAMW,758,0.11151729040718017
ADAMW,759,0.09300460585046011
ADAMW,760,0.15355068664039775
ADAMW,761,0.14537682412068118
ADAMW,762,0.2079555250976684
ADAMW,763,0.23014822978584587
ADAMW,764,0.07800466753231736
ADAMW,765,0.07800466753231736
ADAMW,766,0.11340646190190407
ADAMW,767,0.1833729092479669
ADAMW,768,0.18790114348831372
ADAMW,769,0.07612970742335468
ADAMW,770,0.07867120845960734
ADAMW,771,0.1537213089603553
ADAMW,772,0.1631181113539437
ADAMW,773,0.0873259365892656
ADAMW,774,0.17236064879408663
ADAMW,775,0.16758043396584393
ADAMW,776,0.1912033205521373
ADAMW,777,0.34453978613433955
ADAMW,778,0.14538231429103304
ADAMW,779,0.08295151745622148
ADAMW,780,0.08502789432981488
ADAMW,781,0.1278640316845212
ADAMW,782,0.13083829457554724
ADAMW,783,0.3816544959074767
ADAMW,784,0.1556827936803874
ADAMW,785,0.1300836412841398
ADAMW,786,0.11500585407666994
ADAMW,787,0.11500585407666994
ADAMW,788,0.1769940525137071
ADAMW,789,0.09219976908376684
ADAMW,790,0.11914624162649304
ADAMW,791,0.08862375572690401
ADAMW,792,0.0914988475148024
ADAMW,793,0.0914988475148024
ADAMW,794,0.07097080654312318
ADAMW,795,0.0761537779785117
ADAMW,796,0.0961895936997895
ADAMW,797,0.09336996623264998
ADAMW,798,0.0934569746030736
ADAMW,799,0.0979200347441253
ADAMW,800,0.151953699589349
ADAMW,801,0.08566434194913579
ADAMW,802,0.047116647340116745
ADAMW,803,0.08247774212213965
ADAMW,804,0.12042574720113969
ADAMW,805,0.1437411431151181
ADAMW,806,0.1440531654571452
ADAMW,807,0.15136920677094268
ADAMW,808,0.20441830698098054
ADAMW,809,0.30775970638669636
ADAMW,810,0.11263827577817807
ADAMW,811,0.0987040822821818
ADAMW,812,0.0987040822821818
ADAMW,813,0.07849155616042292
ADAMW,814,0.11984116443396972
ADAMW,815,0.16280098930806403
ADAMW,816,0.15473617344863488
ADAMW,817,0.21869077129036985
ADAMW,818,0.15342429678790115
ADAMW,819,0.16909569598771063
ADAMW,820,0.13146631454087992
ADAMW,821,0.15031373562648467
ADAMW,822,0.25760763883872595
ADAMW,823,0.2304523573337534
ADAMW,824,0.14016459030244116
ADAMW,825,0.14363985605826585
ADAMW,826,0.13607156622745947
ADAMW,827,0.06397967299477819
ADAMW,828,0.07762135126236756
ADAMW,829,0.12782175681921998
ADAMW,830,0.12039635191368897
ADAMW,831,0.15256943344699728
ADAMW,832,0.13231730310278444
ADAMW,833,0.2951537340321341
ADAMW,834,0.5634110694924781
ADAMW,835,0.30624677426624086
ADAMW,836,0.2718923424509257
ADAMW,837,0.2718923424509257
ADAMW,838,0.2822363086668125
ADAMW,839,0.19839894071031192
ADAMW,840,0.17207432615557977
ADAMW,841,0.11823617428132582
ADAMW,842,0.1401295067663271
ADAMW,843,0.2544630159299819
ADAMW,844,0.1425677868958207
ADAMW,845,0.0874866503040372
ADAMW,846,0.0863892245321483
ADAMW,847,0.11918421233510765
ADAMW,848,0.10794883762205915
ADAMW,849,0.10364042796227342
ADAMW,850,0.054657993370055113
ADAMW,851,0.037689177058659276
ADAMW,852,0.030143422758165023
ADAMW,853,0.056145678584490294
ADAMW,854,0.0826289206532509
ADAMW,855,0.03612638320299966
ADAMW,856,0.1821335886068335
ADAMW,857,0.17974564182889716
ADAMW,858,0.1581562930354558
ADAMW,859,0.1901487248715636
ADAMW,860,0.1901487248715636
ADAMW,861,0.1875064455679854
ADAMW,862,0.13402324371643567
ADAMW,863,0.07025058936519395
ADAMW,864,0.10324268344272466
ADAMW,865,0.12557083495012797
ADAMW,866,0.21343056788815312
ADAMW,867,0.14106567219675542
ADAMW,868,0.07463837978500154
ADAMW,869,0.07337266435806697
ADAMW,870,0.12376135615292772
ADAMW,871,0.21155274485723025
ADAMW,872,0.3149652851963298
ADAMW,873,0.11038938988109812
ADAMW,874,0.22609201656428662
ADAMW,875,0.11031115682382286
ADAMW,876,0.12682065728484546
ADAMW,877,0.055806963579099034
ADAMW,878,0.04408521402830337
ADAMW,879,0.0294701110229591
ADAMW,880,0.13026471562283312
ADAMW,881,0.19091481568478655
ADAMW,882,0.2403518111243233
ADAMW,883,0.20360080227340333
ADAMW,884,0.3024774916131041
ADAMW,885,0.3141456117318009
ADAMW,886,0.19480870267575365
ADAMW,887,0.16901636374935336
ADAMW,888,0.10105532832123784
ADAMW,889,0.0322572406521452
ADAMW,890,0.0344215729236121
ADAMW,891,0.052864862395132314
ADAMW,892,0.14584174403047107
ADAMW,893,0.13422305590678407
ADAMW,894,0.13888700315190491
ADAMW,895,0.11273743019434819
ADAMW,896,0.09997599848185831
ADAMW,897,0.09997599848185831
ADAMW,898,0.11978889459549705
ADAMW,899,0.2745499212462626
ADAMW,900,0.4309894719183599
ADAMW,901,0.4205391991275892
ADAMW,902,0.3040707918618391
ADAMW,903,0.1332030112643421
ADAMW,904,0.15871642112052073
ADAMW,905,0.15871642112052073
ADAMW,906,0.17736660985460695
ADAMW,907,0.2943976718004476
ADAMW,908,0.31510082330565764
ADAMW,909,0.11891417871899373
ADAMW,910,0.11539649992780293
ADAMW,911,0.10460526475372062
ADAMW,912,0.11348024315835177
ADAMW,913,0.14098017841637117
ADAMW,914,0.1615284524089043
ADAMW,915,0.15140044893401516
ADAMW,916,0.06812836031088801
ADAMW,917,0.10937589297003217
ADAMW,918,0.04808955538891828
ADAMW,919,0.0962029473642157
ADAMW,920,0.05357047024644227
ADAMW,921,0.07744085975865499
ADAMW,922,0.12149483824246096
ADAMW,923,0.10803875529050372
ADAMW,924,0.08191026363494805
ADAMW,925,0.11818125998084208
ADAMW,926,0.08165551341051724
ADAMW,927,0.10807049876475627
ADAMW,928,0.1805531322243302
ADAMW,929,0.06755650709624157
ADAMW,930,0.00930865705867806
ADAMW,931,0.00930865705867806
ADAMW,932,0.016144462514656302
ADAMW,933,0.09595662015892359
ADAMW,934,0.12875726081449335
ADAMW,935,0.17307515315590333
ADAMW,936,0.12296673727575293
ADAMW,937,0.1255267349414861
ADAMW,938,0.16210762856593766
ADAMW,939,0.06729289922221021
ADAMW,940,0.2147600044288968
ADAMW,941,0.12711440244515287
ADAMW,942,0.12612745004008427
ADAMW,943,0.20225685058661175
ADAMW,944,0.11456007484806086
ADAMW,945,0.11456007484806086
ADAMW,946,0.13541232311977333
ADAMW,947,0.07971537966303116
ADAMW,948,0.0978763265354158
ADAMW,949,0.07995731398155258
ADAMW,950,0.055482112892798294
ADAMW,951,0.07275411225101126
ADAMW,952,0.06162100679080111
ADAMW,953,0.08191322272268046
ADAMW,954,0.15838611049934778
ADAMW,955,0.36189626627063387
ADAMW,956,0.37468969669205865
ADAMW,957,0.1888283707973939
ADAMW,958,0.11449507517699777
ADAMW,959,0.051488917850216004
ADAMW,960,0.07994601425127458
ADAMW,961,0.11231466675648191
ADAMW,962,0.28555399507516654
ADAMW,963,0.19078573449233793
ADAMW,964,0.19228428809224257
ADAMW,965,0.12903317975532563
ADAMW,966,0.0834374041850266
ADAMW,967,0.11582130788073147
ADAMW,968,0.11316172081250417
ADAMW,969,0.07361199000311683
ADAMW,970,0.07560830473056254
ADAMW,971,0.1008518890441612
ADAMW,972,0.1646706390422555
ADAMW,973,0.14413327565247286
ADAMW,974,0.05434866170229634
ADAMW,975,0.23459781489683013
ADAMW,976,0.10806638655376329
ADAMW,977,0.10806638655376329
ADAMW,978,0.17669122961080488
ADAMW,979,0.27039575137754185
ADAMW,980,0.09905536001340907
ADAMW,981,0.08928956662740273
ADAMW,982,0.0948590073016115
ADAMW,983,0.04553503386308997
ADAMW,984,0.04535151638553911
ADAMW,985,0.10357569053508289
ADAMW,986,0.09643312146419766
ADAMW,987,0.03914362952716575
ADAMW,988,0.05872013133037469
ADAMW,989,0.09353589221363605
ADAMW,990,0.06267015795725141
ADAMW,991,0.103429965597065
ADAMW,992,0.15589277061478202
ADAMW,993,0.11770377312828606
ADAMW,994,0.15262655983076412
ADAMW,995,0.15285159498570203
ADAMW,996,0.08608748491967294
ADAMW,997,0.0622386651446079
ADAMW,998,0.11254707570196514
ADAMW,999,0.08099288066805652
ADAMW,1000,0.052931646644531566
ADAMW,1001,0.09110837206878822
ADAMW,1002,0.12423815937808894
ADAMW,1003,0.08894228431029522
ADAMW,1004,0.1478111184255101
ADAMW,1005,0.19386664588434577
ADAMW,1006,0.1370082446064739
ADAMW,1007,0.11470572543364294
ADAMW,1008,0.10954803811888386
ADAMW,1009,0.13535789925376157
ADAMW,1010,0.1018737082002702
ADAMW,1011,0.07628516428015727
ADAMW,1012,0.09058167269273501
ADAMW,1013,0.14221195731922714
ADAMW,1014,0.0905791479601422
ADAMW,1015,0.05044525051789005
ADAMW,1016,0.07461415894474202
ADAMW,1017,0.10378112598270478
ADAMW,1018,0.09487591669512915
ADAMW,1019,0.26807490164416636
ADAMW,1020,0.2048617457735116
ADAMW,1021,0.19786972086628268
ADAMW,1022,0.19488169018756468
ADAMW,1023,0.18313121597292975
ADAMW,1024,0.1204886089431211
ADAMW,1025,0.10862474186179671
ADAMW,1026,0.058540750892681424
ADAMW,1027,0.09944916955361971
ADAMW,1028,0.05478925894003328
ADAMW,1029,0.04974718928188364
ADAMW,1030,0.05931778082003263
ADAMW,1031,0.2095333446866049
ADAMW,1032,0.20855623681646535
ADAMW,1033,0.23395520237179013
ADAMW,1034,0.16944544187636318
ADAMW,1035,0.10524668649830861
ADAMW,1036,0.09457728799635769
ADAMW,1037,0.19348295901324683
ADAMW,1038,0.19854704216381394
ADAMW,1039,0.14951314662466894
ADAMW,1040,0.129042715897334
ADAMW,1041,0.12625750556195225
ADAMW,1042,0.11895399316308644
ADAMW,1043,0.11492622743514067
ADAMW,1044,0.119317083162022
ADAMW,1045,0.1342885281563243
ADAMW,1046,0.2518593700519285
ADAMW,1047,0.1687894001888965
ADAMW,1048,0.1316356086169408
ADAMW,1049,0.2462427189712249
ADAMW,1050,0.26899767629562155
ADAMW,1051,0.17441077678017253
ADAMW,1052,0.11781703873162082
ADAMW,1053,0.09291039874501558
ADAMW,1054,0.08648598620997633
ADAMW,1055,0.1007694267722814
ADAMW,1056,0.13756466859778077
ADAMW,1057,0.09681140579412817
ADAMW,1058,0.09877304115062013
ADAMW,1059,0.11366324181881915
ADAMW,1060,0.1207434649335778
ADAMW,1061,0.17220175952755293
ADAMW,1062,0.29562597828154336
ADAMW,1063,0.16542846474250927
ADAMW,1064,0.1061121867591922
ADAMW,1065,0.10660197604305838
ADAMW,1066,0.15325066036529547
ADAMW,1067,0.11638490141292518
ADAMW,1068,0.05897125757241119
ADAMW,1069,0.0583243581255951
ADAMW,1070,0.1780421765752122
ADAMW,1071,0.15930302236237426
ADAMW,1072,0.0967282598873678
ADAMW,1073,0.0912816105335052
ADAMW,1074,0.11930377740078493
ADAMW,1075,0.16156206398979006
ADAMW,1076,0.20870581254296666
ADAMW,1077,0.1686188442536126
ADAMW,1078,0.19260858892909613
ADAMW,1079,0.1345517642451961
ADAMW,1080,0.12482213011154421
ADAMW,1081,0.1635523752150419
ADAMW,1082,0.05401333789527846
ADAMW,1083,0.11161821269781175
ADAMW,1084,0.10804119285218122
ADAMW,1085,0.12654970849254257
ADAMW,1086,0.09749773031039341
ADAMW,1087,0.19145656836322478
ADAMW,1088,0.11810527782349971
ADAMW,1089,0.1556260938153774
ADAMW,1090,0.15364005487694946
ADAMW,1091,0.1543487336108768
ADAMW,1092,0.1422320773531881
ADAMW,1093,0.15087321791472885
ADAMW,1094,0.17845857785918787
ADAMW,1095,0.1405227872454487
ADAMW,1096,0.17154374833902564
ADAMW,1097,0.13041581334345054
ADAMW,1098,0.17004218510809682
ADAMW,1099,0.09483546388510225
ADAMW,1100,0.09137511866505901
ADAMW,1101,0.12785486507561564
ADAMW,1102,0.22900138609093385
ADAMW,1103,0.14066757933765983
ADAMW,1104,0.14066757933765983
ADAMW,1105,0.20091010426991585
ADAMW,1106,0.11296725099047841
ADAMW,1107,0.05817392258933559
ADAMW,1108,0.08406655259817272
ADAMW,1109,0.11389225723062353
ADAMW,1110,0.13164548227612588
ADAMW,1111,0.11946206102637966
ADAMW,1112,0.12375757985691344
ADAMW,1113,0.2108930392419036
ADAMW,1114,0.13688669006636317
ADAMW,1115,0.12002069363945798
ADAMW,1116,0.08841469120203584
ADAMW,1117,0.13039401323642866
ADAMW,1118,0.1817536536869419
ADAMW,1119,0.1802595005349104
ADAMW,1120,0.19682821114513951
ADAMW,1121,0.22282985415877163
ADAMW,1122,0.1801378869629521
ADAMW,1123,0.21660888050954838
ADAMW,1124,0.1283711313440929
ADAMW,1125,0.16207486208950578
ADAMW,1126,0.13705215180496078
ADAMW,1127,0.1009870521277466
ADAMW,1128,0.1009870521277466
ADAMW,1129,0.11924561944387842
ADAMW,1130,0.0897183644409777
ADAMW,1131,0.09677214277199268
ADAMW,1132,0.15131414638508806
ADAMW,1133,0.22488606385119764
ADAMW,1134,0.1321556120407297
ADAMW,1135,0.20830769113839795
ADAMW,1136,0.26551182736780815
ADAMW,1137,0.312222141858321
ADAMW,1138,0.3426212118164536
ADAMW,1139,0.32160075734227567
ADAMW,1140,0.20132713410507974
ADAMW,1141,0.14083341645563113
ADAMW,1142,0.11197224197527948
ADAMW,1143,0.19874965872772657
ADAMW,1144,0.14941872704803227
ADAMW,1145,0.016735938341675208
ADAMW,1146,0.02170409213023626
ADAMW,1147,0.040564383090391745
ADAMW,1148,0.034097502052887106
ADAMW,1149,0.07020763917232262
ADAMW,1150,0.09533132250410882
ADAMW,1151,0.1524353493772283
ADAMW,1152,0.2092712400441485
ADAMW,1153,0.20768497512751743
ADAMW,1154,0.15628423678023742
ADAMW,1155,0.15628423678023742
ADAMW,1156,0.13047039487987389
ADAMW,1157,0.11938607253656025
ADAMW,1158,0.1738838425048303
ADAMW,1159,0.2212265216111391
ADAMW,1160,0.24226634889695356
ADAMW,1161,0.18165002812283743
ADAMW,1162,0.11903737882292365
ADAMW,1163,0.1105616016104937
ADAMW,1164,0.1221450168714947
ADAMW,1165,0.12773494268732472
ADAMW,1166,0.17452814933175811
ADAMW,1167,0.15199674989664383
ADAMW,1168,0.175964370516832
ADAMW,1169,0.07800945497129566
ADAMW,1170,0.14993172710335861
ADAMW,1171,0.11343007998820528
ADAMW,1172,0.09214403938760908
ADAMW,1173,0.1023889398921513
ADAMW,1174,0.10258733532059242
ADAMW,1175,0.16451525231388936
ADAMW,1176,0.1553455335126245
ADAMW,1177,0.04870982144773896
ADAMW,1178,0.052512013033373287
ADAMW,1179,0.08313811244610204
ADAMW,1180,0.12212266015934142
ADAMW,1181,0.14955103314697066
ADAMW,1182,0.2695635850847934
ADAMW,1183,0.20742925491684125
ADAMW,1184,0.11692023935270957
ADAMW,1185,0.14643866769007297
ADAMW,1186,0.10956560540111851
ADAMW,1187,0.09636452391991265
ADAMW,1188,0.1300977756483039
ADAMW,1189,0.1322251960974637
ADAMW,1190,0.17848261400199672
ADAMW,1191,0.14323032084015316
ADAMW,1192,0.23767218185675498
ADAMW,1193,0.23482442733787673
ADAMW,1194,0.15115153357831218
ADAMW,1195,0.14612509149674607
ADAMW,1196,0.1235897254415555
ADAMW,1197,0.1841630082753967
ADAMW,1198,0.19889461924855995
ADAMW,1199,0.2707560651477713
ADAMW,1200,0.2708090494356331
ADAMW,1201,0.19042353404018109
ADAMW,1202,0.10579279152625021
ADAMW,1203,0.08145768127256281
ADAMW,1204,0.08471762832733368
ADAMW,1205,0.09156098985303751
ADAMW,1206,0.09043909511203709
ADAMW,1207,0.113802904733689
ADAMW,1208,0.10376716120926578
ADAMW,1209,0.12766003362736872
ADAMW,1210,0.20174046534109336
ADAMW,1211,0.1730877517666776
ADAMW,1212,0.12449941378067123
ADAMW,1213,0.1485105000453315
ADAMW,1214,0.10166151480157778
ADAMW,1215,0.14648220946009105
ADAMW,1216,0.13859533425745788
ADAMW,1217,0.08560640382578705
ADAMW,1218,0.07962588507917173
ADAMW,1219,0.04931113479232564
ADAMW,1220,0.09678742765179663
ADAMW,1221,0.09715211833697193
ADAMW,1222,0.10109875655208034
ADAMW,1223,0.20948218939997582
ADAMW,1224,0.27017399039074746
ADAMW,1225,0.1485321634516161
ADAMW,1226,0.16939069282770605
ADAMW,1227,0.23403154285873812
ADAMW,1228,0.406039545992769
ADAMW,1229,0.2099146735717028
ADAMW,1230,0.18595033527677463
ADAMW,1231,0.18576733129784462
ADAMW,1232,0.34314415486954036
ADAMW,1233,0.17835159739549328
ADAMW,1234,0.19176450407449558
ADAMW,1235,0.19176450407449558
ADAMW,1236,0.17757402656199164
ADAMW,1237,0.14277775660280823
ADAMW,1238,0.09740194508379504
ADAMW,1239,0.09607343094620482
ADAMW,1240,0.07736379053949227
ADAMW,1241,0.08247808171290927
ADAMW,1242,0.088883255842493
ADAMW,1243,0.16176740657681377
ADAMW,1244,0.16189137757601554
ADAMW,1245,0.15557929352276584
ADAMW,1246,0.11170695454870352
ADAMW,1247,0.13107976757896558
ADAMW,1248,0.17075051461072294
ADAMW,1249,0.1547866547188676
ADAMW,1250,0.1928128187981592
ADAMW,1251,0.12598251296470445
ADAMW,1252,0.12513679187637802
ADAMW,1253,0.05960192197542579
ADAMW,1254,0.039123559072809684
ADAMW,1255,0.0615356339294551
ADAMW,1256,0.15976517826959688
ADAMW,1257,0.1106496059998895
ADAMW,1258,0.1000884517961605
ADAMW,1259,0.2793759854634114
ADAMW,1260,0.34742945862961483
ADAMW,1261,0.07210133155477613
ADAMW,1262,0.0827873663397667
ADAMW,1263,0.10448618624186778
ADAMW,1264,0.0977339503864531
ADAMW,1265,0.08136144861191907
ADAMW,1266,0.07448820013474208
ADAMW,1267,0.22729466734986137
ADAMW,1268,0.08402480950087153
ADAMW,1269,0.04458611512337539
ADAMW,1270,0.04458611512337539
ADAMW,1271,0.04023326282775474
ADAMW,1272,0.04023326282775474
ADAMW,1273,0.08331235357833701
ADAMW,1274,0.09183491937965262
ADAMW,1275,0.10038569139953865
ADAMW,1276,0.07995851399919152
ADAMW,1277,0.058167675531119664
ADAMW,1278,0.06228422544438622
ADAMW,1279,0.0661742834849707
ADAMW,1280,0.06738386223412417
ADAMW,1281,0.15012271315733197
ADAMW,1282,0.1111761842046497
ADAMW,1283,0.10882622739686666
ADAMW,1284,0.09271139156010463
ADAMW,1285,0.1395359881675292
ADAMW,1286,0.14129876763297333
ADAMW,1287,0.2007807295403901
ADAMW,1288,0.27197243043158426
ADAMW,1289,0.10947092884715959
ADAMW,1290,0.1261956050131053
ADAMW,1291,0.058330069044964614
ADAMW,1292,0.10698999320351574
ADAMW,1293,0.022289847236860068
ADAMW,1294,0.05084933915233575
ADAMW,1295,0.09857594212279328
ADAMW,1296,0.09654246168320593
ADAMW,1297,0.06628849869921451
ADAMW,1298,0.15592347570996373
ADAMW,1299,0.10166499967005733
ADAMW,1300,0.09452786221869405
ADAMW,1301,0.09479316662829829
ADAMW,1302,0.09917611088435553
ADAMW,1303,0.11542298218919056
ADAMW,1304,0.17697935559137631
ADAMW,1305,0.2571017252846029
ADAMW,1306,0.4157404553658673
ADAMW,1307,0.269609967748368
ADAMW,1308,0.259374120003789
ADAMW,1309,0.22745111580698874
ADAMW,1310,0.14454656206077962
ADAMW,1311,0.09130117710194838
ADAMW,1312,0.048811812542648075
ADAMW,1313,0.047320291944383294
ADAMW,1314,0.11005919535208052
ADAMW,1315,0.26687288880061044
ADAMW,1316,0.11352562642360767
ADAMW,1317,0.11352562642360767
ADAMW,1318,0.14477932511254504
ADAMW,1319,0.11511386019285264
ADAMW,1320,0.1301384639653043
ADAMW,1321,0.1312265520525645
ADAMW,1322,0.14747622338048785
ADAMW,1323,0.05743077143442113
ADAMW,1324,0.05625221094821306
ADAMW,1325,0.08809409584250624
ADAMW,1326,0.10511743338800764
ADAMW,1327,0.09393488178909565
ADAMW,1328,0.12729941152472607
ADAMW,1329,0.5032413753094436
ADAMW,1330,0.26112301747635036
ADAMW,1331,0.1480616255783506
ADAMW,1332,0.1480616255783506
ADAMW,1333,0.1750827668210258
ADAMW,1334,0.24535461465684014
ADAMW,1335,0.26908725976758685
ADAMW,1336,0.286854888734958
ADAMW,1337,0.13686721435025864
ADAMW,1338,0.1159187776425849
ADAMW,1339,0.13080878438157756
ADAMW,1340,0.4743953525356566
ADAMW,1341,0.2969535909614137
ADAMW,1342,0.2969535909614137
ADAMW,1343,0.3101538471067907
ADAMW,1344,0.44577818803674946
ADAMW,1345,0.26102766184213566
ADAMW,1346,0.26240146468558395
ADAMW,1347,0.26240146468558395
ADAMW,1348,0.2836892020065921
ADAMW,1349,0.2213539485356916
ADAMW,1350,0.18662206187467684
ADAMW,1351,0.09817213986338402
ADAMW,1352,0.0676177239068399
ADAMW,1353,0.06865253108672484
ADAMW,1354,0.13763939257904367
ADAMW,1355,0.27564165152217157
ADAMW,1356,0.2578756215107292
ADAMW,1357,0.277315976286599
ADAMW,1358,0.17359995986539645
ADAMW,1359,0.135871865714918
ADAMW,1360,0.13072894138629357
ADAMW,1361,0.1303755324251079
ADAMW,1362,0.10336756250899472
ADAMW,1363,0.08835917164189343
ADAMW,1364,0.06830128656421143
ADAMW,1365,0.08736868865646419
ADAMW,1366,0.16573201289596984
ADAMW,1367,0.18461769483410823
ADAMW,1368,0.13606669208813865
ADAMW,1369,0.13606669208813865
ADAMW,1370,0.335325111154126
ADAMW,1371,0.271412692912825
ADAMW,1372,0.2122353904095547
ADAMW,1373,0.16085361064408077
ADAMW,1374,0.16668610433063077
ADAMW,1375,0.1826689497120575
ADAMW,1376,0.2234513295605587
ADAMW,1377,0.04659239451019871
ADAMW,1378,0.035951457623809566
ADAMW,1379,0.04539901362970992
ADAMW,1380,0.08396288794975847
ADAMW,1381,0.1004817091200666
ADAMW,1382,0.1283578273057302
ADAMW,1383,0.07970629452457274
ADAMW,1384,0.060297112075594336
ADAMW,1385,0.05873923105798793
ADAMW,1386,0.05873923105798793
ADAMW,1387,0.12091090675811975
ADAMW,1388,0.44842424866822506
ADAMW,1389,0.3130090236266826
ADAMW,1390,0.2961076649043556
ADAMW,1391,0.3286041747826593
ADAMW,1392,0.1256406115101802
ADAMW,1393,0.12328501708102141
ADAMW,1394,0.15378070220564893
ADAMW,1395,0.11340509115413
ADAMW,1396,0.11422823776089759
ADAMW,1397,0.13650905806769464
ADAMW,1398,0.141303764757119
ADAMW,1399,0.13327126323506677
ADAMW,1400,0.21679485570829682
ADAMW,1401,0.20401655552333514
ADAMW,1402,0.32444101182216584
ADAMW,1403,0.4685005056362018
ADAMW,1404,0.6007567021561682
ADAMW,1405,0.22922388715929376
ADAMW,1406,0.20729350786944808
ADAMW,1407,0.18378170047529194
ADAMW,1408,0.25455324010092173
ADAMW,1409,0.17026223037758784
ADAMW,1410,0.19108686594816215
ADAMW,1411,0.14498794179849603
ADAMW,1412,0.1464319242781626
ADAMW,1413,0.11628205926441815
ADAMW,1414,0.09460600806274383
ADAMW,1415,0.1534612521791015
ADAMW,1416,0.2588618351039657
ADAMW,1417,0.28118274376581065
ADAMW,1418,0.18077917883524197
ADAMW,1419,0.1484016036252638
ADAMW,1420,0.13108589911730412
ADAMW,1421,0.1070598875337348
ADAMW,1422,0.10476722737814789
ADAMW,1423,0.1841621961123105
ADAMW,1424,0.17264231971329425
ADAMW,1425,0.12228164794482199
ADAMW,1426,0.12508089376684617
ADAMW,1427,0.1421671987676032
ADAMW,1428,0.17490467740758636
ADAMW,1429,0.2702589510407607
ADAMW,1430,0.27868398959779245
ADAMW,1431,0.34527547221529403
ADAMW,1432,0.2728899673897125
ADAMW,1433,0.020767660739311158
ADAMW,1434,0.020767660739311158
ADAMW,1435,0.1589133286421732
ADAMW,1436,0.2002145145947587
ADAMW,1437,0.20088790669947093
ADAMW,1438,0.2663362970187404
ADAMW,1439,0.25801879346939716
ADAMW,1440,0.25801879346939716
ADAMW,1441,0.16993398089482004
ADAMW,1442,0.16993398089482004
ADAMW,1443,0.2679863330477784
ADAMW,1444,0.26634099691809426
ADAMW,1445,0.21775861757847054
ADAMW,1446,0.21775861757847054
ADAMW,1447,0.3109617811850255
ADAMW,1448,0.20244563481320454
ADAMW,1449,0.144183010968709
ADAMW,1450,0.14306922017530177
ADAMW,1451,0.08822843829911366
ADAMW,1452,0.050233057685883195
ADAMW,1453,0.04806171125811242
ADAMW,1454,0.07713838769326092
ADAMW,1455,0.09980502413391754
ADAMW,1456,0.09295538359677388
ADAMW,1457,0.13716734476410114
ADAMW,1458,0.21244706804517835
ADAMW,1459,0.17887411703397602
ADAMW,1460,0.12563840905671037
ADAMW,1461,0.2582929151910247
ADAMW,1462,0.14681384748819237
ADAMW,1463,0.14124751640343738
ADAMW,1464,0.14886824185333797
ADAMW,1465,0.1346243950269569
ADAMW,1466,0.26063505553281635
ADAMW,1467,0.17036105210707742
ADAMW,1468,0.10865040607544695
ADAMW,1469,0.03447019163775883
ADAMW,1470,0.12957639251245584
ADAMW,1471,0.15760159515300307
ADAMW,1472,0.14047234914930273
ADAMW,1473,0.08895895953375946
ADAMW,1474,0.07896600539454925
ADAMW,1475,0.08143835587261856
ADAMW,1476,0.0636655917734337
ADAMW,1477,0.06841592301846149
ADAMW,1478,0.059644169453973564
ADAMW,1479,0.14186812935823306
ADAMW,1480,0.279687806553589
ADAMW,1481,0.3132559802633354
ADAMW,1482,0.3564207466974275
ADAMW,1483,0.17881721191432526
ADAMW,1484,0.19554138790518244
ADAMW,1485,0.19532757565479403
ADAMW,1486,0.10675365921699805
ADAMW,1487,0.0841156364252656
ADAMW,1488,0.11165579099774708
ADAMW,1489,0.11135442298907308
ADAMW,1490,0.24154199474664795
ADAMW,1491,0.13178737186292386
ADAMW,1492,0.06759069958713235
ADAMW,1493,0.0697432300807736
ADAMW,1494,0.11682019165172389
ADAMW,1495,0.2594033146927695
ADAMW,1496,0.13142528597121952
ADAMW,1497,0.12381739636443294
ADAMW,1498,0.12381739636443294
ADAMW,1499,0.2744674394225292
ADAMW,1500,0.2641826806696317
ADAMW,1501,0.2093105238944888
ADAMW,1502,0.19016082215508445
ADAMW,1503,0.2678130118423526
ADAMW,1504,0.32480852816143885
ADAMW,1505,0.19246405371158004
ADAMW,1506,0.17568282893167914
ADAMW,1507,0.2164124874854053
ADAMW,1508,0.1499750630120819
ADAMW,1509,0.09438219801968076
ADAMW,1510,0.11739587332959764
ADAMW,1511,0.1920276709642662
ADAMW,1512,0.20934096960740817
ADAMW,1513,0.20767714473580784
ADAMW,1514,0.16250905973506188
ADAMW,1515,0.17167165215106706
ADAMW,1516,0.054852453071630294
ADAMW,1517,0.07667193693091647
ADAMW,1518,0.14789822203067013
ADAMW,1519,0.11218618859454349
ADAMW,1520,0.18275161182676114
ADAMW,1521,0.17184393993753885
ADAMW,1522,0.17902894177655324
ADAMW,1523,0.25025267203617735
ADAMW,1524,0.20431846089399544
ADAMW,1525,0.13370925433890837
ADAMW,1526,0.1962663845712375
ADAMW,1527,0.16747876848712506
ADAMW,1528,0.19577457915222093
ADAMW,1529,0.24724895322614565
ADAMW,1530,0.16647581101651351
ADAMW,1531,0.17090317927907706
ADAMW,1532,0.2563506383722302
ADAMW,1533,0.22627164633110847
ADAMW,1534,0.12480769310828277
ADAMW,1535,0.09891201920812692
ADAMW,1536,0.08757852111707837
ADAMW,1537,0.13283671007911518
ADAMW,1538,0.2966337561189227
ADAMW,1539,0.23267330364178984
ADAMW,1540,0.12335658003104957
ADAMW,1541,0.07996796661918164
ADAMW,1542,0.08801385343302205
ADAMW,1543,0.1493466984044564
ADAMW,1544,0.25499375260604396
ADAMW,1545,0.1748640677486985
ADAMW,1546,0.09443027850178425
ADAMW,1547,0.09606206338677303
ADAMW,1548,0.1275802370093952
ADAMW,1549,0.27021606759585814
ADAMW,1550,0.45169144514382786
ADAMW,1551,0.14272080880867075
ADAMW,1552,0.14272080880867075
ADAMW,1553,0.12453771445614324
ADAMW,1554,0.12439663236521523
ADAMW,1555,0.1271486637682488
ADAMW,1556,0.2062869624893794
ADAMW,1557,0.277461492754774
ADAMW,1558,0.3034305627736141
ADAMW,1559,0.27448080615087467
ADAMW,1560,0.20893489436015797
ADAMW,1561,0.20296649901058944
ADAMW,1562,0.2521809822868764
ADAMW,1563,0.24565910478152725
ADAMW,1564,0.27283084142158404
ADAMW,1565,0.1288063095414903
ADAMW,1566,0.1288063095414903
ADAMW,1567,0.25226301123216927
ADAMW,1568,0.2697861099045751
ADAMW,1569,0.18610162682432416
ADAMW,1570,0.14569441746768858
ADAMW,1571,0.1773177765020892
ADAMW,1572,0.094097576335124
ADAMW,1573,0.16107024688634558
ADAMW,1574,0.07437286511199329
ADAMW,1575,0.07805305894907456
ADAMW,1576,0.0675166091264141
ADAMW,1577,0.17210050659355552
ADAMW,1578,0.1269076417143749
ADAMW,1579,0.15722876767939215
ADAMW,1580,0.17980723436348517
ADAMW,1581,0.201781071199622
ADAMW,1582,0.13201164787769332
ADAMW,1583,0.07258979290616496
ADAMW,1584,0.026262312755956096
ADAMW,1585,0.06450313571344704
ADAMW,1586,0.1795188484662797
ADAMW,1587,0.4302092855252544
ADAMW,1588,0.20563432606215937
ADAMW,1589,0.12340612940732182
ADAMW,1590,0.12340612940732182
ADAMW,1591,0.11014580748726233
ADAMW,1592,0.09649983634795686
ADAMW,1593,0.1895484470191388
ADAMW,1594,0.25698437845960875
ADAMW,1595,0.28714703905970684
ADAMW,1596,0.22799891522051874
ADAMW,1597,0.22799891522051874
ADAMW,1598,0.2767254778241872
ADAMW,1599,0.155334726444365
ADAMW,1600,0.12235468458614038
ADAMW,1601,0.12235468458614038
ADAMW,1602,0.22135093601069736
ADAMW,1603,0.34025029326017564
ADAMW,1604,0.251145246194037
ADAMW,1605,0.26066719418411294
ADAMW,1606,0.20208866019147675
ADAMW,1607,0.13194067152062608
ADAMW,1608,0.08516918355994105
ADAMW,1609,0.06567558206853366
ADAMW,1610,0.06567558206853366
ADAMW,1611,0.1349312219492727
ADAMW,1612,0.31278988167163885
ADAMW,1613,0.18752104421885996
ADAMW,1614,0.24886389790052235
ADAMW,1615,0.24180980287063997
ADAMW,1616,0.4495872328141931
ADAMW,1617,0.6667656580924309
ADAMW,1618,0.63506951660468
ADAMW,1619,0.4702086934917963
ADAMW,1620,0.34080484793073973
ADAMW,1621,0.4899449519071333
ADAMW,1622,0.4111720691652284
ADAMW,1623,0.2885000443778424
ADAMW,1624,0.2387406173536481
ADAMW,1625,0.15786742264630593
ADAMW,1626,0.16165483467359928
ADAMW,1627,0.185912193851476
ADAMW,1628,0.2752235315342324
ADAMW,1629,0.1961073323155212
ADAMW,1630,0.16253926025372345
ADAMW,1631,0.14086994524605717
ADAMW,1632,0.2177839940148053
ADAMW,1633,0.1687850074748135
ADAMW,1634,0.12511221974906842
ADAMW,1635,0.1119159138513466
ADAMW,1636,0.11924405584007886
ADAMW,1637,0.19332887552162542
ADAMW,1638,0.13218175136193588
ADAMW,1639,0.09252680791338211
ADAMW,1640,0.1491288664209484
ADAMW,1641,0.16831969659620238
ADAMW,1642,0.11228207398874601
ADAMW,1643,0.08932947981285028
ADAMW,1644,0.15471135028597924
ADAMW,1645,0.15109826585561875
ADAMW,1646,0.1836753498228717
ADAMW,1647,0.2433083229401442
ADAMW,1648,0.208060673370073
ADAMW,1649,0.21743011235241644
ADAMW,1650,0.14916640199082695
ADAMW,1651,0.14181369599206275
ADAMW,1652,0.09548026327904216
ADAMW,1653,0.06860841196766918
ADAMW,1654,0.06360195245734318
ADAMW,1655,0.08480094221989523
ADAMW,1656,0.14555368095873064
ADAMW,1657,0.1500033420979594
ADAMW,1658,0.14090002350068517
ADAMW,1659,0.1610655034319473
ADAMW,1660,0.2529711457683075
ADAMW,1661,0.40193846380637194
ADAMW,1662,0.3090224984576643
ADAMW,1663,0.3090224984576643
ADAMW,1664,0.26875083464572014
ADAMW,1665,0.15526242821008013
ADAMW,1666,0.17218942378797278
ADAMW,1667,0.12631027971405767
ADAMW,1668,0.12504027318422467
ADAMW,1669,0.11582943387146534
ADAMW,1670,0.15154524899483982
ADAMW,1671,0.17088026630941594
ADAMW,1672,0.1661292575917194
ADAMW,1673,0.17746759150631936
ADAMW,1674,0.10068750231064888
ADAMW,1675,0.08914338420539308
ADAMW,1676,0.08788954572037475
ADAMW,1677,0.12501187681601356
ADAMW,1678,0.06350767201928789
ADAMW,1679,0.110390484836938
ADAMW,1680,0.18767980419132113
ADAMW,1681,0.1293607834767414
ADAMW,1682,0.1504261281774918
ADAMW,1683,0.15309872247441036
ADAMW,1684,0.21727085702423193
ADAMW,1685,0.1906673450604816
ADAMW,1686,0.1721979493798998
ADAMW,1687,0.2553190953214683
ADAMW,1688,0.22263115781905887
ADAMW,1689,0.14100988356679886
ADAMW,1690,0.14069658638482097
ADAMW,1691,0.16345480835341347
ADAMW,1692,0.15316956404084692
ADAMW,1693,0.17862417657726648
ADAMW,1694,0.11257640108642816
ADAMW,1695,0.24562079772425344
ADAMW,1696,0.2580541760709718
ADAMW,1697,0.2972374628733191
ADAMW,1698,0.1187123113495965
ADAMW,1699,0.1160424688322889
ADAMW,1700,0.11540616703204473
ADAMW,1701,0.0630370719221382
ADAMW,1702,0.0581023547639994
ADAMW,1703,0.07638346591731492
ADAMW,1704,0.09145832603154425
ADAMW,1705,0.1080765510683745
ADAMW,1706,0.10679732682245903
ADAMW,1707,0.10817225229280339
ADAMW,1708,0.12043256649088696
ADAMW,1709,0.16581606180039116
ADAMW,1710,0.1264132499661469
ADAMW,1711,0.12898152211983285
ADAMW,1712,0.09367580112026191
ADAMW,1713,0.16150892328158117
ADAMW,1714,0.16150892328158117
ADAMW,1715,0.18793324878982692
ADAMW,1716,0.18678884393009904
ADAMW,1717,0.2713423252141752
ADAMW,1718,0.13738304406086982
ADAMW,1719,0.23490434054217707
ADAMW,1720,0.2321007016370623
ADAMW,1721,0.18629976281758526
ADAMW,1722,0.16136714370096192
ADAMW,1723,0.16190045240847672
ADAMW,1724,0.18152784531801688
ADAMW,1725,0.11806764499172917
ADAMW,1726,0.14859139349166606
ADAMW,1727,0.21843346991150805
ADAMW,1728,0.15501177820475837
ADAMW,1729,0.21020062380565932
ADAMW,1730,0.14403142337513541
ADAMW,1731,0.0883323554643714
ADAMW,1732,0.07684805231919381
ADAMW,1733,0.13321668032448802
ADAMW,1734,0.11235206901357514
ADAMW,1735,0.10262851921867072
ADAMW,1736,0.11356524344788776
ADAMW,1737,0.1978228364920888
ADAMW,1738,0.26461894999340557
ADAMW,1739,0.17323363587145102
ADAMW,1740,0.18758478405793708
ADAMW,1741,0.16061238446119752
ADAMW,1742,0.15861190497445699
ADAMW,1743,0.17831055632617032
ADAMW,1744,0.15549109650693435
ADAMW,1745,0.23227697177071865
ADAMW,1746,0.15164657590590275
ADAMW,1747,0.0697678351722211
ADAMW,1748,0.07776327711807861
ADAMW,1749,0.11223609546979418
ADAMW,1750,0.20419883783530507
ADAMW,1751,0.1846319229903051
ADAMW,1752,0.27369270236236826
ADAMW,1753,0.27234744591690124
ADAMW,1754,0.1031124148570638
ADAMW,1755,0.10188571955560988
ADAMW,1756,0.10058882955523213
ADAMW,1757,0.08898379296902613
ADAMW,1758,0.09260362386747122
ADAMW,1759,0.09323917800212318
ADAMW,1760,0.11231713207460835
ADAMW,1761,0.12654449445489385
ADAMW,1762,0.1707186306636952
ADAMW,1763,0.17345926122835145
ADAMW,1764,0.209086135072791
ADAMW,1765,0.15146627877872718
ADAMW,1766,0.20426102675323543
ADAMW,1767,0.16978401928425893
ADAMW,1768,0.16591112003969966
ADAMW,1769,0.1475931356000117
ADAMW,1770,0.14143931605240737
ADAMW,1771,0.048079516652078824
ADAMW,1772,0.11054860766390916
ADAMW,1773,0.21406901778166632
ADAMW,1774,0.1600830786086012
ADAMW,1775,0.08310125246458945
ADAMW,1776,0.06861943307602784
ADAMW,1777,0.10266287532615209
ADAMW,1778,0.12875353165214626
ADAMW,1779,0.17757215462371745
ADAMW,1780,0.13860906716463603
ADAMW,1781,0.16093209017890006
ADAMW,1782,0.1276676874036745
ADAMW,1783,0.14740342468068007
ADAMW,1784,0.06258586424178972
ADAMW,1785,0.04968742242524412
ADAMW,1786,0.062192160126380375
ADAMW,1787,0.17806057433565373
ADAMW,1788,0.21066300275668506
ADAMW,1789,0.18064845485798803
ADAMW,1790,0.11030914889450044
ADAMW,1791,0.11986777198688166
ADAMW,1792,0.13598270237685184
ADAMW,1793,0.13242641187486875
ADAMW,1794,0.17870872852203248
ADAMW,1795,0.2695348433010363
MILO,5,1.0
MILO,6,0.8315158831357838
MILO,7,0.48180923026700906
MILO,8,0.5371414572203013
MILO,9,0.3991982288317998
MILO,10,0.31000726666651346
MILO,11,0.30744984601181863
MILO,12,0.17989432347034956
MILO,13,0.07883722802000667
MILO,14,0.07478007014711141
MILO,15,0.045096244051497106
MILO,16,0.045559085770903854
MILO,17,0.045197399258213145
MILO,18,0.06557129433821715
MILO,19,0.1772620483606082
MILO,20,0.06440469043080999
MILO,21,0.039645716024247685
MILO,22,0.034281845157047575
MILO,23,0.06901277335309239
MILO,24,0.05023682579765315
MILO,25,0.06680352014431987
MILO,26,0.05504124988574813
MILO,27,0.04890243206443118
MILO,28,0.08273755546993117
MILO,29,0.1038265613568933
MILO,30,0.1111104461856918
MILO,31,0.13529889640031276
MILO,32,0.09374506948523859
MILO,33,0.04507916145174236
MILO,34,0.061870852406856205
MILO,35,0.05420870677296581
MILO,36,0.06878588975321108
MILO,37,0.06728985027539232
MILO,38,0.14049043235654696
MILO,39,0.0876578481998739
MILO,40,0.0710039859172133
MILO,41,0.06987645127563477
MILO,42,0.11442128920984163
MILO,43,0.05758072017098616
MILO,44,0.03843899624690114
MILO,45,0.049204551778062586
MILO,46,0.06956005497568468
MILO,47,0.10989993782182776
MILO,48,0.0836112491777968
MILO,49,0.05016177243156443
MILO,50,0.03266590347428
MILO,51,0.042074222172011747
MILO,52,0.06822296173195232
MILO,53,0.05627812941316156
MILO,54,0.06007991845492469
MILO,55,0.08660924485552268
MILO,56,0.056085996735502075
MILO,57,0.09012777926878451
MILO,58,0.07204231290718835
MILO,59,0.07506795922827687
MILO,60,0.02690011295766124
MILO,61,0.014399100493888081
MILO,62,0.06711567786716305
MILO,63,0.04653134506170079
MILO,64,0.08348346308311208
MILO,65,0.09232236478807006
MILO,66,0.044834963290661875
MILO,67,0.10013673437164217
MILO,68,0.07698845171319256
MILO,69,0.06617581055791089
MILO,70,0.05790916558393766
MILO,71,0.0489793127465922
MILO,72,0.03148110379943887
MILO,73,0.030648508310374294
MILO,74,0.06495183310485633
MILO,75,0.09013471501772753
MILO,76,0.07088700009850454
MILO,77,0.0499678152569553
MILO,78,0.056010640389605224
MILO,79,0.03340809786008704
MILO,80,0.03574293807621565
MILO,81,0.029033095285034147
MILO,82,0.061929968478549785
MILO,83,0.07940036667785105
MILO,84,0.06833581152676103
MILO,85,0.06980069995985141
MILO,86,0.09332604144755764
MILO,87,0.08907030075101055
MILO,88,0.07502080013244275
MILO,89,0.0458902944872508
MILO,90,0.10627071919504186
MILO,91,0.0520488515132772
MILO,92,0.1163384774330365
MILO,93,0.09311677646565623
MILO,94,0.04170353365210381
MILO,95,0.03519634286700159
MILO,96,0.049306548919704235
MILO,97,0.017262922236495167
MILO,98,0.04608656561861118
MILO,99,0.05407916147573358
MILO,100,0.06652098539031831
MILO,101,0.0812259269116473
MILO,102,0.05763970736851211
MILO,103,0.06726886335219864
MILO,104,0.09181399626491624
MILO,105,0.08763727933593041
MILO,106,0.11280879856993802
MILO,107,0.13420045886591744
MILO,108,0.057449883700780864
MILO,109,0.08907274302946065
MILO,110,0.08401201239595071
MILO,111,0.04703975771772918
MILO,112,0.07159348988900072
MILO,113,0.04095827377656044
MILO,114,0.023782378131176563
MILO,115,0.034484312227501604
MILO,116,0.12206374685578447
MILO,117,0.09597631981412588
MILO,118,0.09152145359107819
MILO,119,0.12079958196791236
MILO,120,0.08717324274761784
MILO,121,0.06473850627026623
MILO,122,0.07310030993678367
MILO,123,0.08804347199147318
MILO,124,0.03688063211905658
MILO,125,0.10619255853688822
MILO,126,0.11649999767244168
MILO,127,0.05137833959026104
MILO,128,0.053089601777566234
MILO,129,0.07995805662590932
MILO,130,0.0642524278266495
MILO,131,0.07073922492645673
MILO,132,0.12934889722663995
MILO,133,0.1417561433928062
MILO,134,0.08223477130633336
MILO,135,0.08514932208999573
MILO,136,0.07210978386421857
MILO,137,0.022310974217624867
MILO,138,0.02704439826357531
MILO,139,0.02964312237929006
MILO,140,0.02507158384905911
MILO,141,0.022164512270855696
MILO,142,0.029896675479242088
MILO,143,0.035943334889743606
MILO,144,0.08729086588243462
MILO,145,0.0529257003638097
MILO,146,0.07663786278395382
MILO,147,0.09060384441547081
MILO,148,0.0836829892748128
MILO,149,0.1143020723275962
MILO,150,0.05187144843650425
MILO,151,0.029618646322208203
MILO,152,0.02488646996315187
MILO,153,0.02488646996315187
MILO,154,0.02488646996315187
MILO,155,0.057479966985721276
MILO,156,0.06349263149601397
MILO,157,0.0723084039954651
MILO,158,0.07844586390423379
MILO,159,0.04321322389897912
MILO,160,0.03896475959517528
MILO,161,0.06329751303869122
MILO,162,0.0532233103533985
MILO,163,0.05578395197195017
MILO,164,0.1477936780701825
MILO,165,0.09830636314505867
MILO,166,0.1006986910529182
MILO,167,0.05587888394027163
MILO,168,0.042906170543229
MILO,169,0.03747446927970284
MILO,170,0.033327792252333344
MILO,171,0.017723212819460075
MILO,172,0.017896758554562818
MILO,173,0.03870925693280071
MILO,174,0.038170602848763016
MILO,175,0.060524662275773314
MILO,176,0.08119234254629051
MILO,177,0.08993101799875226
MILO,178,0.09469045160240785
MILO,179,0.042449450849248345
MILO,180,0.06746613693461063
MILO,181,0.06965461222884252
MILO,182,0.06274041234876489
MILO,183,0.043575688484192035
MILO,184,0.04853809673818037
MILO,185,0.048117758448041614
MILO,186,0.04855098029302313
MILO,187,0.036467732549812865
MILO,188,0.05050195682799213
MILO,189,0.04747736048795863
MILO,190,0.06687702582971743
MILO,191,0.06486968371714609
MILO,192,0.0999459253411898
MILO,193,0.072474149685534
MILO,194,0.05070875594068806
MILO,195,0.1214507475195949
MILO,196,0.1660800247934118
MILO,197,0.06056844892809303
MILO,198,0.08477943161091897
MILO,199,0.061741914647222645
MILO,200,0.03648783780847903
MILO,201,0.03969511888584085
MILO,202,0.049544044729252446
MILO,203,0.03999208353968678
MILO,204,0.0586644652095049
MILO,205,0.04948687374714926
MILO,206,0.08277102385979512
MILO,207,0.09693048401866902
MILO,208,0.06338875059870226
MILO,209,0.06643935334118636
MILO,210,0.05681043116113331
MILO,211,0.11564802780554631
MILO,212,0.032063691726899594
MILO,213,0.12088021406254351
MILO,214,0.07326067873424125
MILO,215,0.09576394461905516
MILO,216,0.10347609473966125
MILO,217,0.09824726677601625
MILO,218,0.10665208869113695
MILO,219,0.09299066560022484
MILO,220,0.06617182940678558
MILO,221,0.08008240676964674
MILO,222,0.0779279064190621
MILO,223,0.03130915042959168
MILO,224,0.030562741058578535
MILO,225,0.03721846920155858
MILO,226,0.15353131334489792
MILO,227,0.08298380985481606
MILO,228,0.08269245497524125
MILO,229,0.05291986544478753
MILO,230,0.03722012127166714
MILO,231,0.04545279248974533
MILO,232,0.037688300632394305
MILO,233,0.08266225147108838
MILO,234,0.08539761820359695
MILO,235,0.15106484056807298
MILO,236,0.13592292179573703
MILO,237,0.1124270543209397
MILO,238,0.13415828260049184
MILO,239,0.08426100835477002
MILO,240,0.08377732634848625
MILO,241,0.05909896715506591
MILO,242,0.05909896715506591
MILO,243,0.05864261920147338
MILO,244,0.053551636226860606
MILO,245,0.07932624643263392
MILO,246,0.08597299243790471
MILO,247,0.06269589718978918
MILO,248,0.08203972883856096
MILO,249,0.04670593795926855
MILO,250,0.035182215357501885
MILO,251,0.05416109628103248
MILO,252,0.031310265225079445
MILO,253,0.030013430064835048
MILO,254,0.056516133314121225
MILO,255,0.058395044304685825
MILO,256,0.05904957397738773
MILO,257,0.05397838513143119
MILO,258,0.034095076963453805
MILO,259,0.050794398557156575
MILO,260,0.07488774881602478
MILO,261,0.0661351762586535
MILO,262,0.060819209662362636
MILO,263,0.08823701417984049
MILO,264,0.10129736599487621
MILO,265,0.122256647762303
MILO,266,0.030664645530091413
MILO,267,0.14803541580574922
MILO,268,0.09006036845874543
MILO,269,0.08827096673294124
MILO,270,0.09537062728796844
MILO,271,0.10028955199431547
MILO,272,0.07078317363269057
MILO,273,0.09151714625341814
MILO,274,0.08329076006039726
MILO,275,0.021634092021557118
MILO,276,0.05279852037922729
MILO,277,0.11247932412826422
MILO,278,0.09474219979603422
MILO,279,0.11120121317817812
MILO,280,0.06493534246327713
MILO,281,0.06594085388810679
MILO,282,0.08149615926042994
MILO,283,0.06647817266238076
MILO,284,0.03399062916448813
MILO,285,0.11756893177019603
MILO,286,0.06881239169727768
MILO,287,0.09913691969153539
MILO,288,0.0890862723984811
MILO,289,0.049831974524443975
MILO,290,0.04132424226647215
MILO,291,0.04132424226647215
MILO,292,0.03460167216235242
MILO,293,0.061908710453363845
MILO,294,0.08956021929664969
MILO,295,0.09157943112780968
MILO,296,0.10385294165958021
MILO,297,0.08904670027401873
MILO,298,0.10838646640709457
MILO,299,0.03297635687509585
MILO,300,0.06004487709075723
MILO,301,0.053354080358446715
MILO,302,0.05059924821155542
MILO,303,0.06495079999159899
MILO,304,0.084653572072552
MILO,305,0.08653447821966265
MILO,306,0.09313970116794598
MILO,307,0.072753825179726
MILO,308,0.04994151624786032
MILO,309,0.04987994547677018
MILO,310,0.0469453624580569
MILO,311,0.048887021314900865
MILO,312,0.0811505902232662
MILO,313,0.07169764208665946
MILO,314,0.061612473831552834
MILO,315,0.06287665985958237
MILO,316,0.02911629925004755
MILO,317,0.03694038155344735
MILO,318,0.06447377918985497
MILO,319,0.059619469532008355
MILO,320,0.07872728216142615
MILO,321,0.10158535077458239
MILO,322,0.08022002773287554
MILO,323,0.09057999217206465
MILO,324,0.10063193171685547
MILO,325,0.0899280373084288
MILO,326,0.08969111226575892
MILO,327,0.08028945524593913
MILO,328,0.08424485177822569
MILO,329,0.08456293117898253
MILO,330,0.0492515930294949
MILO,331,0.03217642240662709
MILO,332,0.023240447684173472
MILO,333,0.031313167014673356
MILO,334,0.03788360020466178
MILO,335,0.042983193043881145
MILO,336,0.03990510750858618
MILO,337,0.060429469844267794
MILO,338,0.09227234439595627
MILO,339,0.07040728992666039
MILO,340,0.06708255346329728
MILO,341,0.11437806157702143
MILO,342,0.07011760794466124
MILO,343,0.04271950285975472
MILO,344,0.042236516310750594
MILO,345,0.03852100760458182
MILO,346,0.029783639667697936
MILO,347,0.0478638428886569
MILO,348,0.028106647980343978
MILO,349,0.030386167849208008
MILO,350,0.05868063431561664
MILO,351,0.07901921117466576
MILO,352,0.1134940229001909
MILO,353,0.1158858384563119
MILO,354,0.03691915756576438
MILO,355,0.07665046363210622
MILO,356,0.09733477117001274
MILO,357,0.07804410076568356
MILO,358,0.08520837559917704
MILO,359,0.09515072913819254
MILO,360,0.11988313601817906
MILO,361,0.06324986931517342
MILO,362,0.047277062069371545
MILO,363,0.05213855591763565
MILO,364,0.028852065484606164
MILO,365,0.03938785093590175
MILO,366,0.06461780974116466
MILO,367,0.07671605673151857
MILO,368,0.07533003180203054
MILO,369,0.06527961730840404
MILO,370,0.043346553518892134
MILO,371,0.10452818693275336
MILO,372,0.08398313503226655
MILO,373,0.08864020303084616
MILO,374,0.06473109539909756
MILO,375,0.1138055158100849
MILO,376,0.032826156650501336
MILO,377,0.04658011169366883
MILO,378,0.035113086288661215
MILO,379,0.08533302978171031
MILO,380,0.029705302960380004
MILO,381,0.06719652832831348
MILO,382,0.05406895091516887
MILO,383,0.0732273407330698
MILO,384,0.06049541952088418
MILO,385,0.07089912037528999
MILO,386,0.07244592028726475
MILO,387,0.07506264231575116
MILO,388,0.11923411504615267
MILO,389,0.08199459582292683
MILO,390,0.06599442284847078
MILO,391,0.06957063627379136
MILO,392,0.06011642306494813
MILO,393,0.03897672478225958
MILO,394,0.04080605106030591
MILO,395,0.057467174881148206
MILO,396,0.043266189738287865
MILO,397,0.05524670271444168
MILO,398,0.07981726910609557
MILO,399,0.05827534204641985
MILO,400,0.045405508342988427
MILO,401,0.06639746419325482
MILO,402,0.0680929193090543
MILO,403,0.05473381140836483
MILO,404,0.08818302512979355
MILO,405,0.06379320181675958
MILO,406,0.08442547516683095
MILO,407,0.05125107065395673
MILO,408,0.061740694515329764
MILO,409,0.07491598038417199
MILO,410,0.10895085647473327
MILO,411,0.07996648680247627
MILO,412,0.04040187911330969
MILO,413,0.09115796257719035
MILO,414,0.04455748452284695
MILO,415,0.02825472508225902
MILO,416,0.056004780470246554
MILO,417,0.0846298756502353
MILO,418,0.09455149972024857
MILO,419,0.05781260812731579
MILO,420,0.04682132401514788
MILO,421,0.11550563950561206
MILO,422,0.07252788022626214
MILO,423,0.070860077072978
MILO,424,0.05406598306828754
MILO,425,0.11409826719552497
MILO,426,0.0865910982489427
MILO,427,0.08344462609212253
MILO,428,0.09247267761942066
MILO,429,0.10028975195854205
MILO,430,0.1078420574368445
MILO,431,0.08038961292535232
MILO,432,0.07787695910726906
MILO,433,0.0934985663732611
MILO,434,0.07236634282864554
MILO,435,0.0732705581720635
MILO,436,0.04697805281875078
MILO,437,0.0778396814129594
MILO,438,0.038936969154321904
MILO,439,0.06290906529951615
MILO,440,0.08445072731189232
MILO,441,0.08375679024116944
MILO,442,0.08375679024116944
MILO,443,0.0781918853164593
MILO,444,0.04093139424692096
MILO,445,0.09083013022532249
MILO,446,0.07951223384095821
MILO,447,0.05395944965436383
MILO,448,0.03343040404649774
MILO,449,0.02828748666407334
MILO,450,0.034295686337436196
MILO,451,0.047458835142413724
MILO,452,0.056425185921498325
MILO,453,0.05432909706441513
MILO,454,0.06368448219005263
MILO,455,0.07898794355765357
MILO,456,0.10321981186698101
MILO,457,0.07730283433400939
MILO,458,0.05321868158079923
MILO,459,0.06556670499476028
MILO,460,0.04901042539299001
MILO,461,0.06964668914377485
MILO,462,0.05635877502222262
MILO,463,0.12390926688068964
MILO,464,0.10781566472402582
MILO,465,0.076698065549931
MILO,466,0.049720243076743414
MILO,467,0.11614325374610063
MILO,468,0.06904094392450488
MILO,469,0.1364880083703935
MILO,470,0.0981392878644669
MILO,471,0.15808105386972282
MILO,472,0.11195606376922745
MILO,473,0.05202820005519419
MILO,474,0.058429522522477725
MILO,475,0.09857963000864187
MILO,476,0.11530201675916121
MILO,477,0.024049573772207185
MILO,478,0.015190844384759842
MILO,479,0.05526182447275309
MILO,480,0.09148097249477391
MILO,481,0.04628452572306764
MILO,482,0.0341804631639427
MILO,483,0.07858176040229765
MILO,484,0.11431123259124504
MILO,485,0.06607699791491352
MILO,486,0.057870016662096596
MILO,487,0.029998253084768597
MILO,488,0.016258852513517247
MILO,489,0.01798556039119685
MILO,490,0.11866340038596832
MILO,491,0.08961120695095115
MILO,492,0.09201684609122271
MILO,493,0.09012510519023564
MILO,494,0.08858445173206982
MILO,495,0.10482063544945268
MILO,496,0.1024321171579795
MILO,497,0.12616362053573457
MILO,498,0.12616362053573457
MILO,499,0.11288790890306082
MILO,500,0.10168720017011329
MILO,501,0.18772693472549817
MILO,502,0.181556258129825
MILO,503,0.14016039324476948
MILO,504,0.10712342436238581
MILO,505,0.10712342436238581
MILO,506,0.06527995759569984
MILO,507,0.09557366998362483
MILO,508,0.09544640315805156
MILO,509,0.05762620839894238
MILO,510,0.04694639192301171
MILO,511,0.051805278874708385
MILO,512,0.05315907861387906
MILO,513,0.07680526658366195
MILO,514,0.14052924173244882
MILO,515,0.1510672040397492
MILO,516,0.10157077398034366
MILO,517,0.11768891910134377
MILO,518,0.0961670518774482
MILO,519,0.07864535397379682
MILO,520,0.06864633149788613
MILO,521,0.04304261259335586
MILO,522,0.04304261259335586
MILO,523,0.056509791329542064
MILO,524,0.06533484978913359
MILO,525,0.09022509098263104
MILO,526,0.06603454814451855
MILO,527,0.06603454814451855
MILO,528,0.026787171217253977
MILO,529,0.10107873684798709
MILO,530,0.03899838433179639
MILO,531,0.06143860157629147
MILO,532,0.07616757121319095
MILO,533,0.08012475411747431
MILO,534,0.09314678431759449
MILO,535,0.09360016188568633
MILO,536,0.046823740197696535
MILO,537,0.04883636194952565
MILO,538,0.04635126070536384
MILO,539,0.05210421460756231
MILO,540,0.06964464637129936
MILO,541,0.08921773306487757
MILO,542,0.055336001792811146
MILO,543,0.05449808342533162
MILO,544,0.058582548880075025
MILO,545,0.09287887258281735
MILO,546,0.06517954541623355
MILO,547,0.08382890875951687
MILO,548,0.09893619062026185
MILO,549,0.07152000639877117
MILO,550,0.07522499614169609
MILO,551,0.04553707163495697
MILO,552,0.07296280548909015
MILO,553,0.10019121754436791
MILO,554,0.0633720647839281
MILO,555,0.08127040030469505
MILO,556,0.05427832558342317
MILO,557,0.06323355285484694
MILO,558,0.08840813749812232
MILO,559,0.05884255786843539
MILO,560,0.14970873387984934
MILO,561,0.1373164022272315
MILO,562,0.11991076069714415
MILO,563,0.06781622731549905
MILO,564,0.06707279867071562
MILO,565,0.038493368396757814
MILO,566,0.0354624760873466
MILO,567,0.04935983959832903
MILO,568,0.10356551563980382
MILO,569,0.10492937765528476
MILO,570,0.07467585773232711
MILO,571,0.2056906102026972
MILO,572,0.09861068803952773
MILO,573,0.09330676724101047
MILO,574,0.05854745315645786
MILO,575,0.13456080983030716
MILO,576,0.07646107973729131
MILO,577,0.0266343934398227
MILO,578,0.0728457116935475
MILO,579,0.04941133052081775
MILO,580,0.043489908263577196
MILO,581,0.043171087555861264
MILO,582,0.061366430994997744
MILO,583,0.06841281564414425
MILO,584,0.031491760433997866
MILO,585,0.030135323001743403
MILO,586,0.04299410918098115
MILO,587,0.03748859831858288
MILO,588,0.08374032110660108
MILO,589,0.08476043856156018
MILO,590,0.15041634442111232
MILO,591,0.04962272808050763
MILO,592,0.04416972099850462
MILO,593,0.04370410886749746
MILO,594,0.038764260522399195
MILO,595,0.042024019656761454
MILO,596,0.03683044656931331
MILO,597,0.0383962426558318
MILO,598,0.052961303845158104
MILO,599,0.039343293187553315
MILO,600,0.04064884751198162
MILO,601,0.04039569614432989
MILO,602,0.0561839429655704
MILO,603,0.06899308351658393
MILO,604,0.053329899718163376
MILO,605,0.03476743349946819
MILO,606,0.03476743349946819
MILO,607,0.06777094927764289
MILO,608,0.1633621544484316
MILO,609,0.170774356609381
MILO,610,0.1243283249997444
MILO,611,0.0909490333718207
MILO,612,0.06512081999785774
MILO,613,0.0723868195829849
MILO,614,0.05812534732730197
MILO,615,0.04951120245173108
MILO,616,0.04669146381914194
MILO,617,0.06996783887103758
MILO,618,0.05096445996772268
MILO,619,0.04190807678152958
MILO,620,0.05484230124289402
MILO,621,0.07107771120901239
MILO,622,0.08397454450004033
MILO,623,0.03764101733363553
MILO,624,0.0483147252021216
MILO,625,0.12673733723821565
MILO,626,0.08306805466236021
MILO,627,0.011216024606909005
MILO,628,0.011216024606909005
MILO,629,0.04409581921361169
MILO,630,0.11542399975056902
MILO,631,0.14757471337322203
MILO,632,0.14315403532787518
MILO,633,0.1756499381275212
MILO,634,0.14543887436717234
MILO,635,0.13029252269927882
MILO,636,0.07185351381813984
MILO,637,0.05673458970105762
MILO,638,0.08654900775629462
MILO,639,0.08651786467542869
MILO,640,0.05731827964113299
MILO,641,0.0687547441314427
MILO,642,0.10031885171892138
MILO,643,0.17560724321631394
MILO,644,0.07462638491589557
MILO,645,0.1879538931835681
MILO,646,0.15205587564110784
MILO,647,0.10294183976749896
MILO,648,0.08902940961809358
MILO,649,0.07558605327723525
MILO,650,0.04294396349584558
MILO,651,0.04954565711117317
MILO,652,0.06383881746058856
MILO,653,0.08344953505543892
MILO,654,0.09844979741440946
MILO,655,0.09594614694250977
MILO,656,0.10637667115480337
MILO,657,0.05534407878824777
MILO,658,0.05139116724042332
MILO,659,0.04257570739599784
MILO,660,0.04890305442458427
MILO,661,0.08021484683646138
MILO,662,0.09685947109130051
MILO,663,0.09282847620935339
MILO,664,0.09761833493832013
MILO,665,0.08694923161959418
MILO,666,0.0921682471305745
MILO,667,0.055411955741216636
MILO,668,0.05554964100063073
MILO,669,0.1035064429383974
MILO,670,0.04547301003158605
MILO,671,0.04547301003158605
MILO,672,0.04788174974924476
MILO,673,0.15380855750470754
MILO,674,0.05759829483044106
MILO,675,0.05759829483044106
MILO,676,0.07713699034576316
MILO,677,0.07921654737930545
MILO,678,0.1072143041807562
MILO,679,0.0884137760382463
MILO,680,0.08245925531370842
MILO,681,0.10356634044974516
MILO,682,0.10257540867507287
MILO,683,0.04615647878978242
MILO,684,0.04402146627660709
MILO,685,0.04466075870965684
MILO,686,0.05214791055632282
MILO,687,0.07121219208775863
MILO,688,0.05920103889404467
MILO,689,0.07305637384749923
MILO,690,0.05515388192912539
MILO,691,0.07106260491322891
MILO,692,0.07243043124359336
MILO,693,0.09758552075544397
MILO,694,0.09758552075544397
MILO,695,0.14214711670808988
MILO,696,0.10023638105996906
MILO,697,0.12180460996287679
MILO,698,0.09967801608272722
MILO,699,0.10060168388567346
MILO,700,0.022306217271619494
MILO,701,0.06312479692553208
MILO,702,0.0341107107079548
MILO,703,0.022994634739118027
MILO,704,0.05009568680446615
MILO,705,0.082527567368269
MILO,706,0.10408079836290518
MILO,707,0.13216880450113572
MILO,708,0.0717718706496494
MILO,709,0.05495162028786801
MILO,710,0.043064339226961616
MILO,711,0.05244563209118938
MILO,712,0.06793644270191329
MILO,713,0.06905606145593202
MILO,714,0.05397435512578087
MILO,715,0.0608769316527155
MILO,716,0.06636095628374114
MILO,717,0.08342037628733358
MILO,718,0.05154464567539622
MILO,719,0.0656466311175693
MILO,720,0.045160467303632754
MILO,721,0.045160467303632754
MILO,722,0.060745326190331295
MILO,723,0.14047348867906098
MILO,724,0.12873726319047607
MILO,725,0.05239538128859126
MILO,726,0.05208945590375964
MILO,727,0.045717352263894985
MILO,728,0.05686835359709762
MILO,729,0.073040492919848
MILO,730,0.04267046657307636
MILO,731,0.09488139700528553
MILO,732,0.10999592272513181
MILO,733,0.07112731134786608
MILO,734,0.09318782155420947
MILO,735,0.10168391125974777
MILO,736,0.056710486848123354
MILO,737,0.055946430246231554
MILO,738,0.04411491604706095
MILO,739,0.04809170561317953
MILO,740,0.0662139749946209
MILO,741,0.07851790205372713
MILO,742,0.021219181311382576
MILO,743,0.09112820362373651
MILO,744,0.09660468584430054
MILO,745,0.11389580176807584
MILO,746,0.0750860046478658
MILO,747,0.07123231680957859
MILO,748,0.060657324859455075
MILO,749,0.04677475799009989
MILO,750,0.05903113223912399
MILO,751,0.16397735360923116
MILO,752,0.1338076366952509
MILO,753,0.127671970553253
MILO,754,0.127671970553253
MILO,755,0.127671970553253
MILO,756,0.14963103093429797
MILO,757,0.13605821249316308
MILO,758,0.1220777861542417
MILO,759,0.12257981005205161
MILO,760,0.11400928551800756
MILO,761,0.10291917295434962
MILO,762,0.08867446304705152
MILO,763,0.09447700930082288
MILO,764,0.13587521525595234
MILO,765,0.10097283246364777
MILO,766,0.11578152101058993
MILO,767,0.01668403682647438
MILO,768,0.13421982186879947
MILO,769,0.04114414369070359
MILO,770,0.04114414369070359
MILO,771,0.046618256697317256
MILO,772,0.032251689415271026
MILO,773,0.11212839336382144
MILO,774,0.05729282729601652
MILO,775,0.07002943397216041
MILO,776,0.06333301122683827
MILO,777,0.07300525500613975
MILO,778,0.06510570796426957
MILO,779,0.05975302209978791
MILO,780,0.04301948080157662
MILO,781,0.04763679013303063
MILO,782,0.04210726447435679
MILO,783,0.03489770565120977
MILO,784,0.047141478299130776
MILO,785,0.04734366383390294
MILO,786,0.04248830199454205
MILO,787,0.0988327646564883
MILO,788,0.08572151345012252
MILO,789,0.09727837098566985
MILO,790,0.09536648059663795
MILO,791,0.07454777658995963
MILO,792,0.08863260722549192
MILO,793,0.10119281350835543
MILO,794,0.11687584783767666
MILO,795,0.0926818558897077
MILO,796,0.17221488363384063
MILO,797,0.10692146426217833
MILO,798,0.09806449299380679
MILO,799,0.09806449299380679
MILO,800,0.14952725374179338
MILO,801,0.060060156969284184
MILO,802,0.06433879620790484
MILO,803,0.0958472102416511
MILO,804,0.09542975561385844
MILO,805,0.10892126900509862
MILO,806,0.1556963098676659
MILO,807,0.054685893303467986
MILO,808,0.16335175669587665
MILO,809,0.10221671439972223
MILO,810,0.10224623637920044
MILO,811,0.15188783179518225
MILO,812,0.06809370585571883
MILO,813,0.04947641961794937
MILO,814,0.005907024820337731
MILO,815,0.04647629733989564
MILO,816,0.026190876549741848
MILO,817,0.05830250423069021
MILO,818,0.05273031077748259
MILO,819,0.06691053913776611
MILO,820,0.04675753016753883
MILO,821,0.058503291205593055
MILO,822,0.07255434036066098
MILO,823,0.07903824719535896
MILO,824,0.05976739921256625
MILO,825,0.0906208848541106
MILO,826,0.1457988121363366
MILO,827,0.09779967862678296
MILO,828,0.16956896093238213
MILO,829,0.1074397996772862
MILO,830,0.09660472261204218
MILO,831,0.1310280958878549
MILO,832,0.14092339495845527
MILO,833,0.08434363311597226
MILO,834,0.05561741979381375
MILO,835,0.08306877697322694
MILO,836,0.06776888414770266
MILO,837,0.11143583615157747
MILO,838,0.12075022536986998
MILO,839,0.109024429653727
MILO,840,0.08360060676540139
MILO,841,0.07560797101598342
MILO,842,0.09413440528719647
MILO,843,0.07651523248076446
MILO,844,0.0769834916940425
MILO,845,0.11369236280140088
MILO,846,0.10289467412999945
MILO,847,0.0934215955347156
MILO,848,0.11228615351954721
MILO,849,0.10486500395413484
MILO,850,0.026724186623807926
MILO,851,0.12167435550584402
MILO,852,0.12180648771444519
MILO,853,0.09970259523752859
MILO,854,0.06875858757460274
MILO,855,0.11846316602946383
MILO,856,0.07066755386107401
MILO,857,0.10394773781406419
MILO,858,0.0864502872963946
MILO,859,0.10366580616740372
MILO,860,0.04779510469073082
MILO,861,0.10379233424364546
MILO,862,0.15482800433290952
MILO,863,0.037005474653173456
MILO,864,0.05150394226752133
MILO,865,0.0808875034374716
MILO,866,0.04382499439618713
MILO,867,0.03165198265116455
MILO,868,0.021268564881181604
MILO,869,0.03955825984753897
MILO,870,0.03110944360477743
MILO,871,0.06262092800403966
MILO,872,0.0803774936343706
MILO,873,0.12534559567455972
MILO,874,0.15878037651480936
MILO,875,0.08512554326935083
MILO,876,0.06216315502474075
MILO,877,0.0758105917494657
MILO,878,0.027397235989288282
MILO,879,0.05915020536317315
MILO,880,0.06392990681353758
MILO,881,0.07088428484509732
MILO,882,0.07203185788346805
MILO,883,0.0755212195447698
MILO,884,0.13095605288273177
MILO,885,0.06079522698619291
MILO,886,0.0556303481238304
MILO,887,0.14434404732399767
MILO,888,0.14823687594611998
MILO,889,0.12591161359100897
MILO,890,0.18184150392328263
MILO,891,0.15332739493766095
MILO,892,0.16151944593275036
MILO,893,0.0348520540377823
MILO,894,0.03462226329747084
MILO,895,0.050287786958705345
MILO,896,0.042367508290923034
MILO,897,0.04218259078766538
MILO,898,0.04341892244746041
MILO,899,0.03908434422304423
MILO,900,0.10408503515721004
MILO,901,0.09285747868560089
MILO,902,0.0668043121349679
MILO,903,0.06452120336988845
MILO,904,0.07728219859674655
MILO,905,0.044920634279954574
MILO,906,0.06084028642048815
MILO,907,0.08248017304260159
MILO,908,0.054641610398422163
MILO,909,0.06768807064066265
MILO,910,0.09119463275624748
MILO,911,0.10520265293037234
MILO,912,0.08642393097772377
MILO,913,0.09319908314372198
MILO,914,0.11332342790202016
MILO,915,0.14289042693383824
MILO,916,0.12226849983984836
MILO,917,0.12355577431109527
MILO,918,0.12355577431109527
MILO,919,0.07000331059031453
MILO,920,0.03736810728932744
MILO,921,0.0661559232974967
MILO,922,0.07837732405407133
MILO,923,0.10635769454891697
MILO,924,0.08595279082365376
MILO,925,0.08371685447580976
MILO,926,0.07606727141655398
MILO,927,0.046050287612777595
MILO,928,0.05670641627570631
MILO,929,0.058346291773946665
MILO,930,0.051118267715884555
MILO,931,0.08168520856864178
MILO,932,0.07637341773726618
MILO,933,0.06243084246235399
MILO,934,0.06491335665455053
MILO,935,0.07783692658010427
MILO,936,0.1127193412060806
MILO,937,0.09753818766821348
MILO,938,0.11701928069898021
MILO,939,0.11582394808380528
MILO,940,0.09566082717485166
MILO,941,0.05690541627051874
MILO,942,0.09065693050732332
MILO,943,0.10843184168938812
MILO,944,0.06925613063693173
MILO,945,0.06925613063693173
MILO,946,0.08613501306714584
MILO,947,0.12952730476663926
MILO,948,0.18801999979950854
MILO,949,0.14050024812516487
MILO,950,0.14670475514074804
MILO,951,0.17077628606218598
MILO,952,0.15513346937317452
MILO,953,0.11793698415326742
MILO,954,0.0922346014624656
MILO,955,0.10942073300200908
MILO,956,0.06842457309288874
MILO,957,0.05365459611706431
MILO,958,0.06833817438084001
MILO,959,0.06833817438084001
MILO,960,0.056536095031773564
MILO,961,0.11530254422030578
MILO,962,0.05326496307941439
MILO,963,0.04383568109944079
MILO,964,0.10745230125083169
MILO,965,0.02681098794024533
MILO,966,0.028934256795268978
MILO,967,0.14416876662119746
MILO,968,0.11859333226847846
MILO,969,0.11232056991532566
MILO,970,0.11218306127697998
MILO,971,0.10723615058355179
MILO,972,0.1080295804654548
MILO,973,0.19293659778440655
MILO,974,0.13864588706209097
MILO,975,0.1659589505743208
MILO,976,0.2122232928616418
MILO,977,0.06427113571623322
MILO,978,0.1081737215330273
MILO,979,0.038789549638424
MILO,980,0.03526466445172061
MILO,981,0.06908611428562314
MILO,982,0.1388131815672955
MILO,983,0.08801173036922535
MILO,984,0.06385564184603358
MILO,985,0.07363815169140905
MILO,986,0.03520933851184893
MILO,987,0.08183679418947545
MILO,988,0.1368599351812001
MILO,989,0.09210836153122125
MILO,990,0.15920751200801792
MILO,991,0.040212943602657376
MILO,992,0.041104137075251304
MILO,993,0.052993338430582425
MILO,994,0.054498725370901606
MILO,995,0.04647273784798715
MILO,996,0.08411347852687351
MILO,997,0.09822506589640728
MILO,998,0.09131779755004993
MILO,999,0.10782105775813554
MILO,1000,0.17817581905725133
MILO,1001,0.1672505107069362
MILO,1002,0.18228822195735037
MILO,1003,0.12132757104674555
MILO,1004,0.09863594895149617
MILO,1005,0.12351896363876048
MILO,1006,0.07933485941607238
MILO,1007,0.09199031926515519
MILO,1008,0.05479482188428057
MILO,1009,0.10934527328983266
MILO,1010,0.07048552230792374
MILO,1011,0.0808317592709661
MILO,1012,0.07512406233611335
MILO,1013,0.07741039623005426
MILO,1014,0.07741039623005426
MILO,1015,0.08123432082442032
MILO,1016,0.08697196376482957
MILO,1017,0.08316548770552369
MILO,1018,0.08316548770552369
MILO,1019,0.13798777711531157
MILO,1020,0.14535156493150125
MILO,1021,0.10401242056003196
MILO,1022,0.06957625310151012
MILO,1023,0.11062449693313561
MILO,1024,0.08077540087589931
MILO,1025,0.1373650734759167
MILO,1026,0.11674974698758092
MILO,1027,0.10521752227061679
MILO,1028,0.08670598587075876
MILO,1029,0.0704079224924567
MILO,1030,0.06516716964535665
MILO,1031,0.05552603061365635
MILO,1032,0.051145279000419125
MILO,1033,0.08930168592233728
MILO,1034,0.10171023217614521
MILO,1035,0.04608182320451172
MILO,1036,0.04711856917862536
MILO,1037,0.07625569743364924
MILO,1038,0.04516587492961195
MILO,1039,0.052746177015323865
MILO,1040,0.06664851949184775
MILO,1041,0.1673294934786346
MILO,1042,0.0998634030770491
MILO,1043,0.12261397255897025
MILO,1044,0.09102251498376845
MILO,1045,0.08449079212013691
MILO,1046,0.11347022776279107
MILO,1047,0.15532161240770848
MILO,1048,0.09570579597690335
MILO,1049,0.1592653899858416
MILO,1050,0.12131913618617851
MILO,1051,0.1445493922472479
MILO,1052,0.08990761143112139
MILO,1053,0.06528024290087105
MILO,1054,0.12184250508233427
MILO,1055,0.1349314518680354
MILO,1056,0.10874116033037164
MILO,1057,0.11199473890865738
MILO,1058,0.026409717064869533
MILO,1059,0.02470933637755071
MILO,1060,0.04107716656651984
MILO,1061,0.04282050578903007
MILO,1062,0.030823074439931833
MILO,1063,0.12575476885746964
MILO,1064,0.1607327002283459
MILO,1065,0.04239225141331866
MILO,1066,0.13619090146273566
MILO,1067,0.1464085638117529
MILO,1068,0.13128645674296818
MILO,1069,0.13113173413557755
MILO,1070,0.10419588337568884
MILO,1071,0.0581970506272971
MILO,1072,0.06986470052408442
MILO,1073,0.05371089452102369
MILO,1074,0.04596874528525429
MILO,1075,0.023002691766144636
MILO,1076,0.06716808504538155
MILO,1077,0.07947600322749404
MILO,1078,0.07897951561005292
MILO,1079,0.06598571841735174
MILO,1080,0.07110136348787433
MILO,1081,0.11403086311117759
MILO,1082,0.1035076205264257
MILO,1083,0.10067226956291328
MILO,1084,0.08366361185654667
MILO,1085,0.08442873371225612
MILO,1086,0.07419152519154962
MILO,1087,0.06891011897912859
MILO,1088,0.06891011897912859
MILO,1089,0.09515820074776235
MILO,1090,0.08993939215092689
MILO,1091,0.08850784286754285
MILO,1092,0.11969883011433605
MILO,1093,0.10235679161268577
MILO,1094,0.1296308069338194
MILO,1095,0.11115692596518613
MILO,1096,0.1052205418028225
MILO,1097,0.09022726924266927
MILO,1098,0.08662687465246158
MILO,1099,0.07406784888768447
MILO,1100,0.07909304305131193
MILO,1101,0.048555742700576124
MILO,1102,0.05383990683999089
MILO,1103,0.087392991303194
MILO,1104,0.041838094786018715
MILO,1105,0.041367636647620026
MILO,1106,0.04205254655627896
MILO,1107,0.0822893763320538
MILO,1108,0.11026203330024636
MILO,1109,0.06483190093402677
MILO,1110,0.06859040463634752
MILO,1111,0.08783664382258835
MILO,1112,0.08783664382258835
MILO,1113,0.08280654652840988
MILO,1114,0.07201049740299778
MILO,1115,0.15160013263138505
MILO,1116,0.11334334897889359
MILO,1117,0.10048936517305038
MILO,1118,0.0734313753554876
MILO,1119,0.04853474565568865
MILO,1120,0.04295841616515848
MILO,1121,0.0935445083039679
MILO,1122,0.20078914775783552
MILO,1123,0.17059718291423107
MILO,1124,0.18632657036217243
MILO,1125,0.13277893428931747
MILO,1126,0.0444662349088939
MILO,1127,0.043868906179588905
MILO,1128,0.0882137546192303
MILO,1129,0.07587416907305414
MILO,1130,0.06602824074832618
MILO,1131,0.10056411550711347
MILO,1132,0.054671437472954956
MILO,1133,0.05650339592772524
MILO,1134,0.07987167954318643
MILO,1135,0.11670906411099846
MILO,1136,0.16103957937292698
MILO,1137,0.10496192429486773
MILO,1138,0.07577062935554363
MILO,1139,0.08758329652192254
MILO,1140,0.05886921086907356
MILO,1141,0.05719048792353566
MILO,1142,0.04619795454718918
MILO,1143,0.06053229296228392
MILO,1144,0.04650988106849517
MILO,1145,0.04194673671916893
MILO,1146,0.10707607919876373
MILO,1147,0.11162481982417004
MILO,1148,0.15064209462296696
MILO,1149,0.11571361940740915
MILO,1150,0.0915550316652294
MILO,1151,0.09370593297741053
MILO,1152,0.1070120449212634
MILO,1153,0.09730833028599947
MILO,1154,0.051611939655940436
MILO,1155,0.051611939655940436
MILO,1156,0.07642168124250362
MILO,1157,0.09821320594366237
MILO,1158,0.10311271304621981
MILO,1159,0.0815625293783015
MILO,1160,0.20110489398738765
MILO,1161,0.20314524789177735
MILO,1162,0.065953911327298
MILO,1163,0.10252306860445742
MILO,1164,0.05520808530543697
MILO,1165,0.041751385845193036
MILO,1166,0.06815234268785977
MILO,1167,0.13539298245873926
MILO,1168,0.19744109850622768
MILO,1169,0.07797698261306799
MILO,1170,0.07797698261306799
MILO,1171,0.05607276317403227
MILO,1172,0.0756120391994101
MILO,1173,0.052154382672266346
MILO,1174,0.1499042938380333
MILO,1175,0.11697236881689292
MILO,1176,0.119788450398221
MILO,1177,0.11225313641265813
MILO,1178,0.0872070451975815
MILO,1179,0.0611491808299566
MILO,1180,0.03715103020080983
MILO,1181,0.06272995043341349
MILO,1182,0.06771788006717029
MILO,1183,0.0497945737517947
MILO,1184,0.037461986783673476
MILO,1185,0.0631496756821295
MILO,1186,0.06221050425923475
MILO,1187,0.09247995227322386
MILO,1188,0.1504840220601815
MILO,1189,0.16405318886540815
MILO,1190,0.14926427455301358
MILO,1191,0.12547179139003473
MILO,1192,0.14251193268235077
MILO,1193,0.10839235660524774
MILO,1194,0.0893111742448285
MILO,1195,0.10278681486380825
MILO,1196,0.10517692639894922
MILO,1197,0.06810218681781965
MILO,1198,0.08334582520221118
MILO,1199,0.09275991892484024
MILO,1200,0.08334582520221118
MILO,1201,0.1775331272649277
MILO,1202,0.1636599217069836
MILO,1203,0.1830465196889306
MILO,1204,0.07176788872275348
MILO,1205,0.09959959334911489
MILO,1206,0.13230366222407236
MILO,1207,0.15761107416354575
MILO,1208,0.0917279177507985
MILO,1209,0.12707939013231023
MILO,1210,0.08449985253792491
MILO,1211,0.061738706069080586
MILO,1212,0.06830690784733698
MILO,1213,0.17027407038697454
MILO,1214,0.16036054569146865
MILO,1215,0.13278057281649042
MILO,1216,0.13278057281649042
MILO,1217,0.11069624390565783
MILO,1218,0.06860788176573934
MILO,1219,0.0702477609133669
MILO,1220,0.11977732243113597
MILO,1221,0.09061814772150095
MILO,1222,0.1261233504436518
MILO,1223,0.16304719016332095
MILO,1224,0.12540469723996392
MILO,1225,0.16003076686298784
MILO,1226,0.15716000610394731
MILO,1227,0.14741180726922007
MILO,1228,0.10234714108135848
MILO,1229,0.05485178728522735
MILO,1230,0.05680921926808782
MILO,1231,0.10671229941716039
MILO,1232,0.15314709311002572
MILO,1233,0.11466493031725336
MILO,1234,0.10274932119460053
MILO,1235,0.054931793910971916
MILO,1236,0.05143232411469537
MILO,1237,0.06827443688684164
MILO,1238,0.12268433689578145
MILO,1239,0.1448489610440335
MILO,1240,0.1448489610440335
MILO,1241,0.15026654280636292
MILO,1242,0.17957249530172223
MILO,1243,0.19459009556081558
MILO,1244,0.10413150271756554
MILO,1245,0.22660887582279393
MILO,1246,0.06642568820555703
MILO,1247,0.03771626056451029
MILO,1248,0.057537400354134155
MILO,1249,0.09805021356247083
MILO,1250,0.04052189264643688
MILO,1251,0.10645337480997416
MILO,1252,0.04633767802693217
MILO,1253,0.0689059752601813
MILO,1254,0.11317391797927953
MILO,1255,0.13763134040346456
MILO,1256,0.06443663272615685
MILO,1257,0.05964325004726294
MILO,1258,0.08247651503834154
MILO,1259,0.07200218499786487
MILO,1260,0.05170806854446245
MILO,1261,0.06758113442151856
MILO,1262,0.08684153395658697
MILO,1263,0.09546716925661662
MILO,1264,0.11666139599138083
MILO,1265,0.14413633287749408
MILO,1266,0.11064853883693648
MILO,1267,0.1813898168876186
MILO,1268,0.160847171935668
MILO,1269,0.13620569978035618
MILO,1270,0.17229818494937554
MILO,1271,0.12631975232758355
MILO,1272,0.08274922491358785
MILO,1273,0.07413843833614141
MILO,1274,0.10582160295955652
MILO,1275,0.11625922669445043
MILO,1276,0.14468218911773123
MILO,1277,0.14079701587840535
MILO,1278,0.12760545801257306
MILO,1279,0.1523690357414323
MILO,1280,0.17340172918347008
MILO,1281,0.11123478173040308
MILO,1282,0.10022582958642279
MILO,1283,0.07881878153300426
MILO,1284,0.057988320754520095
MILO,1285,0.06260514784817245
MILO,1286,0.048833613112641346
MILO,1287,0.07968016216812117
MILO,1288,0.12351905647393835
MILO,1289,0.144934326940001
MILO,1290,0.0927020561563229
MILO,1291,0.09496781653025127
MILO,1292,0.20225041392452775
MILO,1293,0.13611941191137936
MILO,1294,0.12614234717896
MILO,1295,0.13791109154351391
MILO,1296,0.10822032044595245
MILO,1297,0.11602526008554738
MILO,1298,0.09026433038624641
MILO,1299,0.12232793476632114
MILO,1300,0.170674625282894
MILO,1301,0.054010368239867775
MILO,1302,0.14626678774062
MILO,1303,0.1579749980775764
MILO,1304,0.08896859619175082
MILO,1305,0.11598414567895475
MILO,1306,0.0652205192775989
MILO,1307,0.1099037579099775
MILO,1308,0.12793723773905458
MILO,1309,0.1138132484128988
MILO,1310,0.07184824198369867
MILO,1311,0.07331276256723449
MILO,1312,0.06371950736914157
MILO,1313,0.06370734182980875
MILO,1314,0.0615959080272485
MILO,1315,0.058811823292934676
MILO,1316,0.022732338006738642
MILO,1317,0.022732338006738642
MILO,1318,0.06815512955042537
MILO,1319,0.097608447175802
MILO,1320,0.09465389202362917
MILO,1321,0.14098762066376258
MILO,1322,0.12058899872677528
MILO,1323,0.14697205679124134
MILO,1324,0.23382701952031554
MILO,1325,0.10848131089507099
MILO,1326,0.05144857177929884
MILO,1327,0.05566100905024694
MILO,1328,0.028024682276061922
MILO,1329,0.02958689284582
MILO,1330,0.08924498767428159
MILO,1331,0.12048655425872452
MILO,1332,0.13986742853156997
MILO,1333,0.09252741361526329
MILO,1334,0.12288268314125106
MILO,1335,0.0892756239130343
MILO,1336,0.061922028437786915
MILO,1337,0.09036104149704387
MILO,1338,0.07793975172085471
MILO,1339,0.051805850902552034
MILO,1340,0.05160753494480965
MILO,1341,0.11728389568693842
MILO,1342,0.1351306872347481
MILO,1343,0.08507399639888234
MILO,1344,0.034461446983690115
MILO,1345,0.04960086498701307
MILO,1346,0.04960086498701307
MILO,1347,0.06413195057270572
MILO,1348,0.03799869321528121
MILO,1349,0.10638816468113
MILO,1350,0.11300438172582333
MILO,1351,0.12058891917952178
MILO,1352,0.09000535229588641
MILO,1353,0.12639058476613432
MILO,1354,0.14012785932526584
MILO,1355,0.11079264478297886
MILO,1356,0.1331571663452532
MILO,1357,0.1849761782736547
MILO,1358,0.17311887871335185
MILO,1359,0.12017797680263352
MILO,1360,0.13232803705300583
MILO,1361,0.1255292900457584
MILO,1362,0.15377263645590736
MILO,1363,0.16506494997835963
MILO,1364,0.06172937871484012
MILO,1365,0.0929737019630963
MILO,1366,0.09869544597259143
MILO,1367,0.06526949551140546
MILO,1368,0.08830631564642685
MILO,1369,0.1023255358209677
MILO,1370,0.12642563000406165
MILO,1371,0.1255316025148399
MILO,1372,0.08002905106594585
MILO,1373,0.135002108753703
MILO,1374,0.12804333855974787
MILO,1375,0.14600712519767164
MILO,1376,0.12212975337881579
MILO,1377,0.1292952461320429
MILO,1378,0.14180628846275112
MILO,1379,0.04835099221925483
MILO,1380,0.054057927254610644
MILO,1381,0.21258590381594883
MILO,1382,0.185190728884722
MILO,1383,0.1300793049353411
MILO,1384,0.09980571149036657
MILO,1385,0.1086870598859444
MILO,1386,0.07844216581775859
MILO,1387,0.1048461207833124
MILO,1388,0.09495083043034183
MILO,1389,0.13846791921711565
MILO,1390,0.09735588052812827
MILO,1391,0.09660041931472313
MILO,1392,0.13764843504993743
MILO,1393,0.16052983233168444
MILO,1394,0.07102152047183968
MILO,1395,0.05848861506507233
MILO,1396,0.07478058702490084
MILO,1397,0.07797967171735823
MILO,1398,0.08510071407524561
MILO,1399,0.1275123700245603
MILO,1400,0.12729555331841286
MILO,1401,0.07073476482809622
MILO,1402,0.09106177774361404
MILO,1403,0.09735396028106286
MILO,1404,0.09735396028106286
MILO,1405,0.13480432338234843
MILO,1406,0.06727620565451915
MILO,1407,0.1893510179954673
MILO,1408,0.15906598745963796
MILO,1409,0.14259152560424737
MILO,1410,0.1961444675491947
MILO,1411,0.18976493258312224
MILO,1412,0.24671627894863554
MILO,1413,0.1560701613257532
MILO,1414,0.13003777916194478
MILO,1415,0.1065750566011841
MILO,1416,0.09858720526825265
MILO,1417,0.15368034773026787
MILO,1418,0.15649688113754073
MILO,1419,0.10907542857326308
MILO,1420,0.2124889338174805
MILO,1421,0.18779864751648004
MILO,1422,0.13246723167436714
MILO,1423,0.13506977149592517
MILO,1424,0.17813166349795018
MILO,1425,0.1901239154600656
MILO,1426,0.19368752448001808
MILO,1427,0.23474451838727306
MILO,1428,0.12130282475862436
MILO,1429,0.13799911620569089
MILO,1430,0.1450026330134012
MILO,1431,0.12072710827061198
MILO,1432,0.1431940290272863
MILO,1433,0.07438611918019643
MILO,1434,0.11063160245504422
MILO,1435,0.07178205002830597
MILO,1436,0.08920230007457444
MILO,1437,0.08080671176790452
MILO,1438,0.07988639514750923
MILO,1439,0.08218140451599612
MILO,1440,0.09175110706092304
MILO,1441,0.09901534736737261
MILO,1442,0.13038619692423814
MILO,1443,0.15997256699383194
MILO,1444,0.11196552516779798
MILO,1445,0.07750089355089088
MILO,1446,0.11538901608277133
MILO,1447,0.04539785945743919
MILO,1448,0.07712609539226556
MILO,1449,0.08832100790019282
MILO,1450,0.09885577844776613
MILO,1451,0.12077533066345415
MILO,1452,0.12865643155905124
MILO,1453,0.06063711221371951
MILO,1454,0.053276099957262096
MILO,1455,0.062195529037726405
MILO,1456,0.047211950171419576
MILO,1457,0.06889563294997868
MILO,1458,0.030604553764364373
MILO,1459,0.030604553764364373
MILO,1460,0.10207816899871439
MILO,1461,0.11357926080637132
MILO,1462,0.12395362096986523
MILO,1463,0.1865678242307101
MILO,1464,0.1469209319769637
MILO,1465,0.16636014039133132
MILO,1466,0.14638859825080375
MILO,1467,0.15490448003423068
MILO,1468,0.085876521386115
MILO,1469,0.06960878930047266
MILO,1470,0.03912636128973147
MILO,1471,0.10583157159183074
MILO,1472,0.09590882446380186
MILO,1473,0.055370646584094685
MILO,1474,0.059431042216955735
MILO,1475,0.07172866364373047
MILO,1476,0.09129858271302489
MILO,1477,0.09225091367239353
MILO,1478,0.12201212251467895
MILO,1479,0.14175070850508464
MILO,1480,0.12945200375661456
MILO,1481,0.06311262355929675
MILO,1482,0.04732149279856146
MILO,1483,0.07659580708499
MILO,1484,0.026218750611540324
MILO,1485,0.03944681292985755
MILO,1486,0.06457586070250719
MILO,1487,0.14748337543487056
MILO,1488,0.17737982872248176
MILO,1489,0.13351606462927604
MILO,1490,0.15132855593592925
MILO,1491,0.0897082424401064
MILO,1492,0.06070527562231786
MILO,1493,0.1033434525902048
MILO,1494,0.12978199711540625
MILO,1495,0.030426058782947032
MILO,1496,0.12983633460335361
MILO,1497,0.10742275661645351
MILO,1498,0.14204335943922408
MILO,1499,0.1526325181365427
MILO,1500,0.23730847318956505
MILO,1501,0.15693016965031123
MILO,1502,0.22609536358955956
MILO,1503,0.12630653267531672
MILO,1504,0.13506019278409986
MILO,1505,0.04633572242280723
MILO,1506,0.09078011199166254
MILO,1507,0.05148630932970302
MILO,1508,0.11766868249522228
MILO,1509,0.10012161171889865
MILO,1510,0.096440133517365
MILO,1511,0.09530180406215233
MILO,1512,0.09284627422977942
MILO,1513,0.06619467902158693
MILO,1514,0.1116406649957569
MILO,1515,0.09482483253726812
MILO,1516,0.08623629089042975
MILO,1517,0.08623629089042975
MILO,1518,0.10373363742215361
MILO,1519,0.02299118349831776
MILO,1520,0.033041205995043565
MILO,1521,0.04074468182085358
MILO,1522,0.08844845447927249
MILO,1523,0.14203783323156555
MILO,1524,0.1028962753526027
MILO,1525,0.1028962753526027
MILO,1526,0.08333118588977179
MILO,1527,0.0500113302243762
MILO,1528,0.07899837165808753
MILO,1529,0.09454892117670971
MILO,1530,0.09084976719084004
MILO,1531,0.17837055323489331
MILO,1532,0.19494034524651588
MILO,1533,0.26720792176299174
MILO,1534,0.2531140109943564
MILO,1535,0.2290257618017508
MILO,1536,0.25551758102588934
MILO,1537,0.2633656198217546
MILO,1538,0.18489184131301672
MILO,1539,0.19216230313358895
MILO,1540,0.0784629549028877
MILO,1541,0.0917525274857938
MILO,1542,0.0784629549028877
MILO,1543,0.09511026230206954
MILO,1544,0.09034188658391343
MILO,1545,0.0988974434735231
MILO,1546,0.09379058371683675
MILO,1547,0.20389077734088365
MILO,1548,0.11770098071828113
MILO,1549,0.14324708800121375
MILO,1550,0.1460648791034771
MILO,1551,0.145050123963594
MILO,1552,0.11883450335502516
MILO,1553,0.07506099036348066
MILO,1554,0.06275956878963097
MILO,1555,0.05317643895883824
MILO,1556,0.06368034141035299
MILO,1557,0.07627338846422599
MILO,1558,0.10711889289435034
MILO,1559,0.0672322649491303
MILO,1560,0.11329477151968637
MILO,1561,0.08859699679817275
MILO,1562,0.10386229663774091
MILO,1563,0.14941129037634188
MILO,1564,0.15893899229619662
MILO,1565,0.18267114151909414
MILO,1566,0.14112261253243505
MILO,1567,0.10446816443728356
MILO,1568,0.10256561424402692
MILO,1569,0.09824548041951356
MILO,1570,0.06041712678522587
MILO,1571,0.19436914462390342
MILO,1572,0.1665863985929448
MILO,1573,0.07809118195370597
MILO,1574,0.05869491911964168
MILO,1575,0.03710312627957466
MILO,1576,0.02242170086502822
MILO,1577,0.008430583082639139
MILO,1578,0.02959881994954578
MILO,1579,0.036902879921817316
MILO,1580,0.08838704449641777
MILO,1581,0.10446904241532107
MILO,1582,0.09878277114339501
MILO,1583,0.09878277114339501
MILO,1584,0.08157513455823266
MILO,1585,0.12274376988493127
MILO,1586,0.14742086814597138
MILO,1587,0.06125034146265683
MILO,1588,0.12418474940072846
MILO,1589,0.07289545419787516
MILO,1590,0.09698429000114304
MILO,1591,0.06697698724858767
MILO,1592,0.0920510778917502
MILO,1593,0.08960170697930034
MILO,1594,0.06599286374893694
MILO,1595,0.06599286374893694
MILO,1596,0.11958870656051215
MILO,1597,0.0836178506023273
MILO,1598,0.09944446010417342
MILO,1599,0.10056832314191184
MILO,1600,0.28438828801034455
MILO,1601,0.18543367679774356
MILO,1602,0.175760168405584
MILO,1603,0.175760168405584
MILO,1604,0.07861415025743065
MILO,1605,0.06474069424265479
MILO,1606,0.1848239015494239
MILO,1607,0.1701587399211395
MILO,1608,0.10028865892255637
MILO,1609,0.1008090366942919
MILO,1610,0.1279413607993639
MILO,1611,0.0974745170557256
MILO,1612,0.09902083455838669
MILO,1613,0.053571358817083935
MILO,1614,0.1537058618340739
MILO,1615,0.10907399610341201
MILO,1616,0.1151565343300741
MILO,1617,0.12658146800604347
MILO,1618,0.12157048516469757
MILO,1619,0.20113502697394206
MILO,1620,0.21026124454949624
MILO,1621,0.19847655289556176
MILO,1622,0.12381757683140175
MILO,1623,0.1447991302363794
MILO,1624,0.1660826652702971
MILO,1625,0.1301954742571794
MILO,1626,0.07104328386501434
MILO,1627,0.10144025476514462
MILO,1628,0.05855053211812543
MILO,1629,0.16034860582155314
MILO,1630,0.1271829708841963
MILO,1631,0.2105755853998984
MILO,1632,0.07459791288406659
MILO,1633,0.06683585256321871
MILO,1634,0.19767966665216863
MILO,1635,0.10444663731014163
MILO,1636,0.07534497157364888
MILO,1637,0.05145991263174152
MILO,1638,0.09936369116286083
MILO,1639,0.0821405286166341
MILO,1640,0.10443146564866054
MILO,1641,0.10449097992828528
MILO,1642,0.10355617038832561
MILO,1643,0.09770920124880238
MILO,1644,0.060632936573099025
MILO,1645,0.09889952816951239
MILO,1646,0.1507603249475887
MILO,1647,0.11500053878492286
MILO,1648,0.05331646896506534
MILO,1649,0.08011644289357578
MILO,1650,0.08545557759190477
MILO,1651,0.03842936974658209
MILO,1652,0.12236178210002407
MILO,1653,0.1584853827581006
MILO,1654,0.1371824150428706
MILO,1655,0.19320822760028258
MILO,1656,0.19459149746410265
MILO,1657,0.07725464541101854
MILO,1658,0.06861154028316052
MILO,1659,0.09967291537781531
MILO,1660,0.10832494396352371
MILO,1661,0.11089769692493184
MILO,1662,0.06480848226039315
MILO,1663,0.06901637369878315
MILO,1664,0.113153244404777
MILO,1665,0.113153244404777
MILO,1666,0.07707617898009267
MILO,1667,0.07253712028274822
MILO,1668,0.08078821175213895
MILO,1669,0.09706890354207004
MILO,1670,0.20726018002419114
MILO,1671,0.1634597949114237
MILO,1672,0.17940847531570042
MILO,1673,0.07687921483277943
MILO,1674,0.12687249841575177
MILO,1675,0.06595997583642435
MILO,1676,0.077061071315353
MILO,1677,0.05106830587864992
MILO,1678,0.037409196252052954
MILO,1679,0.037409196252052954
MILO,1680,0.11636265077413943
MILO,1681,0.09198022558200715
MILO,1682,0.15455367292360642
MILO,1683,0.22214151504009585
MILO,1684,0.18044099157986432
MILO,1685,0.14408358830051704
MILO,1686,0.18229548190253575
MILO,1687,0.205169168850342
MILO,1688,0.14387026739929656
MILO,1689,0.20079725172429166
MILO,1690,0.14494417076920954
MILO,1691,0.04687514686113982
MILO,1692,0.05002511400468287
MILO,1693,0.045561870328132296
MILO,1694,0.045561870328132296
MILO,1695,0.0975969855677094
MILO,1696,0.05896930220236414
MILO,1697,0.21330645415110316
MILO,1698,0.16791958051264108
MILO,1699,0.28052319619298893
MILO,1700,0.3034079393735943
MILO,1701,0.17474777327607438
MILO,1702,0.12170719129216903
MILO,1703,0.1346589104238079
MILO,1704,0.12831286409625994
MILO,1705,0.22850969254741815
MILO,1706,0.2590562386811268
MILO,1707,0.1340560671944123
MILO,1708,0.19094063380488285
MILO,1709,0.08189224823666977
MILO,1710,0.05060657609358285
MILO,1711,0.07926051486424907
MILO,1712,0.18965784373093086
MILO,1713,0.24328376588832804
MILO,1714,0.242973064856742
MILO,1715,0.2071608762264885
MILO,1716,0.14634675773274203
MILO,1717,0.06562675727682339
MILO,1718,0.06360077763733689
MILO,1719,0.06166647482958295
MILO,1720,0.0600930952778517
MILO,1721,0.10959904754096021
MILO,1722,0.0855677436503782
MILO,1723,0.1452356200454245
MILO,1724,0.04791819965102746
MILO,1725,0.1440935594747618
MILO,1726,0.09007616731452267
MILO,1727,0.0638096263364317
MILO,1728,0.07492659722182882
MILO,1729,0.11364538142325788
MILO,1730,0.10970546044001521
MILO,1731,0.1345331263456838
MILO,1732,0.12917264802766587
MILO,1733,0.21722517547758122
MILO,1734,0.11906209023453046
MILO,1735,0.11911667755409037
MILO,1736,0.18609022914869056
MILO,1737,0.18295236496554346
MILO,1738,0.17546890465610604
MILO,1739,0.15481763897305897
MILO,1740,0.1151836635999589
MILO,1741,0.23650896612843592
MILO,1742,0.14810703664103303
MILO,1743,0.20757039504471764
MILO,1744,0.08931102031743428
MILO,1745,0.09346713649735389
MILO,1746,0.1052966844241946
MILO,1747,0.19038360920487188
MILO,1748,0.0865771741746334
MILO,1749,0.10838401148984908
MILO,1750,0.08532308705532038
MILO,1751,0.15781652020900486
MILO,1752,0.07804532591416669
MILO,1753,0.0680007792142688
MILO,1754,0.06676621764507083
MILO,1755,0.10540458197736774
MILO,1756,0.0828991280156002
MILO,1757,0.11057786627489402
MILO,1758,0.2024128927473049
MILO,1759,0.23073469022361248
MILO,1760,0.13193639571199445
MILO,1761,0.11660955288812189
MILO,1762,0.06903851451758719
MILO,1763,0.07192733478609958
MILO,1764,0.06827024893692507
MILO,1765,0.12322977485161916
MILO,1766,0.17662753403180173
MILO,1767,0.15131971156669857
MILO,1768,0.08230551749750553
MILO,1769,0.06676406062045155
MILO,1770,0.04560857767450616
MILO,1771,0.05905481152103707
MILO,1772,0.06389043956375845
MILO,1773,0.030855607048978793
MILO,1774,0.03851914166276076
MILO,1775,0.07146110541720915
MILO,1776,0.19191770093411417
MILO,1777,0.1714322667170089
MILO,1778,0.1490905576091183
MILO,1779,0.12151956804558664
MILO,1780,0.11930085753092311
MILO,1781,0.1149624963532487
MILO,1782,0.13043955429081439
MILO,1783,0.1701784650763366
MILO,1784,0.31690312222369105
MILO,1785,0.15058036423411433
MILO,1786,0.14004093509623877
MILO,1787,0.2011572393389433
MILO,1788,0.1551308337745646
MILO,1789,0.16035814368004253
MILO,1790,0.16883015894847553
MILO,1791,0.2537695073611899
MILO,1792,0.2537695073611899
MILO,1793,0.14107290394641578
MILO,1794,0.12433432557445999
MILO,1795,0.10309536148887513
MILO_LW,5,1.0
MILO_LW,6,0.8232975712194548
MILO_LW,7,0.5680837644307637
MILO_LW,8,0.2495960663519522
MILO_LW,9,0.2200266266070623
MILO_LW,10,0.2728589210519206
MILO_LW,11,0.2304795829318676
MILO_LW,12,0.17858527231121346
MILO_LW,13,0.18977442627239482
MILO_LW,14,0.183652987157367
MILO_LW,15,0.09122771017921896
MILO_LW,16,0.09632750078235765
MILO_LW,17,0.09417874730538016
MILO_LW,18,0.06747608572407507
MILO_LW,19,0.09427748999419558
MILO_LW,20,0.042674618415062954
MILO_LW,21,0.04553090868532313
MILO_LW,22,0.09948013450388798
MILO_LW,23,0.09638468540446829
MILO_LW,24,0.10013387891105555
MILO_LW,25,0.09737092981077064
MILO_LW,26,0.14502343779801413
MILO_LW,27,0.10616980945732929
MILO_LW,28,0.06867851069242704
MILO_LW,29,0.07091959497044376
MILO_LW,30,0.08364195757893572
MILO_LW,31,0.10978083795049673
MILO_LW,32,0.044780186252890354
MILO_LW,33,0.05187631129069788
MILO_LW,34,0.08336478189207587
MILO_LW,35,0.07996329089159053
MILO_LW,36,0.11009145853227237
MILO_LW,37,0.07332367760511206
MILO_LW,38,0.05659705140027005
MILO_LW,39,0.07767021300084395
MILO_LW,40,0.041655575094860814
MILO_LW,41,0.03338323494148697
MILO_LW,42,0.05324071912580681
MILO_LW,43,0.1313264650869786
MILO_LW,44,0.08808085585252967
MILO_LW,45,0.09969993899719845
MILO_LW,46,0.09382317344472135
MILO_LW,47,0.05981024716493971
MILO_LW,48,0.04645845435684688
MILO_LW,49,0.049833213516145176
MILO_LW,50,0.06822364921849706
MILO_LW,51,0.1378755504671411
MILO_LW,52,0.15941209419643532
MILO_LW,53,0.13552034740696242
MILO_LW,54,0.1406514060497966
MILO_LW,55,0.12471613256825914
MILO_LW,56,0.0603578357265191
MILO_LW,57,0.04361106253842577
MILO_LW,58,0.06873296635026223
MILO_LW,59,0.03533370211181862
MILO_LW,60,0.05440045697377438
MILO_LW,61,0.06162328219019737
MILO_LW,62,0.025512920578247188
MILO_LW,63,0.07753823462234687
MILO_LW,64,0.0809372536381819
MILO_LW,65,0.10672607139135504
MILO_LW,66,0.09784651572338121
MILO_LW,67,0.041202913523522955
MILO_LW,68,0.0298032417134642
MILO_LW,69,0.11022766209033877
MILO_LW,70,0.10854032070199462
MILO_LW,71,0.11914712041615722
MILO_LW,72,0.0995455244210435
MILO_LW,73,0.026593364498079558
MILO_LW,74,0.026593364498079558
MILO_LW,75,0.041051956739258696
MILO_LW,76,0.04632671570721285
MILO_LW,77,0.04012676713866542
MILO_LW,78,0.0708593693213683
MILO_LW,79,0.054395817876382715
MILO_LW,80,0.04299357642762373
MILO_LW,81,0.04407876794365793
MILO_LW,82,0.12269895194043319
MILO_LW,83,0.13273271403842019
MILO_LW,84,0.1346067353764579
MILO_LW,85,0.05765295455867668
MILO_LW,86,0.07783555789209942
MILO_LW,87,0.051130826383324
MILO_LW,88,0.13066349984385778
MILO_LW,89,0.09411906361139691
MILO_LW,90,0.06870501124168374
MILO_LW,91,0.11132140004451885
MILO_LW,92,0.05121801311696808
MILO_LW,93,0.055406853403877965
MILO_LW,94,0.055406853403877965
MILO_LW,95,0.05202186368843566
MILO_LW,96,0.046304694429940035
MILO_LW,97,0.09121533384233968
MILO_LW,98,0.10481095128430433
MILO_LW,99,0.07567092377682338
MILO_LW,100,0.08123114176922658
MILO_LW,101,0.036655937172365455
MILO_LW,102,0.03984811774086265
MILO_LW,103,0.04577001965870586
MILO_LW,104,0.0377493649395822
MILO_LW,105,0.061497909748366865
MILO_LW,106,0.05399444179244663
MILO_LW,107,0.046457459796195026
MILO_LW,108,0.07264622424660265
MILO_LW,109,0.08218568084072692
MILO_LW,110,0.09518803937148093
MILO_LW,111,0.062497192239439586
MILO_LW,112,0.08506714094834511
MILO_LW,113,0.09911523558726634
MILO_LW,114,0.09902229747096161
MILO_LW,115,0.12180778231368031
MILO_LW,116,0.041547952400486914
MILO_LW,117,0.1385329761091001
MILO_LW,118,0.08753679641530701
MILO_LW,119,0.08828563193674954
MILO_LW,120,0.10000118766361356
MILO_LW,121,0.060285167615078614
MILO_LW,122,0.060285167615078614
MILO_LW,123,0.1497908888483502
MILO_LW,124,0.10979125831406619
MILO_LW,125,0.10722895777123834
MILO_LW,126,0.09668419643690306
MILO_LW,127,0.050881319714945215
MILO_LW,128,0.04513966708436706
MILO_LW,129,0.020038175616697552
MILO_LW,130,0.0541469324558143
MILO_LW,131,0.06110301880584139
MILO_LW,132,0.06015134493792933
MILO_LW,133,0.05810198993811855
MILO_LW,134,0.08570479729342964
MILO_LW,135,0.08984781606016545
MILO_LW,136,0.06380631372274106
MILO_LW,137,0.054508903757914416
MILO_LW,138,0.05925696565099501
MILO_LW,139,0.07422389729140558
MILO_LW,140,0.13035814602030532
MILO_LW,141,0.08310722023053989
MILO_LW,142,0.060434260944236526
MILO_LW,143,0.06630756503655884
MILO_LW,144,0.05240273075765545
MILO_LW,145,0.03778691262922765
MILO_LW,146,0.04537997537990661
MILO_LW,147,0.08981684717317909
MILO_LW,148,0.06271152069301072
MILO_LW,149,0.030539422903978212
MILO_LW,150,0.06332569990586212
MILO_LW,151,0.0658597223881356
MILO_LW,152,0.03801082050512456
MILO_LW,153,0.0544085441954664
MILO_LW,154,0.02870414612113486
MILO_LW,155,0.05057137594422392
MILO_LW,156,0.047363249429070144
MILO_LW,157,0.08482026428898332
MILO_LW,158,0.08098635191974152
MILO_LW,159,0.06090501490759209
MILO_LW,160,0.10689424985800354
MILO_LW,161,0.15632427816112532
MILO_LW,162,0.174722951831289
MILO_LW,163,0.09064982503284709
MILO_LW,164,0.10245892555972927
MILO_LW,165,0.08966541824439322
MILO_LW,166,0.09800164189425777
MILO_LW,167,0.16485329856795577
MILO_LW,168,0.15736898010874556
MILO_LW,169,0.04610950323860636
MILO_LW,170,0.029564951610641904
MILO_LW,171,0.046409339245935294
MILO_LW,172,0.03654019545183889
MILO_LW,173,0.08423149777419411
MILO_LW,174,0.07232082254817276
MILO_LW,175,0.06043694345516606
MILO_LW,176,0.05839267717971252
MILO_LW,177,0.04285086033664604
MILO_LW,178,0.038723879671433876
MILO_LW,179,0.04531084511188826
MILO_LW,180,0.0746502468760758
MILO_LW,181,0.07502500797464211
MILO_LW,182,0.06962987791391267
MILO_LW,183,0.0666128352106623
MILO_LW,184,0.06940303185371174
MILO_LW,185,0.0559268671076992
MILO_LW,186,0.04032841685723082
MILO_LW,187,0.024133592958642487
MILO_LW,188,0.024008365770372832
MILO_LW,189,0.07272434047503129
MILO_LW,190,0.04207796379084365
MILO_LW,191,0.06490811787758333
MILO_LW,192,0.08390895342347507
MILO_LW,193,0.036358767877302654
MILO_LW,194,0.06884869238685182
MILO_LW,195,0.0975707927610999
MILO_LW,196,0.0999014682757194
MILO_LW,197,0.10810183516149785
MILO_LW,198,0.10073880039809129
MILO_LW,199,0.06734328380874043
MILO_LW,200,0.03820408533501165
MILO_LW,201,0.039114375756116745
MILO_LW,202,0.05954076227919578
MILO_LW,203,0.0947686771581753
MILO_LW,204,0.08277096709767391
MILO_LW,205,0.04337144353444019
MILO_LW,206,0.0795375490940068
MILO_LW,207,0.06309795465401509
MILO_LW,208,0.02515326894995356
MILO_LW,209,0.05156049333492992
MILO_LW,210,0.0286768655892041
MILO_LW,211,0.07915899559155365
MILO_LW,212,0.0857790939350899
MILO_LW,213,0.09784601639753188
MILO_LW,214,0.08495599124960831
MILO_LW,215,0.09230860459103746
MILO_LW,216,0.079290529640136
MILO_LW,217,0.05917057448970181
MILO_LW,218,0.04259965833622305
MILO_LW,219,0.033823778869954364
MILO_LW,220,0.02542591547326129
MILO_LW,221,0.1179366496780011
MILO_LW,222,0.1277429592903499
MILO_LW,223,0.1257554839688231
MILO_LW,224,0.11083458296643094
MILO_LW,225,0.09877288943865112
MILO_LW,226,0.08087508467123107
MILO_LW,227,0.02386726890440967
MILO_LW,228,0.02284658271385597
MILO_LW,229,0.01764746522984181
MILO_LW,230,0.01764746522984181
MILO_LW,231,0.033552027654139914
MILO_LW,232,0.04883233815891978
MILO_LW,233,0.05093138531840413
MILO_LW,234,0.043654346695923364
MILO_LW,235,0.05545329277544669
MILO_LW,236,0.07453567794982362
MILO_LW,237,0.08826655402039019
MILO_LW,238,0.06905029537776462
MILO_LW,239,0.05672429435343446
MILO_LW,240,0.04275225098096163
MILO_LW,241,0.04209615732564877
MILO_LW,242,0.09851624529633439
MILO_LW,243,0.09947609454212955
MILO_LW,244,0.18516216206141478
MILO_LW,245,0.17868578994130946
MILO_LW,246,0.17868578994130946
MILO_LW,247,0.11173773511523484
MILO_LW,248,0.06388497014428911
MILO_LW,249,0.07426973773504575
MILO_LW,250,0.051508692471597596
MILO_LW,251,0.05372446488909208
MILO_LW,252,0.049461058510881985
MILO_LW,253,0.06382131019632693
MILO_LW,254,0.04569837852566376
MILO_LW,255,0.09111574799015519
MILO_LW,256,0.08761913964193983
MILO_LW,257,0.04954664044105741
MILO_LW,258,0.06905654349280602
MILO_LW,259,0.11024505965341568
MILO_LW,260,0.1071696569953148
MILO_LW,261,0.1278454081093187
MILO_LW,262,0.07359878278145641
MILO_LW,263,0.07984319966158003
MILO_LW,264,0.07676747803300554
MILO_LW,265,0.10556944276913774
MILO_LW,266,0.09237182418142664
MILO_LW,267,0.07626468272121695
MILO_LW,268,0.10102739172618092
MILO_LW,269,0.07275219051766524
MILO_LW,270,0.07053525157527196
MILO_LW,271,0.059636558500627455
MILO_LW,272,0.06561333171634343
MILO_LW,273,0.06671002499449859
MILO_LW,274,0.08598294490293194
MILO_LW,275,0.06322206694582753
MILO_LW,276,0.05728805200862194
MILO_LW,277,0.07990449271873623
MILO_LW,278,0.07581709648672151
MILO_LW,279,0.06869728629284924
MILO_LW,280,0.04301760406778628
MILO_LW,281,0.05491393056294171
MILO_LW,282,0.1003510152373813
MILO_LW,283,0.08216862586329231
MILO_LW,284,0.08819218106462295
MILO_LW,285,0.050493689038498685
MILO_LW,286,0.050493689038498685
MILO_LW,287,0.08104633844587626
MILO_LW,288,0.08895564107121752
MILO_LW,289,0.10140939361221443
MILO_LW,290,0.07063042657695316
MILO_LW,291,0.08671613770764403
MILO_LW,292,0.07329377652159891
MILO_LW,293,0.07490000136199945
MILO_LW,294,0.09259732392419802
MILO_LW,295,0.08835950206033207
MILO_LW,296,0.05682649729456869
MILO_LW,297,0.03404321576515863
MILO_LW,298,0.03733357314950478
MILO_LW,299,0.039515227982891844
MILO_LW,300,0.049783397132495855
MILO_LW,301,0.043369383859991485
MILO_LW,302,0.06124486845017234
MILO_LW,303,0.060498697675130095
MILO_LW,304,0.0629661976307166
MILO_LW,305,0.06022610405629615
MILO_LW,306,0.10563084248925086
MILO_LW,307,0.08189306579723082
MILO_LW,308,0.057865436988433175
MILO_LW,309,0.045076465418421585
MILO_LW,310,0.047175134119115565
MILO_LW,311,0.028524506428403373
MILO_LW,312,0.04687294052517271
MILO_LW,313,0.0490823571334722
MILO_LW,314,0.05422597869288416
MILO_LW,315,0.07173823337578075
MILO_LW,316,0.07966332407204578
MILO_LW,317,0.11468964398080825
MILO_LW,318,0.08360549946470454
MILO_LW,319,0.11468964398080825
MILO_LW,320,0.12184603522080406
MILO_LW,321,0.11900688192005743
MILO_LW,322,0.10069312086332047
MILO_LW,323,0.0737075665551253
MILO_LW,324,0.05645550320757228
MILO_LW,325,0.05999879437919885
MILO_LW,326,0.01706587225630634
MILO_LW,327,0.025443478037937416
MILO_LW,328,0.09572894888917155
MILO_LW,329,0.06820388634665407
MILO_LW,330,0.04164586776593729
MILO_LW,331,0.0865757195406057
MILO_LW,332,0.040401206396081836
MILO_LW,333,0.06514344984330678
MILO_LW,334,0.06636144296445322
MILO_LW,335,0.053903565843111165
MILO_LW,336,0.06128806303235675
MILO_LW,337,0.08590050458089138
MILO_LW,338,0.1403133118543658
MILO_LW,339,0.16912770404768276
MILO_LW,340,0.050683782752781
MILO_LW,341,0.06451094104113272
MILO_LW,342,0.15154420514534495
MILO_LW,343,0.07946180452116317
MILO_LW,344,0.049811518522203474
MILO_LW,345,0.05890245754086646
MILO_LW,346,0.05170998385872046
MILO_LW,347,0.08612498128948277
MILO_LW,348,0.08178400133205807
MILO_LW,349,0.08708859029021634
MILO_LW,350,0.10212299551952617
MILO_LW,351,0.05893955973622933
MILO_LW,352,0.10870432982868808
MILO_LW,353,0.14530740098470343
MILO_LW,354,0.10822610039945471
MILO_LW,355,0.09327389248520837
MILO_LW,356,0.05375493446137261
MILO_LW,357,0.05678801820361569
MILO_LW,358,0.11692670354252271
MILO_LW,359,0.11780538166409217
MILO_LW,360,0.09637302279172556
MILO_LW,361,0.04218393224910315
MILO_LW,362,0.011929869087585714
MILO_LW,363,0.028700149415806092
MILO_LW,364,0.028700149415806092
MILO_LW,365,0.04982986874838277
MILO_LW,366,0.06926077910953911
MILO_LW,367,0.11298992292919095
MILO_LW,368,0.054508451913486494
MILO_LW,369,0.036687340780593714
MILO_LW,370,0.04594705432446651
MILO_LW,371,0.051158588989724224
MILO_LW,372,0.06467694059510815
MILO_LW,373,0.045637868116372673
MILO_LW,374,0.06265156883201353
MILO_LW,375,0.05760021168952015
MILO_LW,376,0.054309708429117164
MILO_LW,377,0.03036735422503254
MILO_LW,378,0.06707260496117716
MILO_LW,379,0.04667376902748177
MILO_LW,380,0.04667376902748177
MILO_LW,381,0.04916562796720363
MILO_LW,382,0.035016370654993495
MILO_LW,383,0.048694062015380006
MILO_LW,384,0.10396071537918461
MILO_LW,385,0.06542145268640659
MILO_LW,386,0.08988011032298039
MILO_LW,387,0.056352722107867126
MILO_LW,388,0.053359108294855434
MILO_LW,389,0.034948898871785865
MILO_LW,390,0.03692343632138984
MILO_LW,391,0.043590780088961716
MILO_LW,392,0.04089931896507149
MILO_LW,393,0.1901607491522572
MILO_LW,394,0.15852823938527832
MILO_LW,395,0.20014045626889054
MILO_LW,396,0.14472302272035725
MILO_LW,397,0.090099209170654
MILO_LW,398,0.12347543964504762
MILO_LW,399,0.14029242536118336
MILO_LW,400,0.16334699398589186
MILO_LW,401,0.10716131072869854
MILO_LW,402,0.11824057888223535
MILO_LW,403,0.08648990606145497
MILO_LW,404,0.11612557342169685
MILO_LW,405,0.06388180012673957
MILO_LW,406,0.07765467437756243
MILO_LW,407,0.04127503661738303
MILO_LW,408,0.03830028104208888
MILO_LW,409,0.03200205781943312
MILO_LW,410,0.0326414318315328
MILO_LW,411,0.025246665017654598
MILO_LW,412,0.10030002807236121
MILO_LW,413,0.07439994386624732
MILO_LW,414,0.07366924182582123
MILO_LW,415,0.11415380344813009
MILO_LW,416,0.1833341597653128
MILO_LW,417,0.09241436439307348
MILO_LW,418,0.10948377968351905
MILO_LW,419,0.14193423557350557
MILO_LW,420,0.11569602345817277
MILO_LW,421,0.062290188339522136
MILO_LW,422,0.0508041966080454
MILO_LW,423,0.06713218873651451
MILO_LW,424,0.05877009917521667
MILO_LW,425,0.05451427570969754
MILO_LW,426,0.058654918803821184
MILO_LW,427,0.06231999258980889
MILO_LW,428,0.05127783805113269
MILO_LW,429,0.05127783805113269
MILO_LW,430,0.017900195858497437
MILO_LW,431,0.00496469610721113
MILO_LW,432,0.011067922760300039
MILO_LW,433,0.06983621887866788
MILO_LW,434,0.046856033842112475
MILO_LW,435,0.09325386386050946
MILO_LW,436,0.06845081617697543
MILO_LW,437,0.08434368831626729
MILO_LW,438,0.05939116641455036
MILO_LW,439,0.08953109023601788
MILO_LW,440,0.049541308742360256
MILO_LW,441,0.048933918872648724
MILO_LW,442,0.07992646532634065
MILO_LW,443,0.0926566051317868
MILO_LW,444,0.08349316121781274
MILO_LW,445,0.08185145739912197
MILO_LW,446,0.09253569399726447
MILO_LW,447,0.018656551649160972
MILO_LW,448,0.0847392465659448
MILO_LW,449,0.09436696599258937
MILO_LW,450,0.10483298298323716
MILO_LW,451,0.10249806309809091
MILO_LW,452,0.10249806309809091
MILO_LW,453,0.0989753603937182
MILO_LW,454,0.13086521230962386
MILO_LW,455,0.11065370064686311
MILO_LW,456,0.03445522382666765
MILO_LW,457,0.12746973605443834
MILO_LW,458,0.08942730473497984
MILO_LW,459,0.08942730473497984
MILO_LW,460,0.08385546864677187
MILO_LW,461,0.11614886648777843
MILO_LW,462,0.05617068272640287
MILO_LW,463,0.07346904970630429
MILO_LW,464,0.0895987005122009
MILO_LW,465,0.09452217398449303
MILO_LW,466,0.10757940557286708
MILO_LW,467,0.12898606486414288
MILO_LW,468,0.13011645583667034
MILO_LW,469,0.1723851775573166
MILO_LW,470,0.1261326050710544
MILO_LW,471,0.1261326050710544
MILO_LW,472,0.0854267178274645
MILO_LW,473,0.04800800912434442
MILO_LW,474,0.04893641772437397
MILO_LW,475,0.08208593650024766
MILO_LW,476,0.05124381525518908
MILO_LW,477,0.05825838170405693
MILO_LW,478,0.041300697006561894
MILO_LW,479,0.03270735988762061
MILO_LW,480,0.0335318638180435
MILO_LW,481,0.0335318638180435
MILO_LW,482,0.020518990592587154
MILO_LW,483,0.050284733278849886
MILO_LW,484,0.049735647780964995
MILO_LW,485,0.025854767823545982
MILO_LW,486,0.02663424699622639
MILO_LW,487,0.08856125614267887
MILO_LW,488,0.07827826476285754
MILO_LW,489,0.10481584384519503
MILO_LW,490,0.09803423024191359
MILO_LW,491,0.054852657323873934
MILO_LW,492,0.09215914394201755
MILO_LW,493,0.043576484836021376
MILO_LW,494,0.05444525504211447
MILO_LW,495,0.05931951472650512
MILO_LW,496,0.04496624132816318
MILO_LW,497,0.07112146000851695
MILO_LW,498,0.07293698835797555
MILO_LW,499,0.050177955398078615
MILO_LW,500,0.09840401855226347
MILO_LW,501,0.13755339509018877
MILO_LW,502,0.14154303220672804
MILO_LW,503,0.1205385929486929
MILO_LW,504,0.14975772812580568
MILO_LW,505,0.14975772812580568
MILO_LW,506,0.09630545515811169
MILO_LW,507,0.08902829964362236
MILO_LW,508,0.08742693058440623
MILO_LW,509,0.0912080852405592
MILO_LW,510,0.10603490026398102
MILO_LW,511,0.08153478998682341
MILO_LW,512,0.029016868871534002
MILO_LW,513,0.08773630391176049
MILO_LW,514,0.07817153601373063
MILO_LW,515,0.11666995757071302
MILO_LW,516,0.08666523335360238
MILO_LW,517,0.10432015247326402
MILO_LW,518,0.09876625747826055
MILO_LW,519,0.03292871466664157
MILO_LW,520,0.09136424565676622
MILO_LW,521,0.07707515705835043
MILO_LW,522,0.059104610147731995
MILO_LW,523,0.0345549614094728
MILO_LW,524,0.02549250946292692
MILO_LW,525,0.030722003132422217
MILO_LW,526,0.11411144000881186
MILO_LW,527,0.1646521964474902
MILO_LW,528,0.065005200355991
MILO_LW,529,0.06068068411053902
MILO_LW,530,0.0535816669358155
MILO_LW,531,0.10449019304235377
MILO_LW,532,0.11611539350962959
MILO_LW,533,0.09588011927971898
MILO_LW,534,0.09588011927971898
MILO_LW,535,0.04607545424993907
MILO_LW,536,0.05799308099718263
MILO_LW,537,0.06560912425190675
MILO_LW,538,0.06840624862917159
MILO_LW,539,0.05255650983014966
MILO_LW,540,0.027498638734469623
MILO_LW,541,0.04498838816772815
MILO_LW,542,0.02969324272647407
MILO_LW,543,0.05091645139953718
MILO_LW,544,0.12650694612012775
MILO_LW,545,0.1129553489145195
MILO_LW,546,0.18741160038260168
MILO_LW,547,0.1294457630706388
MILO_LW,548,0.1294457630706388
MILO_LW,549,0.1047932410165984
MILO_LW,550,0.0860299798273841
MILO_LW,551,0.06496798295613582
MILO_LW,552,0.06339295634757364
MILO_LW,553,0.09411792447361482
MILO_LW,554,0.13379321377298836
MILO_LW,555,0.16992260784014518
MILO_LW,556,0.0760757181862882
MILO_LW,557,0.06495809959209274
MILO_LW,558,0.061050039847507356
MILO_LW,559,0.05089912993992628
MILO_LW,560,0.018482028777741296
MILO_LW,561,0.053291089117046386
MILO_LW,562,0.05546027061692904
MILO_LW,563,0.07704053852883996
MILO_LW,564,0.05805339028565974
MILO_LW,565,0.06338398666533547
MILO_LW,566,0.056084987102052786
MILO_LW,567,0.0905572925984505
MILO_LW,568,0.11303507410418664
MILO_LW,569,0.09264449373117518
MILO_LW,570,0.06446551986070694
MILO_LW,571,0.1942113009947091
MILO_LW,572,0.18287271188139634
MILO_LW,573,0.18758517920486656
MILO_LW,574,0.0764765398433833
MILO_LW,575,0.13693948676445827
MILO_LW,576,0.055987860528178474
MILO_LW,577,0.13693948676445827
MILO_LW,578,0.13693948676445827
MILO_LW,579,0.15473620211678069
MILO_LW,580,0.08691328241781823
MILO_LW,581,0.08228076347162909
MILO_LW,582,0.08295714512841798
MILO_LW,583,0.10583672406748705
MILO_LW,584,0.08653981573601272
MILO_LW,585,0.09067428182167958
MILO_LW,586,0.0813990024605564
MILO_LW,587,0.06179658230256953
MILO_LW,588,0.07799923392864674
MILO_LW,589,0.03551474982429356
MILO_LW,590,0.06973882809533478
MILO_LW,591,0.054426110530160235
MILO_LW,592,0.020771539908769544
MILO_LW,593,0.05415297950568028
MILO_LW,594,0.06742899092169236
MILO_LW,595,0.06764399153108808
MILO_LW,596,0.06657043789027563
MILO_LW,597,0.0730506981613131
MILO_LW,598,0.04032427391890166
MILO_LW,599,0.05192323581680703
MILO_LW,600,0.042595019535747125
MILO_LW,601,0.04782030920875491
MILO_LW,602,0.11705097635264775
MILO_LW,603,0.13670919194827857
MILO_LW,604,0.10812459177509756
MILO_LW,605,0.04300279897540816
MILO_LW,606,0.11137551380490482
MILO_LW,607,0.08783975802825554
MILO_LW,608,0.06519194819506736
MILO_LW,609,0.054426079788382264
MILO_LW,610,0.0674957459379925
MILO_LW,611,0.07986846682449873
MILO_LW,612,0.10942218072858585
MILO_LW,613,0.10709148417059505
MILO_LW,614,0.07561825495489216
MILO_LW,615,0.057001790961862
MILO_LW,616,0.0669354986390398
MILO_LW,617,0.06228929729834387
MILO_LW,618,0.07614946846181861
MILO_LW,619,0.04972924027439604
MILO_LW,620,0.05354242000208376
MILO_LW,621,0.027774464528806386
MILO_LW,622,0.025977599963102987
MILO_LW,623,0.033540044138065724
MILO_LW,624,0.14108156433303148
MILO_LW,625,0.07477434832184433
MILO_LW,626,0.0753334955237622
MILO_LW,627,0.10435556858494241
MILO_LW,628,0.1176550226489757
MILO_LW,629,0.06817631555111846
MILO_LW,630,0.043377388299641925
MILO_LW,631,0.06817631555111846
MILO_LW,632,0.1149206020862546
MILO_LW,633,0.08756173297698099
MILO_LW,634,0.06161827177922484
MILO_LW,635,0.1415352156236184
MILO_LW,636,0.08419200130779667
MILO_LW,637,0.08427102526352369
MILO_LW,638,0.07084609875177797
MILO_LW,639,0.10763897921026255
MILO_LW,640,0.1097867640658674
MILO_LW,641,0.14501599154917957
MILO_LW,642,0.13901203507849713
MILO_LW,643,0.049897926499918754
MILO_LW,644,0.03658337032100814
MILO_LW,645,0.03658337032100814
MILO_LW,646,0.046009712926635145
MILO_LW,647,0.09954222633237016
MILO_LW,648,0.06415826019167015
MILO_LW,649,0.06415826019167015
MILO_LW,650,0.09577119634435782
MILO_LW,651,0.08802722595958806
MILO_LW,652,0.10402379391691778
MILO_LW,653,0.10238508042373733
MILO_LW,654,0.08371680074917162
MILO_LW,655,0.0944921414377301
MILO_LW,656,0.03533559277238778
MILO_LW,657,0.03533559277238778
MILO_LW,658,0.0555531106656852
MILO_LW,659,0.0555531106656852
MILO_LW,660,0.058490222664307485
MILO_LW,661,0.13532884714980073
MILO_LW,662,0.033914265812033814
MILO_LW,663,0.09459637944522882
MILO_LW,664,0.07400293210570254
MILO_LW,665,0.07235389128560188
MILO_LW,666,0.06659116972249259
MILO_LW,667,0.029921298622975698
MILO_LW,668,0.14592998556018014
MILO_LW,669,0.13096969927771523
MILO_LW,670,0.13639221118712008
MILO_LW,671,0.12012803924562665
MILO_LW,672,0.04211366534534322
MILO_LW,673,0.02998345730842775
MILO_LW,674,0.01938735721506007
MILO_LW,675,0.01659501433963354
MILO_LW,676,0.009425864404859579
MILO_LW,677,0.05132673979255379
MILO_LW,678,0.04550810293174151
MILO_LW,679,0.060564255080333376
MILO_LW,680,0.18030430289326996
MILO_LW,681,0.035999854189675086
MILO_LW,682,0.12950005653145058
MILO_LW,683,0.18621428094910109
MILO_LW,684,0.1558121206703123
MILO_LW,685,0.139840265274649
MILO_LW,686,0.16032483289409802
MILO_LW,687,0.10983159938734285
MILO_LW,688,0.1028702203116126
MILO_LW,689,0.07934695843382066
MILO_LW,690,0.06193655721320046
MILO_LW,691,0.1441025129062939
MILO_LW,692,0.17403651049593816
MILO_LW,693,0.06839111502262056
MILO_LW,694,0.09629966966440894
MILO_LW,695,0.042953248846593475
MILO_LW,696,0.03691880452465582
MILO_LW,697,0.034091765446260004
MILO_LW,698,0.05461309292110887
MILO_LW,699,0.0887117000559379
MILO_LW,700,0.06989216256153061
MILO_LW,701,0.0829189504334156
MILO_LW,702,0.06878862300214413
MILO_LW,703,0.08701596789389104
MILO_LW,704,0.0501764174702114
MILO_LW,705,0.09359456769691443
MILO_LW,706,0.02569682103683959
MILO_LW,707,0.06685057178991755
MILO_LW,708,0.06396896588236525
MILO_LW,709,0.06245498866463004
MILO_LW,710,0.24977189538146158
MILO_LW,711,0.21346992897801398
MILO_LW,712,0.14627630303633715
MILO_LW,713,0.11993745783897283
MILO_LW,714,0.08278520559107552
MILO_LW,715,0.048733623450149026
MILO_LW,716,0.07721435105772446
MILO_LW,717,0.18656176850624973
MILO_LW,718,0.18362681060549307
MILO_LW,719,0.16321989550194393
MILO_LW,720,0.06784648277242955
MILO_LW,721,0.13339053857992783
MILO_LW,722,0.05783082837682634
MILO_LW,723,0.011066275673758584
MILO_LW,724,0.061742752887983324
MILO_LW,725,0.078100151414065
MILO_LW,726,0.05084524475937803
MILO_LW,727,0.08100079355361235
MILO_LW,728,0.1600382899404265
MILO_LW,729,0.20346667193136125
MILO_LW,730,0.15096280233444492
MILO_LW,731,0.15096280233444492
MILO_LW,732,0.18005345898010316
MILO_LW,733,0.15103256237463114
MILO_LW,734,0.08232224833228767
MILO_LW,735,0.07183179971655118
MILO_LW,736,0.0343447588757695
MILO_LW,737,0.05955376819006697
MILO_LW,738,0.05085270409393185
MILO_LW,739,0.07084523448761598
MILO_LW,740,0.05843149560936382
MILO_LW,741,0.05843149560936382
MILO_LW,742,0.10584361248990196
MILO_LW,743,0.07194734990758048
MILO_LW,744,0.08911608491852108
MILO_LW,745,0.09993208138027194
MILO_LW,746,0.10272832965765603
MILO_LW,747,0.12791086516795486
MILO_LW,748,0.1425305323206384
MILO_LW,749,0.12412076112761282
MILO_LW,750,0.1232003734267425
MILO_LW,751,0.12443167183187938
MILO_LW,752,0.12443167183187938
MILO_LW,753,0.17248625909225626
MILO_LW,754,0.1306362084965544
MILO_LW,755,0.06345936373245896
MILO_LW,756,0.030849598785610874
MILO_LW,757,0.12473059057747202
MILO_LW,758,0.14619889910172712
MILO_LW,759,0.13895193956339014
MILO_LW,760,0.19900282017316387
MILO_LW,761,0.1523077604149881
MILO_LW,762,0.11816839138003808
MILO_LW,763,0.08904684633559604
MILO_LW,764,0.11008689926241592
MILO_LW,765,0.10757012512756801
MILO_LW,766,0.1029889952292408
MILO_LW,767,0.08242362069604528
MILO_LW,768,0.12130059038401252
MILO_LW,769,0.11966525704562009
MILO_LW,770,0.19960754293426125
MILO_LW,771,0.11147807781247815
MILO_LW,772,0.12670610915244165
MILO_LW,773,0.11528825781739806
MILO_LW,774,0.17117310075517156
MILO_LW,775,0.15982727802915953
MILO_LW,776,0.11389730057879403
MILO_LW,777,0.09844750903488364
MILO_LW,778,0.07531731834112597
MILO_LW,779,0.0830492512032655
MILO_LW,780,0.07798354165012376
MILO_LW,781,0.16448320675123151
MILO_LW,782,0.14914346915646554
MILO_LW,783,0.0849796362345846
MILO_LW,784,0.10292966377612046
MILO_LW,785,0.10293665036226482
MILO_LW,786,0.10293665036226482
MILO_LW,787,0.12381152889949829
MILO_LW,788,0.19388561967792955
MILO_LW,789,0.22090720092115504
MILO_LW,790,0.06240663667517411
MILO_LW,791,0.06240663667517411
MILO_LW,792,0.07231572514754528
MILO_LW,793,0.050709879798861476
MILO_LW,794,0.07349033860354587
MILO_LW,795,0.07869386742791598
MILO_LW,796,0.09222430584535249
MILO_LW,797,0.11010684995623618
MILO_LW,798,0.030919828898104122
MILO_LW,799,0.09693970097043303
MILO_LW,800,0.03201485954987966
MILO_LW,801,0.09041095990989549
MILO_LW,802,0.07773235718590339
MILO_LW,803,0.10451203782815335
MILO_LW,804,0.10227419230388735
MILO_LW,805,0.12082339912562615
MILO_LW,806,0.08461697500278434
MILO_LW,807,0.07370130919053666
MILO_LW,808,0.11175747829511848
MILO_LW,809,0.07760957591857709
MILO_LW,810,0.08033139458654409
MILO_LW,811,0.06818061622864222
MILO_LW,812,0.04430157873450978
MILO_LW,813,0.060771429751793
MILO_LW,814,0.06251108576309647
MILO_LW,815,0.15107771917982682
MILO_LW,816,0.1555031092232432
MILO_LW,817,0.022701932234559512
MILO_LW,818,0.06325866482305455
MILO_LW,819,0.052362970764179166
MILO_LW,820,0.06755424832889652
MILO_LW,821,0.10889393236993919
MILO_LW,822,0.10732614847860693
MILO_LW,823,0.22566309647568392
MILO_LW,824,0.2148673559742831
MILO_LW,825,0.22314109495721904
MILO_LW,826,0.12230660655051959
MILO_LW,827,0.07200865625925777
MILO_LW,828,0.045894854148092044
MILO_LW,829,0.07285679680592128
MILO_LW,830,0.058399463641892926
MILO_LW,831,0.07518335368071881
MILO_LW,832,0.0643255750789167
MILO_LW,833,0.07505011867750333
MILO_LW,834,0.1141543360616046
MILO_LW,835,0.13761520477795117
MILO_LW,836,0.15898413898526526
MILO_LW,837,0.12222534131214974
MILO_LW,838,0.06503490951977375
MILO_LW,839,0.13388813264646748
MILO_LW,840,0.08918310172984822
MILO_LW,841,0.047986126869430046
MILO_LW,842,0.07024528109847067
MILO_LW,843,0.11543927141701385
MILO_LW,844,0.07052199921067459
MILO_LW,845,0.07581029545445825
MILO_LW,846,0.12044012268749721
MILO_LW,847,0.12609275562185326
MILO_LW,848,0.12267773557152284
MILO_LW,849,0.1576932386108213
MILO_LW,850,0.12232135148349765
MILO_LW,851,0.13777598680166214
MILO_LW,852,0.13718126038312714
MILO_LW,853,0.04365644626363592
MILO_LW,854,0.06803991810377696
MILO_LW,855,0.1182197087527866
MILO_LW,856,0.10464554553362951
MILO_LW,857,0.07785418554954952
MILO_LW,858,0.07829507420294898
MILO_LW,859,0.11144861236687877
MILO_LW,860,0.11931455136433042
MILO_LW,861,0.09549194073843915
MILO_LW,862,0.15387923371900672
MILO_LW,863,0.11756250360224911
MILO_LW,864,0.07339253065834202
MILO_LW,865,0.10119612927388269
MILO_LW,866,0.12829894018811847
MILO_LW,867,0.11346206193611175
MILO_LW,868,0.09237700737481733
MILO_LW,869,0.08377845764736885
MILO_LW,870,0.08377845764736885
MILO_LW,871,0.061881875903646036
MILO_LW,872,0.0765879426180717
MILO_LW,873,0.02957780384743267
MILO_LW,874,0.0347776147929026
MILO_LW,875,0.05057336437069377
MILO_LW,876,0.0787798497209675
MILO_LW,877,0.0528949487614825
MILO_LW,878,0.05288357065267664
MILO_LW,879,0.030791706396060846
MILO_LW,880,0.13746354147081294
MILO_LW,881,0.12788426916089654
MILO_LW,882,0.05202688504798099
MILO_LW,883,0.1367775304366436
MILO_LW,884,0.12380870976453255
MILO_LW,885,0.14482106731541267
MILO_LW,886,0.08026017443582431
MILO_LW,887,0.04058385937733951
MILO_LW,888,0.05597165303999407
MILO_LW,889,0.09544121284018403
MILO_LW,890,0.10264120886913124
MILO_LW,891,0.055246632458841594
MILO_LW,892,0.03385928420245089
MILO_LW,893,0.09127991665910579
MILO_LW,894,0.08142831983232572
MILO_LW,895,0.08667673230631184
MILO_LW,896,0.039165780429622404
MILO_LW,897,0.1426806772894308
MILO_LW,898,0.035433776982843494
MILO_LW,899,0.12961769726386826
MILO_LW,900,0.11841352099302219
MILO_LW,901,0.03491334273640155
MILO_LW,902,0.046497280112640406
MILO_LW,903,0.059310789281484325
MILO_LW,904,0.09713331026803129
MILO_LW,905,0.09477911446285482
MILO_LW,906,0.05608840135567194
MILO_LW,907,0.10194825375002693
MILO_LW,908,0.10548929006610133
MILO_LW,909,0.08981245037062968
MILO_LW,910,0.059197269295156424
MILO_LW,911,0.05020295915835979
MILO_LW,912,0.09208674431834013
MILO_LW,913,0.08506186686126242
MILO_LW,914,0.0416522949017747
MILO_LW,915,0.03309510721463236
MILO_LW,916,0.040244135803409395
MILO_LW,917,0.0824742858253512
MILO_LW,918,0.1148068321462308
MILO_LW,919,0.08407515635911661
MILO_LW,920,0.06615145832866838
MILO_LW,921,0.0647238319836085
MILO_LW,922,0.10919023380779547
MILO_LW,923,0.14862452858531378
MILO_LW,924,0.0972271413093449
MILO_LW,925,0.04600666718159462
MILO_LW,926,0.026784139066901153
MILO_LW,927,0.0260055996822715
MILO_LW,928,0.04108046219916248
MILO_LW,929,0.06435223368723002
MILO_LW,930,0.06254385506369484
MILO_LW,931,0.023897989763076333
MILO_LW,932,0.04645429419013769
MILO_LW,933,0.050535303167853526
MILO_LW,934,0.029785746821914497
MILO_LW,935,0.029785746821914497
MILO_LW,936,0.04059589615820502
MILO_LW,937,0.14837318308668826
MILO_LW,938,0.08596781491255412
MILO_LW,939,0.057712810025043866
MILO_LW,940,0.057712810025043866
MILO_LW,941,0.11508061820817607
MILO_LW,942,0.17754357481593439
MILO_LW,943,0.12259174254441789
MILO_LW,944,0.10462800004116521
MILO_LW,945,0.08400581696824946
MILO_LW,946,0.08400581696824946
MILO_LW,947,0.0847489072299731
MILO_LW,948,0.06367028695124524
MILO_LW,949,0.13073564611523208
MILO_LW,950,0.2756189450700791
MILO_LW,951,0.24218393076059494
MILO_LW,952,0.2313294669096398
MILO_LW,953,0.18800819636541985
MILO_LW,954,0.140021052806587
MILO_LW,955,0.12934859808055574
MILO_LW,956,0.0721237002968459
MILO_LW,957,0.13568699105863352
MILO_LW,958,0.051747842589660004
MILO_LW,959,0.06443923754615392
MILO_LW,960,0.06826605977382015
MILO_LW,961,0.07163909084890242
MILO_LW,962,0.05176404300568532
MILO_LW,963,0.11012780808409786
MILO_LW,964,0.051028865963621474
MILO_LW,965,0.07132470008864657
MILO_LW,966,0.05734996365259972
MILO_LW,967,0.06598274616504975
MILO_LW,968,0.09634418909995572
MILO_LW,969,0.12699746464254452
MILO_LW,970,0.12342060043084038
MILO_LW,971,0.10779504433930198
MILO_LW,972,0.07658567615924247
MILO_LW,973,0.09833991524531935
MILO_LW,974,0.09300119439778248
MILO_LW,975,0.11530964567933014
MILO_LW,976,0.1196180672234392
MILO_LW,977,0.08250922622668663
MILO_LW,978,0.06431618994703527
MILO_LW,979,0.08667444018816475
MILO_LW,980,0.07518222873948836
MILO_LW,981,0.09861661140403838
MILO_LW,982,0.09861661140403838
MILO_LW,983,0.09518096592296187
MILO_LW,984,0.10211206991066568
MILO_LW,985,0.10689665103064079
MILO_LW,986,0.0758030682868786
MILO_LW,987,0.07946556303618262
MILO_LW,988,0.09693161862883454
MILO_LW,989,0.06414799533919678
MILO_LW,990,0.06414799533919678
MILO_LW,991,0.17809039810135208
MILO_LW,992,0.17809039810135208
MILO_LW,993,0.08338682780248687
MILO_LW,994,0.063707409509774
MILO_LW,995,0.05354398032927233
MILO_LW,996,0.016687969839162535
MILO_LW,997,0.01615118579592278
MILO_LW,998,0.04952332606560618
MILO_LW,999,0.08032185993724134
MILO_LW,1000,0.05618811616845941
MILO_LW,1001,0.05628316149146401
MILO_LW,1002,0.16820406597239948
MILO_LW,1003,0.15462155574334024
MILO_LW,1004,0.18442341943491336
MILO_LW,1005,0.15406209052261116
MILO_LW,1006,0.10789415201995506
MILO_LW,1007,0.18673807187695654
MILO_LW,1008,0.04736847105353717
MILO_LW,1009,0.2715091620661104
MILO_LW,1010,0.2488016902723767
MILO_LW,1011,0.11613281011415272
MILO_LW,1012,0.08244511499279251
MILO_LW,1013,0.08378062940058134
MILO_LW,1014,0.08378062940058134
MILO_LW,1015,0.09983774697275606
MILO_LW,1016,0.0955710073963188
MILO_LW,1017,0.03895323691835983
MILO_LW,1018,0.08310692649847432
MILO_LW,1019,0.07439413649554232
MILO_LW,1020,0.0532859757399126
MILO_LW,1021,0.18712354535279876
MILO_LW,1022,0.08237607896594656
MILO_LW,1023,0.03810122216750259
MILO_LW,1024,0.04673465045298365
MILO_LW,1025,0.06032716550994639
MILO_LW,1026,0.13313417641571829
MILO_LW,1027,0.15843947098868932
MILO_LW,1028,0.08962117556368679
MILO_LW,1029,0.1864268459686039
MILO_LW,1030,0.10338153326924306
MILO_LW,1031,0.25756614058546473
MILO_LW,1032,0.24715270600649966
MILO_LW,1033,0.044351863519439386
MILO_LW,1034,0.20265812735112804
MILO_LW,1035,0.09394951829238946
MILO_LW,1036,0.20313453953598598
MILO_LW,1037,0.10867064178254945
MILO_LW,1038,0.05756218886378804
MILO_LW,1039,0.05765936154597051
MILO_LW,1040,0.04516984219867766
MILO_LW,1041,0.03982686112741668
MILO_LW,1042,0.04645597890021941
MILO_LW,1043,0.032273830205719035
MILO_LW,1044,0.042129520659938566
MILO_LW,1045,0.09222386865316196
MILO_LW,1046,0.04180508510857485
MILO_LW,1047,0.038778588511508214
MILO_LW,1048,0.03674294037421651
MILO_LW,1049,0.08173912068692527
MILO_LW,1050,0.061879842801172646
MILO_LW,1051,0.09680245819503057
MILO_LW,1052,0.03953654628536706
MILO_LW,1053,0.09003345776310094
MILO_LW,1054,0.07164332748007327
MILO_LW,1055,0.1090609287573909
MILO_LW,1056,0.11409272103948417
MILO_LW,1057,0.03891346804244437
MILO_LW,1058,0.060277075259363086
MILO_LW,1059,0.02229299981650239
MILO_LW,1060,0.016881645890336777
MILO_LW,1061,0.03084398043832317
MILO_LW,1062,0.05372645016419015
MILO_LW,1063,0.032939393237844346
MILO_LW,1064,0.06433112774484684
MILO_LW,1065,0.09864120008041741
MILO_LW,1066,0.15579646846797934
MILO_LW,1067,0.10907026022412936
MILO_LW,1068,0.11841327515452466
MILO_LW,1069,0.1949006011663489
MILO_LW,1070,0.1762232716367004
MILO_LW,1071,0.13185740553479805
MILO_LW,1072,0.07754133188985515
MILO_LW,1073,0.051766352101755495
MILO_LW,1074,0.08417194860445495
MILO_LW,1075,0.05611910150344408
MILO_LW,1076,0.045166613874477915
MILO_LW,1077,0.039344647694513506
MILO_LW,1078,0.05134849004959449
MILO_LW,1079,0.03292860429205788
MILO_LW,1080,0.07387120411900358
MILO_LW,1081,0.1355091622488927
MILO_LW,1082,0.0632070235250724
MILO_LW,1083,0.0632070235250724
MILO_LW,1084,0.038463045728921945
MILO_LW,1085,0.05275870505871947
MILO_LW,1086,0.05397062083563201
MILO_LW,1087,0.031678545717743166
MILO_LW,1088,0.13919795342738522
MILO_LW,1089,0.14444084833953377
MILO_LW,1090,0.14269760625681763
MILO_LW,1091,0.14669689750761428
MILO_LW,1092,0.09778527310047219
MILO_LW,1093,0.12992834440502077
MILO_LW,1094,0.09411588010286623
MILO_LW,1095,0.062297559387409995
MILO_LW,1096,0.06900659982636052
MILO_LW,1097,0.06986456010230951
MILO_LW,1098,0.06936578252469602
MILO_LW,1099,0.07974726040900738
MILO_LW,1100,0.07644953865614075
MILO_LW,1101,0.11333116286512537
MILO_LW,1102,0.07849282453465069
MILO_LW,1103,0.07443333102992536
MILO_LW,1104,0.1159880844168607
MILO_LW,1105,0.06678003638660238
MILO_LW,1106,0.05144346559119854
MILO_LW,1107,0.10167597588943526
MILO_LW,1108,0.14135393712992286
MILO_LW,1109,0.05322290358506558
MILO_LW,1110,0.05416299487237923
MILO_LW,1111,0.09407695679681445
MILO_LW,1112,0.0811937091913815
MILO_LW,1113,0.09503555031686199
MILO_LW,1114,0.12018843756728552
MILO_LW,1115,0.20113659693912345
MILO_LW,1116,0.12461601128569043
MILO_LW,1117,0.16643004252592586
MILO_LW,1118,0.17359804072646273
MILO_LW,1119,0.08012714555313129
MILO_LW,1120,0.07969988338261993
MILO_LW,1121,0.08824235894269805
MILO_LW,1122,0.06592178803359242
MILO_LW,1123,0.08171341072654531
MILO_LW,1124,0.0663452827494426
MILO_LW,1125,0.19076063928899975
MILO_LW,1126,0.06375385983463872
MILO_LW,1127,0.13329280191123766
MILO_LW,1128,0.058421917585301394
MILO_LW,1129,0.05177796899357745
MILO_LW,1130,0.060150227738976964
MILO_LW,1131,0.1559333171967491
MILO_LW,1132,0.10415957616667468
MILO_LW,1133,0.07963564768351782
MILO_LW,1134,0.07170968753793573
MILO_LW,1135,0.05312945835002696
MILO_LW,1136,0.09023002983712713
MILO_LW,1137,0.08097195770863107
MILO_LW,1138,0.05707635808064877
MILO_LW,1139,0.0723788029520803
MILO_LW,1140,0.0669579480506829
MILO_LW,1141,0.12085354021889791
MILO_LW,1142,0.12629592145714397
MILO_LW,1143,0.078927440045919
MILO_LW,1144,0.10726387694134368
MILO_LW,1145,0.07607467187777447
MILO_LW,1146,0.09109091436431008
MILO_LW,1147,0.09183694704367054
MILO_LW,1148,0.08294967048940452
MILO_LW,1149,0.12286823176237126
MILO_LW,1150,0.1118465714918016
MILO_LW,1151,0.11848116088918988
MILO_LW,1152,0.05905777770614461
MILO_LW,1153,0.05261858349130725
MILO_LW,1154,0.11649884812484756
MILO_LW,1155,0.10594648231165774
MILO_LW,1156,0.09118571093193648
MILO_LW,1157,0.06283868140700327
MILO_LW,1158,0.06283868140700327
MILO_LW,1159,0.03823756945185977
MILO_LW,1160,0.07018233333178465
MILO_LW,1161,0.0790840952737449
MILO_LW,1162,0.10650974542222161
MILO_LW,1163,0.11023376718349326
MILO_LW,1164,0.11023376718349326
MILO_LW,1165,0.20262144847909935
MILO_LW,1166,0.12721814133500697
MILO_LW,1167,0.09118422434243481
MILO_LW,1168,0.12200440346811953
MILO_LW,1169,0.13066212297364818
MILO_LW,1170,0.052455788618810575
MILO_LW,1171,0.05376272972412796
MILO_LW,1172,0.11799628428943346
MILO_LW,1173,0.15700795578904583
MILO_LW,1174,0.044434983812336244
MILO_LW,1175,0.02999815705045255
MILO_LW,1176,0.03473583342419198
MILO_LW,1177,0.02873092087323425
MILO_LW,1178,0.09663315506456513
MILO_LW,1179,0.0857478679801828
MILO_LW,1180,0.07954381822740805
MILO_LW,1181,0.043637910462727456
MILO_LW,1182,0.07776617380057642
MILO_LW,1183,0.09673449019293437
MILO_LW,1184,0.10475124678607456
MILO_LW,1185,0.133543481088114
MILO_LW,1186,0.10994465341751647
MILO_LW,1187,0.13262191493908537
MILO_LW,1188,0.2371212854561367
MILO_LW,1189,0.2681381030141933
MILO_LW,1190,0.1861352825403865
MILO_LW,1191,0.07808252400504964
MILO_LW,1192,0.10827166751318922
MILO_LW,1193,0.15544483686461022
MILO_LW,1194,0.15544483686461022
MILO_LW,1195,0.16680400102018234
MILO_LW,1196,0.09680314482176072
MILO_LW,1197,0.141250812857392
MILO_LW,1198,0.08325594007421713
MILO_LW,1199,0.0830584204218229
MILO_LW,1200,0.09372681884611127
MILO_LW,1201,0.05659456336134993
MILO_LW,1202,0.07499686608800726
MILO_LW,1203,0.08586556702211048
MILO_LW,1204,0.08586556702211048
MILO_LW,1205,0.13676409286882507
MILO_LW,1206,0.14080010025373302
MILO_LW,1207,0.11282178646640767
MILO_LW,1208,0.0741523437497677
MILO_LW,1209,0.06568097028687205
MILO_LW,1210,0.1703899486745827
MILO_LW,1211,0.09947022752956784
MILO_LW,1212,0.05763505012811292
MILO_LW,1213,0.15595539107969986
MILO_LW,1214,0.1696510889038488
MILO_LW,1215,0.13743866583014056
MILO_LW,1216,0.13696203054227937
MILO_LW,1217,0.13440635023273242
MILO_LW,1218,0.15983195588638113
MILO_LW,1219,0.15125662161366882
MILO_LW,1220,0.08709646727193385
MILO_LW,1221,0.08709646727193385
MILO_LW,1222,0.06867677361167679
MILO_LW,1223,0.0565457571326473
MILO_LW,1224,0.09507955476482272
MILO_LW,1225,0.13701229768454096
MILO_LW,1226,0.14477262990066767
MILO_LW,1227,0.13304821704856873
MILO_LW,1228,0.1513161509444562
MILO_LW,1229,0.08820112589010781
MILO_LW,1230,0.09424055029008797
MILO_LW,1231,0.07959238562027698
MILO_LW,1232,0.07959238562027698
MILO_LW,1233,0.07971106061963176
MILO_LW,1234,0.08985769215621837
MILO_LW,1235,0.04526736806067341
MILO_LW,1236,0.034773826118351815
MILO_LW,1237,0.02875253422533961
MILO_LW,1238,0.03731483364365979
MILO_LW,1239,0.06986343247136681
MILO_LW,1240,0.07937043658394306
MILO_LW,1241,0.10486048618606887
MILO_LW,1242,0.151825744784336
MILO_LW,1243,0.07108785905624578
MILO_LW,1244,0.11618071065567198
MILO_LW,1245,0.09014123455601052
MILO_LW,1246,0.18054458707962406
MILO_LW,1247,0.17417376489991993
MILO_LW,1248,0.1555634667704479
MILO_LW,1249,0.17963405600329307
MILO_LW,1250,0.14388082911648695
MILO_LW,1251,0.038283544982152834
MILO_LW,1252,0.04746310190628965
MILO_LW,1253,0.07398819554557759
MILO_LW,1254,0.061857718962321104
MILO_LW,1255,0.07529268992464601
MILO_LW,1256,0.08580141706604585
MILO_LW,1257,0.12219930397585646
MILO_LW,1258,0.24304544943122752
MILO_LW,1259,0.20164136922262343
MILO_LW,1260,0.18629707501408227
MILO_LW,1261,0.1438882001039305
MILO_LW,1262,0.14074528234045453
MILO_LW,1263,0.14139232524007658
MILO_LW,1264,0.18801640434777678
MILO_LW,1265,0.07808206315692855
MILO_LW,1266,0.1653939203596409
MILO_LW,1267,0.11547010655810802
MILO_LW,1268,0.06213320718776413
MILO_LW,1269,0.0606243248651325
MILO_LW,1270,0.08213884766417812
MILO_LW,1271,0.08109318572581534
MILO_LW,1272,0.05621759735280267
MILO_LW,1273,0.06174207073582753
MILO_LW,1274,0.04244483119214419
MILO_LW,1275,0.11116786934845482
MILO_LW,1276,0.08172241923499592
MILO_LW,1277,0.07460806273784781
MILO_LW,1278,0.07460806273784781
MILO_LW,1279,0.0898650723867163
MILO_LW,1280,0.059414796025387434
MILO_LW,1281,0.13605337657990615
MILO_LW,1282,0.09365794121671019
MILO_LW,1283,0.07537700353832569
MILO_LW,1284,0.11959973174865167
MILO_LW,1285,0.16125808887080856
MILO_LW,1286,0.046511816305292726
MILO_LW,1287,0.16611442220553466
MILO_LW,1288,0.1855339287564641
MILO_LW,1289,0.09514577094531528
MILO_LW,1290,0.16704222746330125
MILO_LW,1291,0.16228468825614595
MILO_LW,1292,0.18775752169010276
MILO_LW,1293,0.07818577976460249
MILO_LW,1294,0.17194863044455166
MILO_LW,1295,0.1814680431476176
MILO_LW,1296,0.1394916908395784
MILO_LW,1297,0.1477621496406833
MILO_LW,1298,0.11852527901623772
MILO_LW,1299,0.10362476626942092
MILO_LW,1300,0.08370608820187381
MILO_LW,1301,0.08248540175016825
MILO_LW,1302,0.070653453574483
MILO_LW,1303,0.07221828564172311
MILO_LW,1304,0.03910977585322714
MILO_LW,1305,0.07368203117904887
MILO_LW,1306,0.08867436097941078
MILO_LW,1307,0.09532197745078042
MILO_LW,1308,0.10536580356454431
MILO_LW,1309,0.0972494857426383
MILO_LW,1310,0.12955507467040484
MILO_LW,1311,0.09884305025971954
MILO_LW,1312,0.16897125049557213
MILO_LW,1313,0.08676667854115713
MILO_LW,1314,0.03151447519539593
MILO_LW,1315,0.05824955729994931
MILO_LW,1316,0.05847364173168139
MILO_LW,1317,0.05824955729994931
MILO_LW,1318,0.14513797685706614
MILO_LW,1319,0.19323610721949974
MILO_LW,1320,0.15996037214518413
MILO_LW,1321,0.1869200574359116
MILO_LW,1322,0.20569638271672344
MILO_LW,1323,0.15560601449995734
MILO_LW,1324,0.16822156339929784
MILO_LW,1325,0.18902572488973923
MILO_LW,1326,0.19298687450402707
MILO_LW,1327,0.1365968301285162
MILO_LW,1328,0.21068906819087335
MILO_LW,1329,0.06784447410865625
MILO_LW,1330,0.06567677107910806
MILO_LW,1331,0.19224239384800432
MILO_LW,1332,0.08651193862683579
MILO_LW,1333,0.08651193862683579
MILO_LW,1334,0.13715148322824317
MILO_LW,1335,0.08208559257346282
MILO_LW,1336,0.08250455375988472
MILO_LW,1337,0.05660031150699105
MILO_LW,1338,0.11485691028721709
MILO_LW,1339,0.14175237951061806
MILO_LW,1340,0.21622706717152343
MILO_LW,1341,0.2900663958142397
MILO_LW,1342,0.20578599828151467
MILO_LW,1343,0.1217767406947345
MILO_LW,1344,0.11941307367009105
MILO_LW,1345,0.07658060186731178
MILO_LW,1346,0.04955412608922834
MILO_LW,1347,0.03913361727024355
MILO_LW,1348,0.04753579498211055
MILO_LW,1349,0.057096734556858514
MILO_LW,1350,0.1065534618107628
MILO_LW,1351,0.06702464859119925
MILO_LW,1352,0.11048252822113323
MILO_LW,1353,0.13956529715667992
MILO_LW,1354,0.08672174409147562
MILO_LW,1355,0.09652428736607278
MILO_LW,1356,0.10640894233725427
MILO_LW,1357,0.13294616867459033
MILO_LW,1358,0.1308906123240239
MILO_LW,1359,0.09698674730459178
MILO_LW,1360,0.07245057583036452
MILO_LW,1361,0.08282073163467894
MILO_LW,1362,0.1458520141097653
MILO_LW,1363,0.1302028074528992
MILO_LW,1364,0.09951962771156105
MILO_LW,1365,0.061105233003468915
MILO_LW,1366,0.04389280175464445
MILO_LW,1367,0.03533799889441502
MILO_LW,1368,0.06607382306837395
MILO_LW,1369,0.07706277575691345
MILO_LW,1370,0.0945668711998179
MILO_LW,1371,0.10594262183243025
MILO_LW,1372,0.10138749136079576
MILO_LW,1373,0.10594262183243025
MILO_LW,1374,0.08811019926609519
MILO_LW,1375,0.10571441562190187
MILO_LW,1376,0.13592029833241312
MILO_LW,1377,0.21318921103803548
MILO_LW,1378,0.1299434014431048
MILO_LW,1379,0.19315671294791803
MILO_LW,1380,0.12672556391738907
MILO_LW,1381,0.1182439057504868
MILO_LW,1382,0.288828764263306
MILO_LW,1383,0.1797812503960009
MILO_LW,1384,0.10560647221848284
MILO_LW,1385,0.11743974125710142
MILO_LW,1386,0.11453248902624764
MILO_LW,1387,0.06639107975972536
MILO_LW,1388,0.0881335400837483
MILO_LW,1389,0.23181017093574377
MILO_LW,1390,0.2834045438699968
MILO_LW,1391,0.153886062404357
MILO_LW,1392,0.12305799406683532
MILO_LW,1393,0.10855799815740136
MILO_LW,1394,0.10462289844419109
MILO_LW,1395,0.11150464469600818
MILO_LW,1396,0.09492636121904617
MILO_LW,1397,0.09949011796147122
MILO_LW,1398,0.07817523510263458
MILO_LW,1399,0.056359370182027226
MILO_LW,1400,0.03632888115317763
MILO_LW,1401,0.08466151927510494
MILO_LW,1402,0.08327630684423458
MILO_LW,1403,0.2118015833494435
MILO_LW,1404,0.26061981191262745
MILO_LW,1405,0.2474197758594453
MILO_LW,1406,0.11429007442760972
MILO_LW,1407,0.09718328684195851
MILO_LW,1408,0.1280409360183805
MILO_LW,1409,0.13861591310940033
MILO_LW,1410,0.1527227918848575
MILO_LW,1411,0.12502587683224978
MILO_LW,1412,0.12058613902399601
MILO_LW,1413,0.08746495016017167
MILO_LW,1414,0.07177881763243818
MILO_LW,1415,0.21347888727644718
MILO_LW,1416,0.06093903337001145
MILO_LW,1417,0.0719135555150652
MILO_LW,1418,0.07295524704867115
MILO_LW,1419,0.08878086752862781
MILO_LW,1420,0.05732479024510363
MILO_LW,1421,0.08080673803819133
MILO_LW,1422,0.028382166232412222
MILO_LW,1423,0.028382166232412222
MILO_LW,1424,0.11707357184108032
MILO_LW,1425,0.099815616125656
MILO_LW,1426,0.07198044496253111
MILO_LW,1427,0.06319690864051432
MILO_LW,1428,0.06378880001213985
MILO_LW,1429,0.06395750046559921
MILO_LW,1430,0.05531872383216238
MILO_LW,1431,0.11968043560452492
MILO_LW,1432,0.12006979232151091
MILO_LW,1433,0.09595259617022503
MILO_LW,1434,0.11830991091441606
MILO_LW,1435,0.10195813573857013
MILO_LW,1436,0.15972084561885302
MILO_LW,1437,0.16951028752777147
MILO_LW,1438,0.1154098765101907
MILO_LW,1439,0.12371273256521295
MILO_LW,1440,0.07875215692904464
MILO_LW,1441,0.05713803983794778
MILO_LW,1442,0.07868718067740144
MILO_LW,1443,0.1486356540482037
MILO_LW,1444,0.033451893687768984
MILO_LW,1445,0.05817856217517345
MILO_LW,1446,0.059279134759193296
MILO_LW,1447,0.0393180710268783
MILO_LW,1448,0.06533194435627354
MILO_LW,1449,0.07923516404993691
MILO_LW,1450,0.08107499688468636
MILO_LW,1451,0.08107499688468636
MILO_LW,1452,0.11420775196324645
MILO_LW,1453,0.11962232135970895
MILO_LW,1454,0.17623865289389662
MILO_LW,1455,0.14898505086453814
MILO_LW,1456,0.1885223478674428
MILO_LW,1457,0.10449431775484683
MILO_LW,1458,0.15053210211240026
MILO_LW,1459,0.08856836647498675
MILO_LW,1460,0.08856836647498675
MILO_LW,1461,0.26057613177604694
MILO_LW,1462,0.20376706713531964
MILO_LW,1463,0.11498073177616948
MILO_LW,1464,0.1097846132928993
MILO_LW,1465,0.11457734195940972
MILO_LW,1466,0.1353915163989925
MILO_LW,1467,0.1500037365514844
MILO_LW,1468,0.13657984846520496
MILO_LW,1469,0.09150335626477457
MILO_LW,1470,0.13657984846520496
MILO_LW,1471,0.11929150239725736
MILO_LW,1472,0.08423710950508267
MILO_LW,1473,0.08483337395039067
MILO_LW,1474,0.051767822810640345
MILO_LW,1475,0.03950991239845786
MILO_LW,1476,0.037595182233724225
MILO_LW,1477,0.07439701260317601
MILO_LW,1478,0.10664531836930385
MILO_LW,1479,0.0716803680394498
MILO_LW,1480,0.09880785303828321
MILO_LW,1481,0.13626301373067418
MILO_LW,1482,0.11974958101278813
MILO_LW,1483,0.11974958101278813
MILO_LW,1484,0.17372362011294432
MILO_LW,1485,0.09597549898202402
MILO_LW,1486,0.09597549898202402
MILO_LW,1487,0.13539333072727053
MILO_LW,1488,0.1314026304582464
MILO_LW,1489,0.11448687063326365
MILO_LW,1490,0.1333631603659458
MILO_LW,1491,0.1056285552396964
MILO_LW,1492,0.14728966275591054
MILO_LW,1493,0.14077545682407308
MILO_LW,1494,0.11986978626925415
MILO_LW,1495,0.14841132613748534
MILO_LW,1496,0.09950040949206601
MILO_LW,1497,0.15128070898357113
MILO_LW,1498,0.08892489234084365
MILO_LW,1499,0.0833784001317906
MILO_LW,1500,0.0697376994622046
MILO_LW,1501,0.08235667959794106
MILO_LW,1502,0.043763196263013476
MILO_LW,1503,0.13212531952083081
MILO_LW,1504,0.21733207477864885
MILO_LW,1505,0.20831010081214546
MILO_LW,1506,0.19228850887078106
MILO_LW,1507,0.18804095660201117
MILO_LW,1508,0.15301333999060077
MILO_LW,1509,0.045100291986255106
MILO_LW,1510,0.045100291986255106
MILO_LW,1511,0.037478849926056115
MILO_LW,1512,0.049681000854905816
MILO_LW,1513,0.07831510474155826
MILO_LW,1514,0.1045566971205681
MILO_LW,1515,0.09709165082492993
MILO_LW,1516,0.12003728434265298
MILO_LW,1517,0.08562888088956258
MILO_LW,1518,0.11798124280411715
MILO_LW,1519,0.09647276746532145
MILO_LW,1520,0.07891117264376596
MILO_LW,1521,0.04852584971781411
MILO_LW,1522,0.04816030436661256
MILO_LW,1523,0.04816030436661256
MILO_LW,1524,0.23501692453761214
MILO_LW,1525,0.3293158521321665
MILO_LW,1526,0.35178853760779716
MILO_LW,1527,0.33432663687596637
MILO_LW,1528,0.10418323670962458
MILO_LW,1529,0.12675759372840395
MILO_LW,1530,0.12826814967120923
MILO_LW,1531,0.10626772677173882
MILO_LW,1532,0.09086658206194681
MILO_LW,1533,0.09366496542256915
MILO_LW,1534,0.09184918366443787
MILO_LW,1535,0.05978072981344796
MILO_LW,1536,0.04535976240351591
MILO_LW,1537,0.047170249753015925
MILO_LW,1538,0.0863335599201192
MILO_LW,1539,0.06289439270189723
MILO_LW,1540,0.07461645536575072
MILO_LW,1541,0.07461645536575072
MILO_LW,1542,0.11415187505898033
MILO_LW,1543,0.15197017044873706
MILO_LW,1544,0.1781084654551169
MILO_LW,1545,0.08438573221886678
MILO_LW,1546,0.0755814198639788
MILO_LW,1547,0.11348705744735182
MILO_LW,1548,0.09610450808132748
MILO_LW,1549,0.12048131819359062
MILO_LW,1550,0.13930097140924821
MILO_LW,1551,0.20892613704392768
MILO_LW,1552,0.10505122250184126
MILO_LW,1553,0.193945147683507
MILO_LW,1554,0.11942899005826232
MILO_LW,1555,0.07128107522155186
MILO_LW,1556,0.09821951862736898
MILO_LW,1557,0.05716996741442289
MILO_LW,1558,0.10765418094417517
MILO_LW,1559,0.16124744484322595
MILO_LW,1560,0.14811463795109628
MILO_LW,1561,0.11817664395839006
MILO_LW,1562,0.09937843342377903
MILO_LW,1563,0.09802059675595172
MILO_LW,1564,0.040821366529037666
MILO_LW,1565,0.09802059675595172
MILO_LW,1566,0.16922960499985074
MILO_LW,1567,0.10942785520042475
MILO_LW,1568,0.13584557462558045
MILO_LW,1569,0.12680866156216775
MILO_LW,1570,0.09153237527930119
MILO_LW,1571,0.08822609326337305
MILO_LW,1572,0.08988393176977423
MILO_LW,1573,0.057729849695746016
MILO_LW,1574,0.08988393176977423
MILO_LW,1575,0.10518791002841955
MILO_LW,1576,0.1295663737483553
MILO_LW,1577,0.10452543100716188
MILO_LW,1578,0.10547119940163113
MILO_LW,1579,0.08035321271464484
MILO_LW,1580,0.122252441927087
MILO_LW,1581,0.11263473948505559
MILO_LW,1582,0.17243865875459152
MILO_LW,1583,0.16089504924033415
MILO_LW,1584,0.10819390045960502
MILO_LW,1585,0.15177626672747563
MILO_LW,1586,0.19634257325068177
MILO_LW,1587,0.19580883852523528
MILO_LW,1588,0.07626163804654448
MILO_LW,1589,0.08038139673303424
MILO_LW,1590,0.04430296508801102
MILO_LW,1591,0.05218398612926254
MILO_LW,1592,0.11832424024778906
MILO_LW,1593,0.1997904450063326
MILO_LW,1594,0.1448534623877133
MILO_LW,1595,0.17266501509309484
MILO_LW,1596,0.07482400942874198
MILO_LW,1597,0.1991493325381869
MILO_LW,1598,0.18733676769751934
MILO_LW,1599,0.16166616827944433
MILO_LW,1600,0.16861041781029168
MILO_LW,1601,0.13044837000621473
MILO_LW,1602,0.104313686690512
MILO_LW,1603,0.09895313773149286
MILO_LW,1604,0.11121873384499106
MILO_LW,1605,0.08351188040791858
MILO_LW,1606,0.07166167528793459
MILO_LW,1607,0.06656807317060402
MILO_LW,1608,0.1195394532174185
MILO_LW,1609,0.10632564575698558
MILO_LW,1610,0.10386979496211945
MILO_LW,1611,0.15851410174483502
MILO_LW,1612,0.05034695549115942
MILO_LW,1613,0.07671694123879821
MILO_LW,1614,0.09805659643457819
MILO_LW,1615,0.07458890956485718
MILO_LW,1616,0.07792110364061341
MILO_LW,1617,0.111428186141695
MILO_LW,1618,0.14430810791674759
MILO_LW,1619,0.11205646753553088
MILO_LW,1620,0.11516212700245754
MILO_LW,1621,0.10162807835169323
MILO_LW,1622,0.08582294982579357
MILO_LW,1623,0.16094952396081683
MILO_LW,1624,0.14773424093179913
MILO_LW,1625,0.08616361153428942
MILO_LW,1626,0.16821625287860678
MILO_LW,1627,0.19154741032479505
MILO_LW,1628,0.2559613961435466
MILO_LW,1629,0.1880091742518164
MILO_LW,1630,0.17064637242065295
MILO_LW,1631,0.1919443176116754
MILO_LW,1632,0.09551573855517789
MILO_LW,1633,0.05488790987012077
MILO_LW,1634,0.042135497135038384
MILO_LW,1635,0.042135497135038384
MILO_LW,1636,0.06432500432997568
MILO_LW,1637,0.09840078686700818
MILO_LW,1638,0.13488286701455957
MILO_LW,1639,0.04823824428999565
MILO_LW,1640,0.049201690467892016
MILO_LW,1641,0.13280168020358812
MILO_LW,1642,0.12551765940660953
MILO_LW,1643,0.11445286472653052
MILO_LW,1644,0.007642645826853838
MILO_LW,1645,0.077792836597074
MILO_LW,1646,0.08149528054191098
MILO_LW,1647,0.06982253397842655
MILO_LW,1648,0.06902063409536226
MILO_LW,1649,0.07905762690366841
MILO_LW,1650,0.054775873816565
MILO_LW,1651,0.07972069497578604
MILO_LW,1652,0.07972069497578604
MILO_LW,1653,0.07348824267181146
MILO_LW,1654,0.13610063366239916
MILO_LW,1655,0.13943491938839503
MILO_LW,1656,0.05512052709511149
MILO_LW,1657,0.08934398711494083
MILO_LW,1658,0.030773410907823796
MILO_LW,1659,0.07927934164121157
MILO_LW,1660,0.11273718688217652
MILO_LW,1661,0.10603643699814394
MILO_LW,1662,0.07632051091232553
MILO_LW,1663,0.05147961410535701
MILO_LW,1664,0.09361846202462504
MILO_LW,1665,0.06382784018512833
MILO_LW,1666,0.05046499614661655
MILO_LW,1667,0.07733561380854972
MILO_LW,1668,0.10268597076101639
MILO_LW,1669,0.07355331104465235
MILO_LW,1670,0.06739715171939323
MILO_LW,1671,0.07176750553755853
MILO_LW,1672,0.10759057740680697
MILO_LW,1673,0.11718667198026042
MILO_LW,1674,0.07882409061369663
MILO_LW,1675,0.08298676204224308
MILO_LW,1676,0.16594048558174376
MILO_LW,1677,0.1331475501979769
MILO_LW,1678,0.13899488380628272
MILO_LW,1679,0.1253460985926104
MILO_LW,1680,0.11498432718239096
MILO_LW,1681,0.08327235573551922
MILO_LW,1682,0.08794462804492953
MILO_LW,1683,0.09587800379811881
MILO_LW,1684,0.09587800379811881
MILO_LW,1685,0.08627932528516688
MILO_LW,1686,0.15697787226257962
MILO_LW,1687,0.13653931416769133
MILO_LW,1688,0.13120330169877142
MILO_LW,1689,0.19410263576709674
MILO_LW,1690,0.18730908841879756
MILO_LW,1691,0.17732857859165535
MILO_LW,1692,0.18756172855207537
MILO_LW,1693,0.10381572701406289
MILO_LW,1694,0.15405689240862291
MILO_LW,1695,0.04555954698023844
MILO_LW,1696,0.043872555967872526
MILO_LW,1697,0.0970558976658483
MILO_LW,1698,0.09064105631931832
MILO_LW,1699,0.08375050890842461
MILO_LW,1700,0.14372501027449275
MILO_LW,1701,0.16748523773423463
MILO_LW,1702,0.13068384711734835
MILO_LW,1703,0.12357543685499933
MILO_LW,1704,0.14245526974088055
MILO_LW,1705,0.1342175880642464
MILO_LW,1706,0.12766175566818846
MILO_LW,1707,0.19948718261347909
MILO_LW,1708,0.12427879203744097
MILO_LW,1709,0.10895670662047505
MILO_LW,1710,0.0701885639700991
MILO_LW,1711,0.04414723212187549
MILO_LW,1712,0.048466080955382934
MILO_LW,1713,0.05947555378371851
MILO_LW,1714,0.0804688067132622
MILO_LW,1715,0.0627695218990288
MILO_LW,1716,0.06574221160845907
MILO_LW,1717,0.08369055564132115
MILO_LW,1718,0.06144774556072435
MILO_LW,1719,0.08088922234883628
MILO_LW,1720,0.27125132509251026
MILO_LW,1721,0.2194817224908794
MILO_LW,1722,0.1995459825463258
MILO_LW,1723,0.1995459825463258
MILO_LW,1724,0.1678656150695247
MILO_LW,1725,0.2274035004076783
MILO_LW,1726,0.168063859952008
MILO_LW,1727,0.19673516813045816
MILO_LW,1728,0.10721423779519743
MILO_LW,1729,0.1725245928707823
MILO_LW,1730,0.14848472852830996
MILO_LW,1731,0.09305452335167569
MILO_LW,1732,0.054917395334711475
MILO_LW,1733,0.064669967915186
MILO_LW,1734,0.03483993008761761
MILO_LW,1735,0.06984733341175976
MILO_LW,1736,0.05558082670946923
MILO_LW,1737,0.05940689287476504
MILO_LW,1738,0.043621464658849585
MILO_LW,1739,0.043621464658849585
MILO_LW,1740,0.06884766155175595
MILO_LW,1741,0.10040847651402637
MILO_LW,1742,0.18652709214910962
MILO_LW,1743,0.15725061018355774
MILO_LW,1744,0.11344154891480966
MILO_LW,1745,0.0813965611809814
MILO_LW,1746,0.08305164862577914
MILO_LW,1747,0.08042396298447532
MILO_LW,1748,0.0675862766341325
MILO_LW,1749,0.15616523094189197
MILO_LW,1750,0.1621509444374038
MILO_LW,1751,0.14296543151221938
MILO_LW,1752,0.11060829493715309
MILO_LW,1753,0.12012296528879336
MILO_LW,1754,0.09839988833836068
MILO_LW,1755,0.07590179286164758
MILO_LW,1756,0.053422132677915
MILO_LW,1757,0.08033110625377138
MILO_LW,1758,0.08220127464724554
MILO_LW,1759,0.09069313794745645
MILO_LW,1760,0.06952702248027302
MILO_LW,1761,0.07294225654082515
MILO_LW,1762,0.089756185917599
MILO_LW,1763,0.13370213175148968
MILO_LW,1764,0.1378760822611042
MILO_LW,1765,0.1435620259252322
MILO_LW,1766,0.2162642540947755
MILO_LW,1767,0.2282071306120178
MILO_LW,1768,0.21020371805558274
MILO_LW,1769,0.1407209240964979
MILO_LW,1770,0.1449856372739342
MILO_LW,1771,0.14558092195836425
MILO_LW,1772,0.14213831870795754
MILO_LW,1773,0.16511539543549789
MILO_LW,1774,0.20797571617270014
MILO_LW,1775,0.18573586026251282
MILO_LW,1776,0.1587947339897503
MILO_LW,1777,0.18762817369580292
MILO_LW,1778,0.19206311521353814
MILO_LW,1779,0.1869297389922521
MILO_LW,1780,0.14301224854379774
MILO_LW,1781,0.14625329712294127
MILO_LW,1782,0.13804607427200297
MILO_LW,1783,0.07530167113537867
MILO_LW,1784,0.12007389587873372
MILO_LW,1785,0.11835405857953543
MILO_LW,1786,0.09510706494701911
MILO_LW,1787,0.1157068869294238
MILO_LW,1788,0.1213083102474804
MILO_LW,1789,0.12317520977092637
MILO_LW,1790,0.14493849135673617
MILO_LW,1791,0.09808529674749482
MILO_LW,1792,0.09321750931542683
MILO_LW,1793,0.1374509146150809
MILO_LW,1794,0.143664599984161
MILO_LW,1795,0.143664599984161
SGD,5,1.0
SGD,6,0.9135592985901952
SGD,7,0.8379729809938206
SGD,8,0.6690588228931238
SGD,9,0.7792988851419562
SGD,10,0.7128681969347981
SGD,11,0.8348497091525828
SGD,12,0.7229262553534657
SGD,13,0.6413403619331883
SGD,14,0.5253218892730078
SGD,15,0.3454785114562219
SGD,16,0.20647581399273723
SGD,17,0.18655860056520637
SGD,18,0.16485278774972495
SGD,19,0.08169231148811673
SGD,20,0.06470198145211517
SGD,21,0.14894522799139903
SGD,22,0.24277621395554838
SGD,23,0.1959449998226686
SGD,24,0.16008135622223668
SGD,25,0.16107803808047916
SGD,26,0.1572744077217969
SGD,27,0.22635483423883923
SGD,28,0.45211741633642566
SGD,29,0.4251271955507747
SGD,30,0.22014746506782212
SGD,31,0.20699611246351043
SGD,32,0.30101771275604905
SGD,33,0.5554463723376017
SGD,34,0.2372208708693561
SGD,35,0.23302210762737852
SGD,36,0.19331679037435115
SGD,37,0.27889365127499466
SGD,38,0.22364723335695685
SGD,39,0.16327248588984677
SGD,40,0.1530482765482443
SGD,41,0.15791613083600453
SGD,42,0.2919020385496912
SGD,43,0.34058977863607187
SGD,44,0.38588704844620086
SGD,45,0.38588704844620086
SGD,46,0.5838108280042204
SGD,47,0.8803259917025933
SGD,48,0.31345994932235544
SGD,49,0.5470401591378373
SGD,50,0.32356649975758955
SGD,51,0.27834362742753166
SGD,52,0.18021049752195106
SGD,53,0.18021049752195106
SGD,54,0.14239883820598165
SGD,55,0.16223946958646945
SGD,56,0.1772541134048246
SGD,57,0.4030398851414383
SGD,58,0.2007679065450772
SGD,59,0.2958231384536615
SGD,60,0.29356427255330053
SGD,61,0.4117766974659597
SGD,62,0.3676816842477073
SGD,63,0.42695458459580127
SGD,64,0.43763934711895425
SGD,65,0.43609233575585343
SGD,66,0.2932163407825788
SGD,67,0.2590213235464552
SGD,68,0.10646204909387921
SGD,69,0.18340425260960502
SGD,70,0.35493560370827826
SGD,71,0.48536058240589314
SGD,72,0.6722106435942639
SGD,73,0.6722106435942639
SGD,74,0.6675708666474838
SGD,75,0.2402372648918508
SGD,76,0.23962911856684832
SGD,77,0.34385050691056024
SGD,78,0.07941123069636935
SGD,79,0.41008294448233257
SGD,80,0.6469110773378095
SGD,81,0.7395130928193354
SGD,82,0.21077341463722532
SGD,83,0.12484748759767364
SGD,84,0.07636996865666122
SGD,85,0.07636996865666122
SGD,86,0.28716522245026455
SGD,87,0.3144101760964171
SGD,88,0.27729076600751423
SGD,89,0.3573215556690451
SGD,90,0.3573215556690451
SGD,91,0.45701161502710563
SGD,92,0.8327419316921028
SGD,93,1.082559582708574
SGD,94,0.529638768184307
SGD,95,0.7523472752477016
SGD,96,0.7210072426224101
SGD,97,0.3904576866190109
SGD,98,0.38483063766780645
SGD,99,0.3870233629753542
SGD,100,0.2661794054125268
SGD,101,0.2661794054125268
SGD,102,0.27974564025590465
SGD,103,0.6119263693384189
SGD,104,0.5210218735466499
SGD,105,0.5647168862290357
SGD,106,0.675268701766587
SGD,107,0.3554485896600729
SGD,108,0.3091764760475766
SGD,109,0.2804087278386554
SGD,110,0.24474293612868345
SGD,111,0.2303626693152934
SGD,112,0.19290171735229214
SGD,113,0.27758327651815146
SGD,114,1.0034152054157646
SGD,115,0.9601153638970181
SGD,116,1.0269188887655094
SGD,117,0.4203735564227731
SGD,118,0.2667270188741027
SGD,119,0.10615319503742379
SGD,120,0.23345675733299712
SGD,121,0.23345675733299712
SGD,122,0.4546721841881785
SGD,123,0.6208465110320212
SGD,124,0.6208465110320212
SGD,125,0.6248027233581881
SGD,126,0.5016102758640386
SGD,127,0.48283728580676466
SGD,128,0.6466788395516777
SGD,129,0.8201864133411976
SGD,130,0.5009372380029411
SGD,131,0.51951949024496
SGD,132,0.6643046278021028
SGD,133,0.6643046278021028
SGD,134,0.46904242499838056
SGD,135,0.16056881237681228
SGD,136,0.1726390090548875
SGD,137,0.16350175002237816
SGD,138,0.8517420233639299
SGD,139,0.8517420233639299
SGD,140,0.8480574407420397
SGD,141,0.3625726465569574
SGD,142,0.3525273294117003
SGD,143,0.4235995427532424
SGD,144,0.30485256296769847
SGD,145,0.4236538566762944
SGD,146,0.33088672024687876
SGD,147,0.4681225687299662
SGD,148,0.7693853298068081
SGD,149,0.38158049420281054
SGD,150,0.7642861333374485
SGD,151,0.7516624026183137
SGD,152,0.6230592755227262
SGD,153,0.31557159948773933
SGD,154,0.31251758312293487
SGD,155,0.26725923188855855
SGD,156,0.24963373962656643
SGD,157,0.20420135599964434
SGD,158,0.14322210990455905
SGD,159,0.2680970308691095
SGD,160,0.4053077958522821
SGD,161,0.3815889861447932
SGD,162,0.31656651589746576
SGD,163,0.4073869966493846
SGD,164,0.4073869966493846
SGD,165,0.6542518972768072
SGD,166,0.5704724316405245
SGD,167,0.8369038320330492
SGD,168,0.7094993567677584
SGD,169,0.24806949280183918
SGD,170,0.2376324462326227
SGD,171,0.49471560558509664
SGD,172,0.37561069778664574
SGD,173,0.2373202899927202
SGD,174,0.653531061707713
SGD,175,0.27658230533877265
SGD,176,0.273641365277129
SGD,177,0.19899746320587158
SGD,178,0.200601151350561
SGD,179,0.24412053072379641
SGD,180,0.3890592580776143
SGD,181,0.4821240402557277
SGD,182,0.4601960102917127
SGD,183,0.888285216191647
SGD,184,0.8474288430083095
SGD,185,0.2998733979286356
SGD,186,0.7821944790587683
SGD,187,0.843289057915089
SGD,188,0.5067955495292326
SGD,189,0.34659250552498505
SGD,190,0.2801291531669387
SGD,191,0.28691422167050695
SGD,192,0.21400539603747085
SGD,193,0.2599131841934555
SGD,194,0.4372038799039662
SGD,195,0.1191737629107243
SGD,196,0.5853182356329506
SGD,197,0.6252780255844218
SGD,198,0.6252780255844218
SGD,199,0.7155209326173833
SGD,200,0.33303550007291727
SGD,201,0.33303550007291727
SGD,202,0.41084818863807043
SGD,203,0.4785255237659697
SGD,204,0.7941726125299322
SGD,205,1.2116537539436718
SGD,206,0.7174878595346469
SGD,207,0.7345267433097088
SGD,208,0.7345267433097088
SGD,209,0.4350446729429409
SGD,210,0.6105689714593155
SGD,211,0.366896200856784
SGD,212,0.7866018759287702
SGD,213,0.4809493915167814
SGD,214,0.26864524212453306
SGD,215,0.363936372995321
SGD,216,0.39440961397450236
SGD,217,0.40836930195752574
SGD,218,0.5195627041310311
SGD,219,0.9033481002338751
SGD,220,1.0005203724043241
SGD,221,0.7500742396691
SGD,222,0.9898138431883594
SGD,223,0.6241849275185993
SGD,224,0.5345416549883121
SGD,225,0.7851944120974854
SGD,226,0.8033528965441878
SGD,227,0.8181624474215257
SGD,228,0.8626168348589953
SGD,229,0.4635389881855915
SGD,230,0.14391991666476012
SGD,231,0.4119764726825644
SGD,232,0.4119764726825644
SGD,233,0.27154834812314577
SGD,234,0.594656458531669
SGD,235,0.42382953471703044
SGD,236,0.19235190956060005
SGD,237,0.19005211847821216
SGD,238,0.25543524955439245
SGD,239,0.25543524955439245
SGD,240,0.4284619891336901
SGD,241,0.4542653706039173
SGD,242,0.12079676726457307
SGD,243,0.12079676726457307
SGD,244,0.20840726173876495
SGD,245,0.8568711130138835
SGD,246,0.8405842341198884
SGD,247,0.5676629698833509
SGD,248,0.8433678562067509
SGD,249,0.39509903379396766
SGD,250,0.35853087698275043
SGD,251,0.4225659247193334
SGD,252,0.5868269031258461
SGD,253,0.9988573350474316
SGD,254,1.1726440695808855
SGD,255,0.3480155453293311
SGD,256,0.3480155453293311
SGD,257,0.6681232184572633
SGD,258,0.5766180298447153
SGD,259,0.630291180547669
SGD,260,0.2816037633425939
SGD,261,0.2816037633425939
SGD,262,0.24719957455790018
SGD,263,0.20958451396187044
SGD,264,0.39119137915923907
SGD,265,0.5316397974793771
SGD,266,0.2789003116499089
SGD,267,0.17120309994336005
SGD,268,0.21123696042273166
SGD,269,0.21444406265124574
SGD,270,0.3924326435389337
SGD,271,0.5643959779088634
SGD,272,0.5522167634543685
SGD,273,0.5522167634543685
SGD,274,1.142310803803829
SGD,275,1.142310803803829
SGD,276,0.4663230811884433
SGD,277,0.3963833264143122
SGD,278,0.47223158223578343
SGD,279,0.38231869085417886
SGD,280,0.6117034066876792
SGD,281,0.44376429610187773
SGD,282,0.09381631481406656
SGD,283,0.09381631481406656
SGD,284,0.49962723950122295
SGD,285,0.431136301031868
SGD,286,0.12164288973229997
SGD,287,0.21594535613152926
SGD,288,0.3791005521687837
SGD,289,0.3791005521687837
SGD,290,0.34450194212086155
SGD,291,0.48001791554279616
SGD,292,0.49280226965760954
SGD,293,0.4011258518766319
SGD,294,0.2979025937397096
SGD,295,0.3159194621022731
SGD,296,0.6772743082376834
SGD,297,0.5073556901414094
SGD,298,0.23098291474482274
SGD,299,0.18513270193599002
SGD,300,0.141166102135299
SGD,301,0.20324746627931428
SGD,302,0.20324746627931428
SGD,303,0.5753865651709874
SGD,304,0.6660838189813139
SGD,305,0.7007329411409692
SGD,306,0.7007329411409692
SGD,307,0.7007329411409692
SGD,308,0.9493975240282564
SGD,309,1.0740451877200805
SGD,310,0.3452585545539283
SGD,311,0.10439414122802841
SGD,312,0.10439414122802841
SGD,313,0.2250232323776485
SGD,314,0.2250232323776485
SGD,315,0.3850824087294452
SGD,316,0.4017342962636342
SGD,317,0.4557564705127366
SGD,318,0.46239389233134826
SGD,319,0.3269921788364379
SGD,320,0.5744438177557081
SGD,321,0.23272048487398622
SGD,322,0.3477941596751683
SGD,323,0.6650418676923922
SGD,324,0.44792342070426416
SGD,325,0.7015746110432396
SGD,326,0.17611236607623293
SGD,327,0.48187577733189957
SGD,328,0.27781084669385214
SGD,329,0.26550191138392304
SGD,330,0.21560857551960988
SGD,331,0.21560857551960988
SGD,332,0.3335885953320725
SGD,333,0.3295461991017933
SGD,334,0.4274091951777366
SGD,335,0.5024484477037718
SGD,336,0.4117003637020865
SGD,337,0.12175805114367803
SGD,338,0.3384159161014495
SGD,339,0.13610250226044318
SGD,340,0.34749064524172807
SGD,341,0.6384812960433488
SGD,342,0.30633600755641777
SGD,343,0.29081063289526665
SGD,344,0.22967387324902971
SGD,345,0.1285375895051422
SGD,346,0.1285375895051422
SGD,347,0.2338094497513414
SGD,348,0.4258482632621491
SGD,349,0.49567871762860904
SGD,350,0.47922249451083626
SGD,351,0.44049334114373273
SGD,352,0.5571158391232293
SGD,353,0.22632467417102609
SGD,354,0.5396887096057233
SGD,355,0.3248725359266389
SGD,356,0.6378629469549042
SGD,357,0.34961896640273293
SGD,358,0.44881884555165474
SGD,359,0.44881884555165474
SGD,360,0.44881884555165474
SGD,361,0.6117444654807196
SGD,362,0.5114041162278321
SGD,363,0.30059352550796076
SGD,364,0.14681233163167268
SGD,365,0.14681233163167268
SGD,366,0.2480873229436274
SGD,367,0.21190427960632474
SGD,368,0.17200358257186102
SGD,369,0.34610095053990103
SGD,370,0.4865990030032067
SGD,371,0.3888353459006055
SGD,372,0.3307685800015322
SGD,373,0.2500610667754829
SGD,374,0.27046586857065535
SGD,375,0.2500610667754829
SGD,376,0.4476292108648624
SGD,377,0.46425364902361693
SGD,378,0.3197104188938045
SGD,379,0.6297808852484147
SGD,380,0.353819641618526
SGD,381,0.41408742469623727
SGD,382,0.1784487191117627
SGD,383,0.3764843463621099
SGD,384,0.34160812903643956
SGD,385,0.47772073062600395
SGD,386,0.5018065498560875
SGD,387,0.7844286979838131
SGD,388,0.3843071683071315
SGD,389,0.6265119100167841
SGD,390,0.2768459587387929
SGD,391,0.3586816200909849
SGD,392,0.3712164174311392
SGD,393,0.26363724955369716
SGD,394,0.3791010421605985
SGD,395,0.2112937465421336
SGD,396,0.5681323172316572
SGD,397,0.7564599272625542
SGD,398,0.8283206065086091
SGD,399,0.4506918847831668
SGD,400,0.5530166860235028
SGD,401,0.6503003242154257
SGD,402,0.5324431267688545
SGD,403,0.5820409418579413
SGD,404,1.1154688410674838
SGD,405,1.1101846801847874
SGD,406,0.7631381713685433
SGD,407,1.0715989134514248
SGD,408,0.4814209324172502
SGD,409,0.4814209324172502
SGD,410,0.5377359646177862
SGD,411,0.5064006856583066
SGD,412,0.3292805620223957
SGD,413,0.3286872455685437
SGD,414,0.24653978711663518
SGD,415,0.27886353460169844
SGD,416,0.27886353460169844
SGD,417,0.1378300775458595
SGD,418,0.17904368459521414
SGD,419,0.4633142359976673
SGD,420,0.4115831040346596
SGD,421,0.3186208509930334
SGD,422,0.3410154403449098
SGD,423,0.24252837246202
SGD,424,0.17376027190660398
SGD,425,0.16592867328506122
SGD,426,0.1579275474789871
SGD,427,0.10299471367865495
SGD,428,0.10299471367865495
SGD,429,0.33538940269249545
SGD,430,0.12765202739604026
SGD,431,0.11159189013237772
SGD,432,0.28997883066786795
SGD,433,0.26780599911560626
SGD,434,0.3731064723608732
SGD,435,0.5446367874982714
SGD,436,0.6545510394336462
SGD,437,0.4840455025460092
SGD,438,0.7314667298419373
SGD,439,0.539616642150635
SGD,440,0.40738698032280973
SGD,441,0.16374367454425953
SGD,442,0.35060575228912105
SGD,443,0.29176670969364193
SGD,444,0.4864800753625713
SGD,445,0.3061111724905258
SGD,446,0.34167481022001167
SGD,447,0.458971632037647
SGD,448,0.458971632037647
SGD,449,0.4312790363836425
SGD,450,0.40328206041559533
SGD,451,0.5774192847638285
SGD,452,0.31628234315373754
SGD,453,0.34692425479370415
SGD,454,0.6012866689776792
SGD,455,0.32020656197392594
SGD,456,0.6027558191973161
SGD,457,0.3591794447475156
SGD,458,0.3591794447475156
SGD,459,0.04624606040059704
SGD,460,0.11896372967590013
SGD,461,0.3235970618120556
SGD,462,0.7873900869327821
SGD,463,0.4004638851715733
SGD,464,0.4931451835562571
SGD,465,0.6014133966463194
SGD,466,0.5849642337411379
SGD,467,0.493499109607474
SGD,468,0.6049293941575447
SGD,469,0.695492923515626
SGD,470,0.3957139430219013
SGD,471,0.7809752171085855
SGD,472,0.6991151084438614
SGD,473,0.3675120884803248
SGD,474,0.4725102704464577
SGD,475,0.8968636792794591
SGD,476,0.7136002043408771
SGD,477,0.19186572705449542
SGD,478,0.1802604110209659
SGD,479,0.12319722287730397
SGD,480,0.12352802787927773
SGD,481,0.46491733961212944
SGD,482,0.9882391367057278
SGD,483,0.9882391367057278
SGD,484,1.464568178389571
SGD,485,1.0859744204958186
SGD,486,0.9178683336959451
SGD,487,0.6903892174888333
SGD,488,0.5062995617929286
SGD,489,0.32986594719148643
SGD,490,0.32415438599487306
SGD,491,0.19672070082172324
SGD,492,0.25834268653026277
SGD,493,0.5019268762170606
SGD,494,0.3021680453204496
SGD,495,0.41440883281150864
SGD,496,0.4489292505722265
SGD,497,0.14292003903648207
SGD,498,0.07760708771950885
SGD,499,0.07760708771950885
SGD,500,0.11393710017590028
SGD,501,0.26909996598587616
SGD,502,0.37580140856461747
SGD,503,0.8808532816194816
SGD,504,0.22072323625405094
SGD,505,0.6373080151344042
SGD,506,0.5240343670662885
SGD,507,0.19242214920702622
SGD,508,0.32148040705992353
SGD,509,0.1364907178847349
SGD,510,0.22125833578947074
SGD,511,0.4375458384564254
SGD,512,0.6503375760052093
SGD,513,0.6503375760052093
SGD,514,0.6503375760052093
SGD,515,0.5978277079920873
SGD,516,0.6231119983131466
SGD,517,0.8243478663646729
SGD,518,0.4265882096866356
SGD,519,0.4507783306908685
SGD,520,0.7945924204297721
SGD,521,0.7945924204297721
SGD,522,0.8867253644052859
SGD,523,0.267800290265745
SGD,524,0.267800290265745
SGD,525,0.4194471141409476
SGD,526,0.2574957354313772
SGD,527,0.555275517971237
SGD,528,0.5322050955101081
SGD,529,0.47518983897379463
SGD,530,0.4858269722694807
SGD,531,0.4289268738969296
SGD,532,0.5075726037592065
SGD,533,0.4367745039285118
SGD,534,0.18650531755871078
SGD,535,0.4035381235163259
SGD,536,0.35621156559790246
SGD,537,0.35621156559790246
SGD,538,0.34691021969158453
SGD,539,0.3539398477408041
SGD,540,0.3124441659851825
SGD,541,0.38160785515085616
SGD,542,0.364575446691798
SGD,543,0.593911959490971
SGD,544,0.4060863708873772
SGD,545,0.4912576335883717
SGD,546,0.339578104174344
SGD,547,0.30000812338039384
SGD,548,0.25564870809080975
SGD,549,0.201627936780653
SGD,550,0.17547409885325743
SGD,551,0.20641462701674973
SGD,552,0.1973208574501082
SGD,553,0.193182349223839
SGD,554,0.193182349223839
SGD,555,0.41307216878675657
SGD,556,0.25919923169583886
SGD,557,0.24983563518510404
SGD,558,0.2996583924742836
SGD,559,0.2996583924742836
SGD,560,0.2996583924742836
SGD,561,0.3484586036580485
SGD,562,0.48939686177747027
SGD,563,0.5714019953949865
SGD,564,0.5027013577094606
SGD,565,0.3344765773600997
SGD,566,0.31963021425106053
SGD,567,0.49673121553315136
SGD,568,0.49673121553315136
SGD,569,0.4539431068889248
SGD,570,0.2756466917873242
SGD,571,0.7289263546838681
SGD,572,0.5775284235992901
SGD,573,0.5341170267562863
SGD,574,0.530217594219036
SGD,575,0.4475831887657364
SGD,576,0.35512491191250595
SGD,577,0.3229826555052481
SGD,578,0.37508823245964723
SGD,579,0.4676339586722203
SGD,580,0.25527019948799035
SGD,581,0.42365902403380934
SGD,582,0.40749553896918334
SGD,583,0.20763098917101142
SGD,584,0.288430367646924
SGD,585,0.18296722095882073
SGD,586,0.24686956501740714
SGD,587,0.5562081354686649
SGD,588,1.3733615476522592
SGD,589,1.387657671315361
SGD,590,0.8273283468135544
SGD,591,0.8273283468135544
SGD,592,0.6687950239421512
SGD,593,0.7749417032670061
SGD,594,0.7267017558786254
SGD,595,0.4974603415718971
SGD,596,0.2413649314248697
SGD,597,0.04150797625649081
SGD,598,0.29976838121104193
SGD,599,0.33257810609945865
SGD,600,0.7558879870217834
SGD,601,0.8349771371538828
SGD,602,0.8742588199191351
SGD,603,0.4968453950873848
SGD,604,0.43738573258070845
SGD,605,0.4130865491423982
SGD,606,0.3945880210972397
SGD,607,0.3945880210972397
SGD,608,0.632294813897001
SGD,609,0.49406258491313343
SGD,610,0.8282864284566438
SGD,611,0.26475722867932316
SGD,612,0.584574272395237
SGD,613,0.40701262371840746
SGD,614,0.40701262371840746
SGD,615,0.4196560534531115
SGD,616,0.37501476255786137
SGD,617,0.18945602907557618
SGD,618,0.21132213971894975
SGD,619,0.20059569515550993
SGD,620,0.45056916015454096
SGD,621,0.24338677310508566
SGD,622,0.7630432034198078
SGD,623,0.9371735353928958
SGD,624,0.8749063862496191
SGD,625,0.8325269556052511
SGD,626,0.6735591085701627
SGD,627,0.22934834967507503
SGD,628,0.30823510510437724
SGD,629,0.37831516304994295
SGD,630,0.37831516304994295
SGD,631,0.47756447418850995
SGD,632,1.0365677334281433
SGD,633,0.6517950279149439
SGD,634,0.26491789643515745
SGD,635,0.25849945033027455
SGD,636,0.25849945033027455
SGD,637,0.5287860473195389
SGD,638,0.7503534918294534
SGD,639,0.7738337259373966
SGD,640,0.746923138992778
SGD,641,0.9594246330487153
SGD,642,0.46828463191001674
SGD,643,0.39179543813289935
SGD,644,0.4429381441855117
SGD,645,0.3770229648789988
SGD,646,0.32355896360830516
SGD,647,0.15568155089535524
SGD,648,0.22771796953826184
SGD,649,0.32420845059562264
SGD,650,0.7384312689600804
SGD,651,0.6223647383341208
SGD,652,0.7251178053617162
SGD,653,0.4300215638649625
SGD,654,0.3459708825735328
SGD,655,0.32892938493550206
SGD,656,0.32892938493550206
SGD,657,0.32892938493550206
SGD,658,0.14285935653086923
SGD,659,0.3307459192876259
SGD,660,0.2574241911676194
SGD,661,0.2574241911676194
SGD,662,0.4127560675242009
SGD,663,0.7171850673647872
SGD,664,0.6381811541896294
SGD,665,0.3795242302209305
SGD,666,0.44191792118072004
SGD,667,0.314199499032508
SGD,668,0.314199499032508
SGD,669,0.945603895923979
SGD,670,0.8897337147695845
SGD,671,1.1384368736125756
SGD,672,1.1549532646408096
SGD,673,0.9875136381085978
SGD,674,0.6862688813237092
SGD,675,0.4526886946708444
SGD,676,0.46038088270661925
SGD,677,0.4338016647178604
SGD,678,0.4373435205371674
SGD,679,0.16715389528925156
SGD,680,0.4373435205371674
SGD,681,0.3177777349396858
SGD,682,0.4999569140679035
SGD,683,0.199516500468643
SGD,684,0.3263437502396558
SGD,685,0.6398355991907941
SGD,686,0.49057802627786373
SGD,687,0.43526603066541825
SGD,688,0.5244469506345817
SGD,689,0.2999914253515323
SGD,690,0.7758821171571908
SGD,691,0.9389679742103271
SGD,692,0.6565910472303716
SGD,693,0.6957820963801489
SGD,694,0.6708242653834663
SGD,695,0.334591181930801
SGD,696,0.334591181930801
SGD,697,0.2704168833589846
SGD,698,0.7417338077096927
SGD,699,0.4325787624488632
SGD,700,1.057707468418077
SGD,701,0.8153674558894293
SGD,702,0.763381731002622
SGD,703,0.3424030563182186
SGD,704,0.47454513540761767
SGD,705,0.329780318235917
SGD,706,0.2576604319738413
SGD,707,0.2787772550648203
SGD,708,0.4560999876433025
SGD,709,0.3730535968291495
SGD,710,0.2068410503820475
SGD,711,0.23524840517457646
SGD,712,0.2068410503820475
SGD,713,0.4618673526511105
SGD,714,0.7378008895637505
SGD,715,0.6312020908807241
SGD,716,0.626460680491207
SGD,717,0.5512137988721643
SGD,718,0.38722804267767125
SGD,719,0.37464564478631923
SGD,720,0.2864988987524559
SGD,721,0.3840089605908588
SGD,722,0.3840089605908588
SGD,723,0.5116739866964426
SGD,724,0.29576746197213166
SGD,725,0.3202471289127704
SGD,726,0.2983484613578876
SGD,727,0.2983484613578876
SGD,728,0.2983484613578876
SGD,729,0.656411190429526
SGD,730,0.6843296155711476
SGD,731,1.170247110380804
SGD,732,0.5647904789662048
SGD,733,1.0279853785079773
SGD,734,0.5647511543965641
SGD,735,0.5647511543965641
SGD,736,0.7197687670821145
SGD,737,0.4987280552099817
SGD,738,0.4987280552099817
SGD,739,0.5726675097959023
SGD,740,0.6330898405023007
SGD,741,0.6330898405023007
SGD,742,0.5126933023768138
SGD,743,0.3683824308703597
SGD,744,0.4655017057195011
SGD,745,0.3981880156946946
SGD,746,0.17436139092316616
SGD,747,0.19661836699600632
SGD,748,0.25022107659094284
SGD,749,0.3519688225997937
SGD,750,0.4777049132208645
SGD,751,0.4777049132208645
SGD,752,0.6117407261452257
SGD,753,0.6022018752382312
SGD,754,0.4981147800903937
SGD,755,0.33566639422741745
SGD,756,0.3368241247099417
SGD,757,0.41161125015901256
SGD,758,0.29251159979195934
SGD,759,0.5360008594196779
SGD,760,0.409902347762074
SGD,761,0.4236555261383292
SGD,762,0.2877336278269611
SGD,763,0.3204915034866905
SGD,764,0.34176569428232956
SGD,765,0.39797157281101514
SGD,766,0.32645544109847446
SGD,767,0.29920627706377384
SGD,768,0.30536094877115477
SGD,769,0.374924132498227
SGD,770,0.2395418718643623
SGD,771,0.2395418718643623
SGD,772,0.11610868470452265
SGD,773,0.15058079641323302
SGD,774,0.4366883439204631
SGD,775,0.4657640412085764
SGD,776,0.49356234596101745
SGD,777,0.49356234596101745
SGD,778,0.8490880235026919
SGD,779,0.6365676700452219
SGD,780,0.33387357576905946
SGD,781,0.26031508534179976
SGD,782,0.28650824808938813
SGD,783,0.2615796890599413
SGD,784,0.3617093067158977
SGD,785,0.9369251698986898
SGD,786,0.7434824420769397
SGD,787,0.3695425729399062
SGD,788,0.43302739423642017
SGD,789,0.28143815333794026
SGD,790,0.28143815333794026
SGD,791,0.26221317490718415
SGD,792,0.2457143240642169
SGD,793,0.3804731029456213
SGD,794,0.5973952850596905
SGD,795,0.49773809789231505
SGD,796,0.8587282082055571
SGD,797,0.8855799300055316
SGD,798,0.8855799300055316
SGD,799,0.7769781025786002
SGD,800,0.4677528605529714
SGD,801,0.39774129933038416
SGD,802,0.4497963710960937
SGD,803,0.4679574882153048
SGD,804,0.6687402996611777
SGD,805,0.4761085160951707
SGD,806,0.5074691837996608
SGD,807,0.6665078969885622
SGD,808,0.509094814597888
SGD,809,0.7661376109073392
SGD,810,0.6639917933776702
SGD,811,0.39993228018069477
SGD,812,0.39040317301509814
SGD,813,0.32196886479620473
SGD,814,0.17410721968729695
SGD,815,0.6170799880856209
SGD,816,0.39272594045351894
SGD,817,0.5204537304937161
SGD,818,0.36110182468621077
SGD,819,0.25862586087590717
SGD,820,0.5672216156874996
SGD,821,0.9498461748222233
SGD,822,1.3127955170485994
SGD,823,1.0898711700346757
SGD,824,1.0898711700346757
SGD,825,0.7090622079608764
SGD,826,0.39084111483716943
SGD,827,0.23513134065839603
SGD,828,0.23513134065839603
SGD,829,0.6182347538122561
SGD,830,0.46638634876248297
SGD,831,0.940701716216902
SGD,832,0.771979754713388
SGD,833,0.5455291111071019
SGD,834,0.2703175145440492
SGD,835,0.36661123150731934
SGD,836,0.2703175145440492
SGD,837,0.3164911380906739
SGD,838,0.5151796630901823
SGD,839,0.8516124343211048
SGD,840,0.8516124343211048
SGD,841,1.4828437178402432
SGD,842,1.472809681192953
SGD,843,0.9439726050648294
SGD,844,0.8157315459410428
SGD,845,0.8230020661390482
SGD,846,0.7262164581222327
SGD,847,0.9463606689027473
SGD,848,0.8852992228215375
SGD,849,0.44516846278596317
SGD,850,0.34881708538056105
SGD,851,0.3868131974346764
SGD,852,0.6532085512453943
SGD,853,0.6108764827104769
SGD,854,0.4476103930628999
SGD,855,0.4476103930628999
SGD,856,0.8416032530581228
SGD,857,1.2082299577091251
SGD,858,0.3053132693151319
SGD,859,0.3053132693151319
SGD,860,0.3053132693151319
SGD,861,0.5170995979681201
SGD,862,0.7508312270386247
SGD,863,0.8240048656194237
SGD,864,0.3541544003317727
SGD,865,0.7680265065935201
SGD,866,0.5058517105141311
SGD,867,0.8084083849551204
SGD,868,0.2727910225941934
SGD,869,0.2727910225941934
SGD,870,0.6634247994683732
SGD,871,0.7724621659620682
SGD,872,0.4253706483028109
SGD,873,0.4790588055402598
SGD,874,0.306110318587723
SGD,875,0.2468470141628088
SGD,876,0.2681799453941086
SGD,877,0.17667575170294006
SGD,878,0.8045598499344546
SGD,879,0.35871242628397276
SGD,880,0.6610709769701841
SGD,881,0.3676501043356623
SGD,882,0.7898297606587971
SGD,883,0.21602161696924826
SGD,884,0.1719442151442945
SGD,885,0.44822922616427385
SGD,886,0.178471431225952
SGD,887,0.26344668630717394
SGD,888,0.3223869687187834
SGD,889,0.3646588939089147
SGD,890,0.29377226804591233
SGD,891,0.4505204974301429
SGD,892,0.4505204974301429
SGD,893,0.8123952690624323
SGD,894,0.7835762980852792
SGD,895,0.5846035078641094
SGD,896,0.5846035078641094
SGD,897,0.8084592270842887
SGD,898,0.15640064114590652
SGD,899,1.0656875972062483
SGD,900,1.1447179404883552
SGD,901,0.9631291497681004
SGD,902,0.5585520264324679
SGD,903,0.6581124080689348
SGD,904,0.47061807132482825
SGD,905,0.454013633973829
SGD,906,0.7942936425682252
SGD,907,1.1200997283242542
SGD,908,0.8060071221032654
SGD,909,0.8060071221032654
SGD,910,1.1787512449332787
SGD,911,0.49781910790831485
SGD,912,0.6948478773222964
SGD,913,0.8290442261997893
SGD,914,0.48622174909195526
SGD,915,0.7736013775405788
SGD,916,0.7736013775405788
SGD,917,0.6281665622079246
SGD,918,0.6683715092498685
SGD,919,0.8808038272996948
SGD,920,0.9323827692771252
SGD,921,0.61808493071643
SGD,922,0.3952271205370598
SGD,923,0.4448015161685679
SGD,924,0.36388494544345246
SGD,925,0.5504394165218522
SGD,926,0.7007403755955777
SGD,927,0.6355528161096982
SGD,928,0.6887143021121899
SGD,929,1.22829765815698
SGD,930,0.5178647896548559
SGD,931,0.4730837111984687
SGD,932,0.43309540248906875
SGD,933,0.38828159561796505
SGD,934,0.6275837598679779
SGD,935,0.5563555246105037
SGD,936,0.6530173856577745
SGD,937,0.4380288709937393
SGD,938,0.4380288709937393
SGD,939,0.5297299977546072
SGD,940,0.5269697245526941
SGD,941,0.6136941313020694
SGD,942,0.36428287757193334
SGD,943,0.5196632545617386
SGD,944,0.4832725704676123
SGD,945,0.6018985688923242
SGD,946,0.09441539997291588
SGD,947,0.3800942743999298
SGD,948,0.49723858702516005
SGD,949,0.355565174267552
SGD,950,0.547678076621835
SGD,951,0.187665861691635
SGD,952,0.7980285730463851
SGD,953,0.38604098326781894
SGD,954,0.5621959978172228
SGD,955,0.3397323686873823
SGD,956,0.3548141506950652
SGD,957,0.20605207979690124
SGD,958,0.20605207979690124
SGD,959,0.39380789648405046
SGD,960,0.35030354888540116
SGD,961,0.31669050028892864
SGD,962,0.11068602720114648
SGD,963,0.10530364909513129
SGD,964,0.0797534896162704
SGD,965,0.40574019768734804
SGD,966,0.5603409537971453
SGD,967,0.5330833292282275
SGD,968,0.5817215970436285
SGD,969,0.6098852725874153
SGD,970,0.6098852725874153
SGD,971,0.6702277163944921
SGD,972,0.784827275936949
SGD,973,0.37180429816562743
SGD,974,0.1508059735157466
SGD,975,0.41451926875895706
SGD,976,0.3730987852402067
SGD,977,0.5232522706182774
SGD,978,0.7810795175690217
SGD,979,0.6425157897111771
SGD,980,1.0529891072174251
SGD,981,0.9530741236477973
SGD,982,1.3821592296945022
SGD,983,1.4435107933409246
SGD,984,0.5175117373184864
SGD,985,0.5869424305943569
SGD,986,0.4899613101568637
SGD,987,0.45272225731671245
SGD,988,0.4900345747838839
SGD,989,0.6522803881538852
SGD,990,0.54932471885845
SGD,991,0.43521947337273137
SGD,992,0.30655954539560826
SGD,993,0.32055279355937416
SGD,994,0.6120877859930569
SGD,995,0.8945753088915613
SGD,996,0.4460402986650162
SGD,997,0.5017140461091233
SGD,998,0.7499978240329828
SGD,999,0.32381067459494084
SGD,1000,0.1785831232101644
SGD,1001,0.24793348855647734
SGD,1002,0.20407350709655037
SGD,1003,0.24060383655204826
SGD,1004,0.28234835134063474
SGD,1005,0.2857780587066762
SGD,1006,0.2857780587066762
SGD,1007,0.3216808374394998
SGD,1008,0.8905565658619337
SGD,1009,0.6132992498918084
SGD,1010,0.6132992498918084
SGD,1011,0.39554355827351984
SGD,1012,0.39554355827351984
SGD,1013,0.5772003192582811
SGD,1014,0.36987479771274534
SGD,1015,0.45318073851948293
SGD,1016,0.609484457755183
SGD,1017,0.7014654683877033
SGD,1018,0.3888548096189682
SGD,1019,0.3482956223882789
SGD,1020,0.68813185290719
SGD,1021,0.757605222789014
SGD,1022,0.3248234791156136
SGD,1023,0.3330217619864293
SGD,1024,0.2933868698200165
SGD,1025,0.3018359950491514
SGD,1026,0.6467806879773013
SGD,1027,0.48362381958143796
SGD,1028,0.7537587174262705
SGD,1029,0.3338015448187753
SGD,1030,0.31771036398669456
SGD,1031,0.26514074075714616
SGD,1032,0.34346821423196244
SGD,1033,0.5515003452904369
SGD,1034,0.37138243408908245
SGD,1035,0.37138243408908245
SGD,1036,0.5066379092794894
SGD,1037,0.5066379092794894
SGD,1038,0.8781936563699315
SGD,1039,0.7867594795620793
SGD,1040,0.5389967489156707
SGD,1041,0.5597583052314701
SGD,1042,0.553435004436798
SGD,1043,0.3055545885854703
SGD,1044,0.25312313386612484
SGD,1045,0.5146899060656158
SGD,1046,0.5893413702441587
SGD,1047,0.7108387996347604
SGD,1048,0.6791894983157366
SGD,1049,0.6791894983157366
SGD,1050,0.6681182115743598
SGD,1051,0.1767814502720951
SGD,1052,0.4737972027183184
SGD,1053,0.27768240045183556
SGD,1054,0.9820561454540258
SGD,1055,0.6452860774861949
SGD,1056,0.45167173497778523
SGD,1057,0.36568668883798927
SGD,1058,0.23148100644020175
SGD,1059,0.2432448786225754
SGD,1060,0.6411561101840233
SGD,1061,0.8862190249136099
SGD,1062,0.2076213976694276
SGD,1063,0.19766179537625672
SGD,1064,0.19766179537625672
SGD,1065,0.5438643224111643
SGD,1066,0.37842857818125314
SGD,1067,0.3843936879194753
SGD,1068,0.726208095754307
SGD,1069,0.7968319272025899
SGD,1070,0.7968319272025899
SGD,1071,0.564950878271064
SGD,1072,0.9327721618297764
SGD,1073,0.9014512328676114
SGD,1074,0.9014512328676114
SGD,1075,0.27460949588527245
SGD,1076,0.19956137478834465
SGD,1077,0.41114381197265265
SGD,1078,0.41114381197265265
SGD,1079,1.0470172231748127
SGD,1080,1.0357012257340987
SGD,1081,0.7603812412798943
SGD,1082,0.5146457511230607
SGD,1083,0.6360879820722587
SGD,1084,0.9659819659963023
SGD,1085,1.0299331701199637
SGD,1086,0.546877288945389
SGD,1087,0.5135286812727233
SGD,1088,0.2112218428342964
SGD,1089,0.2996650461273255
SGD,1090,0.252042298146551
SGD,1091,0.4413519909269854
SGD,1092,0.19213895788485885
SGD,1093,0.5524417318620473
SGD,1094,0.34247157114156107
SGD,1095,0.753312170384256
SGD,1096,0.40762765046811467
SGD,1097,0.39824871949378227
SGD,1098,0.4678304891339611
SGD,1099,0.4816865428096996
SGD,1100,0.5600125983424717
SGD,1101,0.49894110009238773
SGD,1102,0.26507491839915054
SGD,1103,0.6759065841360243
SGD,1104,0.5292500687298385
SGD,1105,0.21092932323370825
SGD,1106,0.35041585341677006
SGD,1107,0.44464560968306643
SGD,1108,0.6616051115277213
SGD,1109,0.6272590287764368
SGD,1110,0.4652435917840001
SGD,1111,0.2725789808835384
SGD,1112,0.2725789808835384
SGD,1113,0.5926610535798971
SGD,1114,0.4230181868860038
SGD,1115,0.5000069359276705
SGD,1116,0.21215449928896057
SGD,1117,0.12635114733722394
SGD,1118,0.12635114733722394
SGD,1119,0.5261236028329297
SGD,1120,0.67409205520705
SGD,1121,0.67409205520705
SGD,1122,0.47952335293240317
SGD,1123,0.7001068346323358
SGD,1124,0.4352129578085246
SGD,1125,0.5176110194905907
SGD,1126,0.9261655341901232
SGD,1127,0.6382851176350475
SGD,1128,0.7076791669290801
SGD,1129,0.6685432827489817
SGD,1130,0.1857848772516043
SGD,1131,0.13218921813383577
SGD,1132,0.2719474862941337
SGD,1133,0.4539028637854922
SGD,1134,0.3726953212688299
SGD,1135,0.7883057626491308
SGD,1136,0.8407955683486776
SGD,1137,0.4999785345641914
SGD,1138,0.6492948673811045
SGD,1139,0.6251896236151206
SGD,1140,0.6679234184062859
SGD,1141,0.3800090624775331
SGD,1142,0.24101372692815043
SGD,1143,0.5216254516589849
SGD,1144,0.6213196317686693
SGD,1145,0.2663490851566196
SGD,1146,0.2938725976122801
SGD,1147,0.2938725976122801
SGD,1148,0.2315825516833051
SGD,1149,0.3372759636899849
SGD,1150,0.5374951754313065
SGD,1151,0.5412031416999973
SGD,1152,0.4234041835284923
SGD,1153,0.6116129733383185
SGD,1154,0.7749700146075267
SGD,1155,0.7752423813596745
SGD,1156,0.8883987077078253
SGD,1157,1.1496118054606352
SGD,1158,0.3018795218018117
SGD,1159,0.850162423498521
SGD,1160,0.850162423498521
SGD,1161,0.6816531272771265
SGD,1162,0.2403312012202104
SGD,1163,0.3233484571028449
SGD,1164,0.697719639895714
SGD,1165,0.697719639895714
SGD,1166,0.8808316727031464
SGD,1167,0.5449242213940894
SGD,1168,0.5855576630243091
SGD,1169,0.41043895740035136
SGD,1170,0.41043895740035136
SGD,1171,0.7141303267166528
SGD,1172,0.42089954361939946
SGD,1173,0.2969655265689518
SGD,1174,0.20565019104402502
SGD,1175,0.19096730496992836
SGD,1176,0.249494754713217
SGD,1177,0.38588958919091443
SGD,1178,0.41260113634430495
SGD,1179,0.6508477142083634
SGD,1180,0.9128345807836681
SGD,1181,0.46883300801571987
SGD,1182,0.5019438622256078
SGD,1183,0.4506088142289832
SGD,1184,0.5871967473421953
SGD,1185,0.7967559121703307
SGD,1186,0.5806924442448145
SGD,1187,0.7009393902466415
SGD,1188,0.49849153521904555
SGD,1189,0.47610071632413475
SGD,1190,0.5141740366916223
SGD,1191,0.22211932866211442
SGD,1192,0.22211932866211442
SGD,1193,0.3397338445740379
SGD,1194,0.2607921644660208
SGD,1195,0.4255273278449082
SGD,1196,0.29769896198369944
SGD,1197,0.6614314977091074
SGD,1198,0.31276717456567094
SGD,1199,0.31276717456567094
SGD,1200,0.4773950674370663
SGD,1201,0.23875977015009234
SGD,1202,0.23875977015009234
SGD,1203,0.23875977015009234
SGD,1204,0.6045784956346829
SGD,1205,0.5452383552216034
SGD,1206,0.20230051796855358
SGD,1207,0.20230051796855358
SGD,1208,0.20230051796855358
SGD,1209,0.42675416737052685
SGD,1210,0.9223301352910838
SGD,1211,1.1898872599432577
SGD,1212,0.9454368920066154
SGD,1213,0.49644834124218834
SGD,1214,0.5507132694035202
SGD,1215,0.44765823243834696
SGD,1216,0.5246380490848422
SGD,1217,0.25869785102530013
SGD,1218,0.16032387271486834
SGD,1219,0.532271230635954
SGD,1220,0.3935542881056059
SGD,1221,0.5089926794787418
SGD,1222,0.611757878365875
SGD,1223,0.9231309810730078
SGD,1224,0.9051672692199342
SGD,1225,0.5930108646982322
SGD,1226,0.36974909779355747
SGD,1227,1.282829111000925
SGD,1228,1.4375145500755337
SGD,1229,0.46649286699389425
SGD,1230,0.28969385945923276
SGD,1231,0.40849054629573567
SGD,1232,0.5661363083239134
SGD,1233,0.34636080581411016
SGD,1234,0.30364598519317976
SGD,1235,0.5736685844864541
SGD,1236,0.5158794995419167
SGD,1237,0.3764224564612959
SGD,1238,0.2072068506258461
SGD,1239,0.2072068506258461
SGD,1240,0.8878396919318532
SGD,1241,0.841140144538379
SGD,1242,1.1054151596837163
SGD,1243,1.120527078020953
SGD,1244,0.4777459089153484
SGD,1245,0.47189663748758537
SGD,1246,0.47189663748758537
SGD,1247,0.09438811729682492
SGD,1248,0.29766943018554093
SGD,1249,0.6045908457531612
SGD,1250,0.6477942218775714
SGD,1251,0.6477942218775714
SGD,1252,0.5297925634307608
SGD,1253,0.5925508355321246
SGD,1254,0.23493778156313483
SGD,1255,0.32330257941079343
SGD,1256,0.2717545846528167
SGD,1257,0.32330257941079343
SGD,1258,0.4010648577931167
SGD,1259,0.4629925092300797
SGD,1260,0.3569468500117807
SGD,1261,0.5148039207433664
SGD,1262,0.7889555410395542
SGD,1263,1.0516578106215633
SGD,1264,0.7942818776463396
SGD,1265,0.5263747132306847
SGD,1266,0.5545165264206265
SGD,1267,0.4825835728371158
SGD,1268,0.3465396870863787
SGD,1269,0.678054209347003
SGD,1270,0.46571327247560457
SGD,1271,0.7348444463798819
SGD,1272,0.7891498026391912
SGD,1273,0.33497501239847355
SGD,1274,0.46733536026166134
SGD,1275,0.3128595219745602
SGD,1276,0.24929085806872484
SGD,1277,0.25622311121873137
SGD,1278,0.4548571724166263
SGD,1279,0.42376021519392004
SGD,1280,0.3833892962038864
SGD,1281,0.2402952395621305
SGD,1282,0.2139825896009374
SGD,1283,0.18657062449615952
SGD,1284,0.18657062449615952
SGD,1285,0.16273149082301153
SGD,1286,0.6218498435685491
SGD,1287,0.5308915038947617
SGD,1288,0.5044051060486885
SGD,1289,0.1674358849125982
SGD,1290,0.1674358849125982
SGD,1291,0.24152097229456013
SGD,1292,0.48412669004733855
SGD,1293,0.6173167568241824
SGD,1294,0.9800117773529701
SGD,1295,0.5562979656633166
SGD,1296,0.5764573185930006
SGD,1297,0.8872815250319709
SGD,1298,0.8849106094888436
SGD,1299,0.8849106094888436
SGD,1300,0.25355499686192573
SGD,1301,0.31841138055888685
SGD,1302,0.49774107908499887
SGD,1303,0.4833008649948811
SGD,1304,0.7164886726587958
SGD,1305,0.29409963960606555
SGD,1306,0.18187644236350348
SGD,1307,0.30087058503306874
SGD,1308,0.7672063723504696
SGD,1309,0.6501122771663843
SGD,1310,0.4805368247252354
SGD,1311,0.5390345401587338
SGD,1312,0.8658854253331486
SGD,1313,1.0662761020939306
SGD,1314,0.7059059252747886
SGD,1315,0.5605565831553965
SGD,1316,0.5664829041926558
SGD,1317,0.28038093689561316
SGD,1318,0.45809019660368516
SGD,1319,0.45809019660368516
SGD,1320,0.5496629452722953
SGD,1321,0.38123026138192295
SGD,1322,0.35131929323604466
SGD,1323,0.3496387697178866
SGD,1324,0.3881922547276194
SGD,1325,0.5739085514709932
SGD,1326,0.8687360759214381
SGD,1327,1.0341993939830245
SGD,1328,0.8703280836830455
SGD,1329,0.6640234421447034
SGD,1330,0.7748277361570648
SGD,1331,0.4083048088713925
SGD,1332,0.4083048088713925
SGD,1333,0.5052797674734341
SGD,1334,0.8154807577220051
SGD,1335,0.9509928398904681
SGD,1336,0.8032031111856408
SGD,1337,0.8454088628695979
SGD,1338,0.6965278690914634
SGD,1339,0.9273781423084215
SGD,1340,0.6628956348226658
SGD,1341,0.5171244677637019
SGD,1342,0.5326819398782556
SGD,1343,0.28747760588748117
SGD,1344,0.28747760588748117
SGD,1345,0.29686375853250546
SGD,1346,0.3644510718842782
SGD,1347,0.7380749709189185
SGD,1348,0.18215390024266556
SGD,1349,0.18215390024266556
SGD,1350,0.07603801294938925
SGD,1351,0.1749481604656069
SGD,1352,0.19794818564869093
SGD,1353,0.29648710929699207
SGD,1354,0.17736426875613232
SGD,1355,0.16043677057768838
SGD,1356,0.13137808772778214
SGD,1357,0.1751789201437296
SGD,1358,0.37150302348668784
SGD,1359,0.7526849931514557
SGD,1360,0.6009826425633578
SGD,1361,0.6009826425633578
SGD,1362,0.6009826425633578
SGD,1363,0.5730086405249302
SGD,1364,0.3817247307598327
SGD,1365,0.3817247307598327
SGD,1366,0.4504745215977405
SGD,1367,0.43925345909201685
SGD,1368,0.5914403515843426
SGD,1369,0.662326817341813
SGD,1370,1.1814069498954856
SGD,1371,1.084720150577031
SGD,1372,0.45214142501967414
SGD,1373,0.4177889469396525
SGD,1374,0.7646781808458514
SGD,1375,0.2826182002828599
SGD,1376,0.228553989768439
SGD,1377,0.3782801669333197
SGD,1378,0.4463437150783943
SGD,1379,0.4561613467596506
SGD,1380,0.21303722370864378
SGD,1381,0.4669341262467768
SGD,1382,0.2325084695956027
SGD,1383,0.4890680951473882
SGD,1384,0.8096049421636926
SGD,1385,0.9512455754424592
SGD,1386,0.762359224996086
SGD,1387,0.34036921675807064
SGD,1388,0.517252946458727
SGD,1389,0.35727183869751467
SGD,1390,0.6481415168571925
SGD,1391,0.27264650799190415
SGD,1392,0.27264650799190415
SGD,1393,0.4301560750271771
SGD,1394,0.9380243281226401
SGD,1395,0.47900949895013967
SGD,1396,0.553640016662957
SGD,1397,0.35030993075241196
SGD,1398,0.3012362414803965
SGD,1399,0.3012362414803965
SGD,1400,0.2510285641615166
SGD,1401,0.4495315284130198
SGD,1402,0.39341479663382073
SGD,1403,0.39341479663382073
SGD,1404,0.8012532319603055
SGD,1405,0.7522248989570202
SGD,1406,0.8793497748583823
SGD,1407,0.7874405187914231
SGD,1408,0.4313739418010698
SGD,1409,0.42533033432175216
SGD,1410,0.7761285670841584
SGD,1411,0.2912447767562303
SGD,1412,0.6551188035989557
SGD,1413,0.6551188035989557
SGD,1414,0.6357847908267904
SGD,1415,0.6522783325422716
SGD,1416,0.6522783325422716
SGD,1417,0.31292548230911277
SGD,1418,0.7616747096912972
SGD,1419,0.3579041034956381
SGD,1420,0.25628192108777276
SGD,1421,1.2861344466196716
SGD,1422,1.2601065850131579
SGD,1423,0.19551130778083614
SGD,1424,0.18547028597098858
SGD,1425,0.1655054972036134
SGD,1426,0.10963002832910705
SGD,1427,0.13222009484175795
SGD,1428,0.22475313668418978
SGD,1429,0.371664023024645
SGD,1430,0.49591619885490085
SGD,1431,0.2488228496871853
SGD,1432,0.5191868569656221
SGD,1433,0.5191868569656221
SGD,1434,0.49494852588840865
SGD,1435,0.34083622804549885
SGD,1436,0.6644997524810369
SGD,1437,0.49049695919096575
SGD,1438,0.49049695919096575
SGD,1439,0.3836059791034685
SGD,1440,0.8537328354293874
SGD,1441,0.367230629468272
SGD,1442,0.5436442802083168
SGD,1443,0.5048661771325036
SGD,1444,0.49763436038590175
SGD,1445,0.7047812549436181
SGD,1446,0.5503877743022298
SGD,1447,0.5503877743022298
SGD,1448,0.382657605676475
SGD,1449,0.44472796635490225
SGD,1450,0.5477741921943938
SGD,1451,0.43832763448902223
SGD,1452,0.48534666687550576
SGD,1453,0.3792528055507818
SGD,1454,0.3792528055507818
SGD,1455,0.7883236288723121
SGD,1456,0.5005899441890178
SGD,1457,0.5005899441890178
SGD,1458,0.14552269325274975
SGD,1459,0.17972936631934555
SGD,1460,1.0179623483376226
SGD,1461,0.7009347153656207
SGD,1462,0.6039245410455579
SGD,1463,0.40022481230871515
SGD,1464,0.6121227096643411
SGD,1465,0.5843513379234738
SGD,1466,0.6712561707746125
SGD,1467,0.3849233937138225
SGD,1468,0.44867256256003313
SGD,1469,0.3794591140943697
SGD,1470,0.24052928337030985
SGD,1471,0.17753997533376056
SGD,1472,0.48284688477264837
SGD,1473,0.4255794048054521
SGD,1474,0.8500875760998579
SGD,1475,0.6369927100940547
SGD,1476,0.59738127120916
SGD,1477,0.37836006537531897
SGD,1478,0.33375441497357233
SGD,1479,0.33375441497357233
SGD,1480,0.7736401077466353
SGD,1481,0.4681904134364173
SGD,1482,0.4758398923685726
SGD,1483,0.4242112219458619
SGD,1484,0.546448156128666
SGD,1485,0.37706646537157756
SGD,1486,0.5293189858080596
SGD,1487,0.5861057863927518
SGD,1488,0.4699301124242871
SGD,1489,0.46580975060283275
SGD,1490,0.2570193932680888
SGD,1491,0.8195940574585129
SGD,1492,0.7877154732885843
SGD,1493,0.9400171779872193
SGD,1494,0.9400171779872193
SGD,1495,0.944263537499756
SGD,1496,0.9563434143514435
SGD,1497,0.7258011332229504
SGD,1498,0.6907063401147624
SGD,1499,0.7044538729441201
SGD,1500,0.8530148905124617
SGD,1501,0.665169245635759
SGD,1502,0.7325398235380723
SGD,1503,0.730992863019257
SGD,1504,0.9084863469930855
SGD,1505,0.7831484725568418
SGD,1506,1.045217668832902
SGD,1507,0.681768667430295
SGD,1508,0.47797803578036246
SGD,1509,0.7837827811952178
SGD,1510,0.36183380831070633
SGD,1511,0.36183380831070633
SGD,1512,0.477877466988251
SGD,1513,0.5161499908254727
SGD,1514,0.3352145876209486
SGD,1515,0.5676042232235977
SGD,1516,0.5827269602078178
SGD,1517,0.6008804695515292
SGD,1518,0.7027586888065427
SGD,1519,0.6504895109699232
SGD,1520,0.5195208818710582
SGD,1521,0.43807429993433167
SGD,1522,0.39373555712210523
SGD,1523,0.39373555712210523
SGD,1524,0.6027382399542924
SGD,1525,0.27884460128949257
SGD,1526,0.19247420600293164
SGD,1527,0.19247420600293164
SGD,1528,0.2120706077167233
SGD,1529,0.13379902876680544
SGD,1530,0.34524780549901135
SGD,1531,0.34524780549901135
SGD,1532,0.3702260753150215
SGD,1533,0.4251089592745484
SGD,1534,0.46637120952587824
SGD,1535,0.6595950447998105
SGD,1536,0.6595950447998105
SGD,1537,0.22670871397587308
SGD,1538,0.4515886229135258
SGD,1539,0.4515886229135258
SGD,1540,0.2682963637306841
SGD,1541,0.8444003046639207
SGD,1542,1.2269094169144976
SGD,1543,0.7817031428133867
SGD,1544,0.7817031428133867
SGD,1545,0.7419483551819842
SGD,1546,0.3295526980579913
SGD,1547,0.3697693490819992
SGD,1548,0.9011120393418766
SGD,1549,0.7840572347747351
SGD,1550,0.7831835603384822
SGD,1551,0.5325431371243223
SGD,1552,0.5325431371243223
SGD,1553,0.7816479119988562
SGD,1554,0.9291641886825999
SGD,1555,0.7206531455424465
SGD,1556,0.42225911693333734
SGD,1557,0.4065726985715906
SGD,1558,0.7782257552539544
SGD,1559,0.7223289807936183
SGD,1560,0.8753539174511784
SGD,1561,0.7505832805618566
SGD,1562,0.9491143164404683
SGD,1563,0.9817519258166484
SGD,1564,0.6729348465747899
SGD,1565,0.30891954268538246
SGD,1566,0.2110151942746236
SGD,1567,0.26299978931681967
SGD,1568,0.2284457724110337
SGD,1569,0.3778832230937086
SGD,1570,0.29637997486673473
SGD,1571,0.3090714059945233
SGD,1572,0.386757074699426
SGD,1573,0.23581324475719856
SGD,1574,0.3679104744755356
SGD,1575,0.6234954550964374
SGD,1576,0.6234954550964374
SGD,1577,0.564063919187864
SGD,1578,0.45251004842558346
SGD,1579,0.31018057188686443
SGD,1580,0.13242504181126113
SGD,1581,0.38395942814050465
SGD,1582,0.23300194740093483
SGD,1583,0.23682784946793942
SGD,1584,0.40042396531633545
SGD,1585,0.6495311139037592
SGD,1586,0.5018140525881427
SGD,1587,0.32130754544091406
SGD,1588,0.3755449931349011
SGD,1589,0.3315315644731638
SGD,1590,0.22377676525295137
SGD,1591,0.22377676525295137
SGD,1592,0.42009906636621075
SGD,1593,0.39738529904344944
SGD,1594,0.5786164278527612
SGD,1595,0.4576814851452479
SGD,1596,0.5864030897255964
SGD,1597,0.5792527486826415
SGD,1598,0.8073785788978838
SGD,1599,0.6187704311043943
SGD,1600,0.6777594105772164
SGD,1601,0.6339738346339975
SGD,1602,0.3347060295581857
SGD,1603,0.3347060295581857
SGD,1604,0.4912417785051969
SGD,1605,0.7129140991841473
SGD,1606,0.2857316736555519
SGD,1607,0.15875482991944093
SGD,1608,0.4693111779723699
SGD,1609,0.21189678743932377
SGD,1610,0.42852393241992187
SGD,1611,0.5605484227463956
SGD,1612,0.3967781126443426
SGD,1613,0.5809065905178001
SGD,1614,0.6894652508313769
SGD,1615,0.26707440807119587
SGD,1616,0.5697646849020074
SGD,1617,0.5887688806723599
SGD,1618,0.47091418329162166
SGD,1619,0.7358270556944766
SGD,1620,0.3165061679871232
SGD,1621,0.7163527482670382
SGD,1622,0.615061765881382
SGD,1623,0.5532872707824089
SGD,1624,0.7005833434002423
SGD,1625,0.8775394430946586
SGD,1626,0.5755975980164528
SGD,1627,0.5610057756594696
SGD,1628,1.1129235982142656
SGD,1629,0.7998004508153274
SGD,1630,0.6358478361918303
SGD,1631,0.4896978029185661
SGD,1632,0.6919931234455122
SGD,1633,0.39648373986042007
SGD,1634,0.268529629123734
SGD,1635,0.3026001506635936
SGD,1636,0.34707006867489476
SGD,1637,0.368323435062635
SGD,1638,0.4065204183761718
SGD,1639,0.7025258587816423
SGD,1640,1.2130540046955363
SGD,1641,1.0597400461999602
SGD,1642,0.9526883041733671
SGD,1643,0.9663208989124237
SGD,1644,0.7728335209443473
SGD,1645,0.45489942371605385
SGD,1646,0.6480320195920399
SGD,1647,0.3483610439723418
SGD,1648,0.8759482947907712
SGD,1649,1.0832394014076439
SGD,1650,0.39242493340433426
SGD,1651,1.039758748864696
SGD,1652,0.6351793829640113
SGD,1653,0.5412656524321195
SGD,1654,0.37816877359541157
SGD,1655,0.7750513995047238
SGD,1656,0.49910205702267696
SGD,1657,0.6587376516929022
SGD,1658,0.3185666562238929
SGD,1659,0.6960665716551973
SGD,1660,0.5033599660184708
SGD,1661,0.6062495937714427
SGD,1662,0.26770669006976827
SGD,1663,0.1683548990719491
SGD,1664,0.15692886396830424
SGD,1665,0.2219437643201378
SGD,1666,0.36126066168034865
SGD,1667,0.25534100948929256
SGD,1668,0.8392401142235368
SGD,1669,0.41161926207509897
SGD,1670,0.5658082503771792
SGD,1671,0.4933045120227003
SGD,1672,0.42921191657608787
SGD,1673,0.49285768048063233
SGD,1674,0.6792112253720608
SGD,1675,1.1116988857681045
SGD,1676,0.4710670010406527
SGD,1677,0.2256402716809479
SGD,1678,0.27116041415553116
SGD,1679,0.36793497608808723
SGD,1680,0.5296579925284219
SGD,1681,0.27833822308961137
SGD,1682,0.500135357107408
SGD,1683,0.6219639493180139
SGD,1684,0.5419987532601068
SGD,1685,0.9473732984062497
SGD,1686,0.6088180121688288
SGD,1687,0.6088180121688288
SGD,1688,0.6323521002536425
SGD,1689,0.5122101600425474
SGD,1690,0.5598056993043743
SGD,1691,0.8886134102751226
SGD,1692,0.9606445683584682
SGD,1693,1.156910488658618
SGD,1694,0.5342924278918588
SGD,1695,0.2309827236494852
SGD,1696,0.31175756630169243
SGD,1697,0.6727125908660044
SGD,1698,0.9256622740719818
SGD,1699,0.7628366045191075
SGD,1700,0.7628366045191075
SGD,1701,1.1750865437115103
SGD,1702,0.7743999121701198
SGD,1703,0.3923492915417166
SGD,1704,0.4400026715302642
SGD,1705,0.5296953745618563
SGD,1706,0.6208141788224201
SGD,1707,0.7183949776912053
SGD,1708,0.7460376729530664
SGD,1709,0.965713021361968
SGD,1710,0.8906156907105068
SGD,1711,0.932571729721275
SGD,1712,0.450250591183875
SGD,1713,0.6065917602465005
SGD,1714,0.7307746389928085
SGD,1715,0.9891894619950641
SGD,1716,1.1198224277536304
SGD,1717,1.3824410909726539
SGD,1718,0.5876224911739857
SGD,1719,0.596652966028304
SGD,1720,0.5831586809712243
SGD,1721,0.5839125799555868
SGD,1722,0.45600013344635104
SGD,1723,0.8880751014296988
SGD,1724,0.3529064599384527
SGD,1725,0.47116399627956684
SGD,1726,0.1832894225474598
SGD,1727,0.14347179133976384
SGD,1728,0.13327261575162003
SGD,1729,0.2591538583373676
SGD,1730,0.25206655671253275
SGD,1731,0.38573154047695435
SGD,1732,0.41458677445386494
SGD,1733,0.37362328980997866
SGD,1734,0.908330807561303
SGD,1735,1.125504431345385
SGD,1736,0.6664566413586376
SGD,1737,0.6664566413586376
SGD,1738,0.4489262906600657
SGD,1739,0.98907177640929
SGD,1740,0.8028389199883845
SGD,1741,0.19908650454720578
SGD,1742,0.5499645537882223
SGD,1743,0.43616897111953074
SGD,1744,0.141308443730802
SGD,1745,0.39935831972287955
SGD,1746,0.699449580753631
SGD,1747,0.5598644303002621
SGD,1748,1.013444870719953
SGD,1749,0.8054103955422225
SGD,1750,1.2276347878502682
SGD,1751,0.9690397517930585
SGD,1752,0.9131457068875453
SGD,1753,0.5397931898772681
SGD,1754,0.2838272698006827
SGD,1755,0.2838272698006827
SGD,1756,0.4240888144294882
SGD,1757,0.25407519445229876
SGD,1758,0.6011410898607128
SGD,1759,0.6900915390756949
SGD,1760,0.6900915390756949
SGD,1761,0.770254829766272
SGD,1762,0.3563935109111207
SGD,1763,0.3985424177076071
SGD,1764,0.3985424177076071
SGD,1765,0.8119086882515154
SGD,1766,0.5664025250133251
SGD,1767,0.5644048944424154
SGD,1768,0.5699628158303307
SGD,1769,0.5455209294083786
SGD,1770,0.5448566803439026
SGD,1771,0.4677900913396659
SGD,1772,0.4368394239644668
SGD,1773,0.497813797799203
SGD,1774,1.0153903540739955
SGD,1775,0.4259185395643873
SGD,1776,0.3761102978306988
SGD,1777,0.17340978259004264
SGD,1778,0.1733810631682362
SGD,1779,0.26280911143224006
SGD,1780,0.2704360337981357
SGD,1781,0.19750461420429308
SGD,1782,0.30418925779653
SGD,1783,0.4020840280025856
SGD,1784,0.4040645649557288
SGD,1785,0.7686917472019077
SGD,1786,0.7399390116927118
SGD,1787,0.17813761209842122
SGD,1788,0.17813761209842122
SGD,1789,0.17813761209842122
SGD,1790,0.3624969628196548
SGD,1791,0.2658937549772984
SGD,1792,0.336438947281747
SGD,1793,0.26598952892984656
SGD,1794,0.5326150870210451
SGD,1795,0.6566152753978896
