{"val_losses": {"milo_momentum_0.9": [[1.3315733766555786, 0.9800050152778625, 0.9036315853118897, 0.7170385160446167, 0.6358118095397949, 0.5972977598190308, 0.5551432456970214, 0.5474141843318939, 0.49716970291137697, 0.4747957633972168, 0.4553289079666138, 0.4492710706710815, 0.43151732025146483, 0.42410527749061583, 0.421318736410141], [1.3761311779022216, 1.035303683757782, 0.8757573070526123, 0.7628960922241211, 0.6694124643325806, 0.6374297092437744, 0.5847964793205261, 0.5607916140556335, 0.5272443350315094, 0.5110546619415283, 0.48645005536079405, 0.47661150608062747, 0.4593839452266693, 0.4620659010887146, 0.4255950130462646], [1.2307694295883178, 0.9606878541946411, 0.8461281269073486, 0.7180907089233398, 0.6476274684906006, 0.6068792739868164, 0.5595792631149292, 0.5344518203735351, 0.5105099657058716, 0.4893129758834839, 0.47870086393356326, 0.4483853925228119, 0.4478464931488037, 0.4402403173446655, 0.42524515056610107]], "milo_momentum_0.0": [[1.2904180072784424, 1.0572678295135498, 0.9428558891296387, 0.8025540334701539, 0.738631992149353, 0.6800497926712036, 0.6323075638771057, 0.6024788007736206, 0.5885123475074768, 0.5697442628383637, 0.5343952736854554, 0.5077082237720489, 0.5197758625984192, 0.48620810976028445, 0.47646249837875365], [1.3201347581863403, 0.9854942552566528, 0.8555427150726318, 0.7479599363327026, 0.6796387323379517, 0.6382118391036987, 0.5795718199253083, 0.562922400379181, 0.5266525456428528, 0.504861458492279, 0.49936433210372927, 0.5057085816383362, 0.47343575530052184, 0.4591559620857239, 0.4314403321266174], [1.2731687759399415, 0.9885911810874939, 0.841033846282959, 0.766474201965332, 0.6748397896766662, 0.6100043567180633, 0.567958539056778, 0.5552914673805237, 0.559796325302124, 0.5274363590240478, 0.49391950149536135, 0.490760929107666, 0.4719355880737305, 0.4644856337070465, 0.45930657148361204]], "milo_momentum_0.45": [[1.2567120250701904, 0.9932564580917358, 0.8693276029586792, 0.7916964744567871, 0.699300403213501, 0.6278208233833313, 0.5995830550193787, 0.5599298203468323, 0.5573410414218902, 0.5296258421897888, 0.49620591259002683, 0.4786066220283508, 0.4658634490966797, 0.4630773621082306, 0.4499010619163513], [1.2247286195755005, 0.9099454142570496, 0.8024004488945007, 0.7112255970954895, 0.6379433719635009, 0.6051392931938171, 0.5445708128929139, 0.5316324352264404, 0.5067411630630493, 0.49787279319763184, 0.4734052195549011, 0.45835990662574766, 0.45145653524398804, 0.44363593888282776, 0.4318075423717499], [1.2715997175216676, 0.9851420558929443, 0.8308614305496216, 0.7979591567993164, 0.7134360020637512, 0.6439027557373047, 0.6155732904434205, 0.6000552912712097, 0.5554356543540955, 0.5403442070960999, 0.5073683444023133, 0.5142875875473022, 0.48238323402404787, 0.4688210870742798, 0.4625434991836548]]}, "val_accuracies": {"milo_momentum_0.9": [[51.51, 65.29, 68.33, 74.9, 77.9, 79.51, 80.93, 81.16, 83.12, 83.81, 84.5, 84.97, 85.56, 85.96, 86.11], [49.39, 62.88, 69.06, 73.17, 76.97, 77.45, 79.66, 80.52, 82.14, 82.71, 83.14, 83.89, 84.24, 84.22, 85.44], [55.27, 65.28, 70.15, 74.46, 76.93, 78.51, 80.63, 81.46, 82.45, 83.0, 84.02, 84.91, 85.05, 85.13, 85.87]], "milo_momentum_0.0": [[52.53, 61.7, 66.84, 71.56, 74.13, 76.48, 78.56, 79.14, 79.61, 80.62, 81.98, 82.54, 82.43, 83.76, 83.9], [51.6, 65.26, 70.06, 73.74, 75.69, 77.39, 80.23, 80.88, 82.06, 82.23, 82.67, 82.79, 83.61, 84.92, 85.7], [54.0, 64.77, 70.23, 72.9, 76.17, 78.72, 80.56, 80.65, 80.95, 82.1, 83.2, 83.49, 83.75, 84.27, 84.75]], "milo_momentum_0.45": [[54.16, 64.17, 68.54, 72.38, 75.71, 78.18, 79.55, 80.84, 81.24, 81.88, 82.89, 83.62, 84.29, 84.51, 84.92], [54.78, 67.67, 71.62, 75.12, 77.74, 78.89, 80.7, 82.06, 82.21, 82.69, 83.71, 84.3, 84.52, 85.18, 85.5], [54.07, 64.67, 70.82, 72.46, 75.03, 77.69, 79.17, 79.5, 80.67, 81.46, 82.97, 82.85, 83.62, 84.14, 84.26]]}, "val_f1_scores": {"milo_momentum_0.9": [[0.5058584945601002, 0.6508115679352444, 0.6785790659126836, 0.7481406348673512, 0.7779598574148613, 0.7957406238443356, 0.8074657155276291, 0.8105674004223469, 0.8291493411316294, 0.8379576620551108, 0.8446446449771189, 0.8490022851461404, 0.8540921011358268, 0.8606247497204036, 0.861119704640036], [0.4846921201333291, 0.628971006416273, 0.6865449034939374, 0.7305589487449398, 0.7689261189193295, 0.7729646480449058, 0.7960387902243672, 0.8055813732805366, 0.8199104838914014, 0.8267267141225145, 0.8306105487893246, 0.8396564146401365, 0.8415153084031498, 0.8414982642374442, 0.8535271165926064], [0.5419765815940962, 0.6515907897975083, 0.7003017491521013, 0.7443800532341316, 0.7697662281244286, 0.785518109559997, 0.8059787275359375, 0.8143378209977307, 0.8241425577410905, 0.829915773911949, 0.8403373481345746, 0.8488716644568928, 0.8511349959937642, 0.8512449181644725, 0.8587447987466647]], "milo_momentum_0.0": [[0.5183561453096175, 0.6162281156878766, 0.6688101382641002, 0.7136313690685455, 0.7410837137573091, 0.764215792510115, 0.785661685802368, 0.7907363201128602, 0.7954271330857396, 0.8044748514260472, 0.8182086204583339, 0.824642955911154, 0.8240176327173204, 0.8372294861657951, 0.8386957870811262], [0.510530825959622, 0.6513795121005743, 0.6989933839216851, 0.7378568649311916, 0.755713354034745, 0.7740622601651959, 0.8010115722362231, 0.8073314402058982, 0.8198222857334947, 0.82186063143024, 0.82712500809246, 0.8275529805224728, 0.8354210028534256, 0.8488517367232689, 0.8561094273292185], [0.5385269851283618, 0.6430325745562036, 0.7029970120462158, 0.7311702482386305, 0.7618557139190356, 0.7852324068430442, 0.8040503894683816, 0.8062600906561579, 0.8086552943680058, 0.8206446284749772, 0.8320135768581336, 0.8351227536200596, 0.8368429762994525, 0.8422984129694757, 0.8479456257634723]], "milo_momentum_0.45": [[0.5412105687365185, 0.6435922237077698, 0.6837577441433058, 0.7204888511122788, 0.7554230708371152, 0.7799392342302897, 0.7949946949321062, 0.8073598260630709, 0.8109007906466047, 0.8178777973230055, 0.8280415763569554, 0.8353867621440555, 0.8428083775866014, 0.8442774942500166, 0.84799529305687], [0.5414912624325966, 0.6744622292248421, 0.7172976319290126, 0.7521550265990371, 0.7767801234110496, 0.7892268179170012, 0.8066840017270961, 0.8192775374504049, 0.822610972189666, 0.8274988759733922, 0.837584289313855, 0.8428804675511058, 0.8446071421200572, 0.8508482744309255, 0.8538707329993184], [0.5326923718776928, 0.6453454613822249, 0.7100306501562264, 0.722850630687669, 0.7479295576021107, 0.7764305982482659, 0.791964599051137, 0.792979712046297, 0.8063431524593414, 0.8145577766018499, 0.8284917087296358, 0.828826602420605, 0.8341648350439843, 0.8418308987381067, 0.842348348875648]]}, "val_aucs": {"milo_momentum_0.9": [[0.0, 0.0, 0.0, 0.0, 0.0, 0.0, 0.0, 0.0, 0.0, 0.0, 0.0, 0.0, 0.0, 0.0, 0.0], [0.0, 0.0, 0.0, 0.0, 0.0, 0.0, 0.0, 0.0, 0.0, 0.0, 0.0, 0.0, 0.0, 0.0, 0.0], [0.0, 0.0, 0.0, 0.0, 0.0, 0.0, 0.0, 0.0, 0.0, 0.0, 0.0, 0.0, 0.0, 0.0, 0.0]], "milo_momentum_0.0": [[0.0, 0.0, 0.0, 0.0, 0.0, 0.0, 0.0, 0.0, 0.0, 0.0, 0.0, 0.0, 0.0, 0.0, 0.0], [0.0, 0.0, 0.0, 0.0, 0.0, 0.0, 0.0, 0.0, 0.0, 0.0, 0.0, 0.0, 0.0, 0.0, 0.0], [0.0, 0.0, 0.0, 0.0, 0.0, 0.0, 0.0, 0.0, 0.0, 0.0, 0.0, 0.0, 0.0, 0.0, 0.0]], "milo_momentum_0.45": [[0.0, 0.0, 0.0, 0.0, 0.0, 0.0, 0.0, 0.0, 0.0, 0.0, 0.0, 0.0, 0.0, 0.0, 0.0], [0.0, 0.0, 0.0, 0.0, 0.0, 0.0, 0.0, 0.0, 0.0, 0.0, 0.0, 0.0, 0.0, 0.0, 0.0], [0.0, 0.0, 0.0, 0.0, 0.0, 0.0, 0.0, 0.0, 0.0, 0.0, 0.0, 0.0, 0.0, 0.0, 0.0]]}}