{"losses": {"milo_LW_eps_1e-05": [[0.4522518798828125, 0.32716637733459475, 0.2873167108440399, 0.2693056274986267, 0.2596710022068024, 0.24801243487358093, 0.23919437064170837, 0.23597140398025512, 0.22751851105690002, 0.22707878874778747, 0.22242371396064758, 0.2157096364593506, 0.2133202915763855, 0.21159947709083557, 0.20883562235832215], [0.4430963241481781, 0.308320914888382, 0.2754337930583954, 0.25878819178581236, 0.24617225112676622, 0.23769645959854127, 0.22325817063808442, 0.22734767751932144, 0.21602702662467957, 0.2139560194683075, 0.21469946598052977, 0.2028012234711647, 0.2005407890319824, 0.1992654217147827, 0.1951937722682953], [0.42913710730552673, 0.2957436639595032, 0.26265813258171083, 0.2468550475883484, 0.23374446949958802, 0.22255362379074098, 0.21564205847740173, 0.20686160663604736, 0.20483117897033692, 0.20154681274414063, 0.19883358801841736, 0.1958224775981903, 0.19361174058914185, 0.18573449645996093, 0.18661126767635344]], "milo_LW_eps_0.005": [[0.40114269563674926, 0.27489767760276795, 0.2451090976524353, 0.23168067646980287, 0.22609852959632873, 0.20924311828136444, 0.19999924592971802, 0.19473109251976012, 0.19363054244041442, 0.18729241266727448, 0.18391691057682039, 0.1798353645324707, 0.177678660736084, 0.1755774220752716, 0.16967277713775636], [0.39260513657569884, 0.2635396236991882, 0.23483336242198943, 0.21740395907402038, 0.21043367955207826, 0.1981453153038025, 0.19714312702178954, 0.18440381573915482, 0.18358303239822388, 0.17990215977191926, 0.17560400259017944, 0.1722911051559448, 0.1695104732465744, 0.1674277937746048, 0.16394915468215943], [0.3865138070201874, 0.2609776378917694, 0.2291124195766449, 0.2137359348630905, 0.19824075201511382, 0.19519441628456116, 0.18485343155622483, 0.17727661975860595, 0.17422753100395202, 0.171191605424881, 0.16329837001800537, 0.16605297907829283, 0.1626627936267853, 0.15683534819602965, 0.1570800568151474]], "milo_LW_eps_0.05": [[0.3655467709445953, 0.24571474207878113, 0.21947584202766418, 0.19863833280801774, 0.19017105591773986, 0.18606060049057008, 0.17510505378246308, 0.17160763162136078, 0.1650746391105652, 0.16122564803123474, 0.16106002688646318, 0.1561674826526642, 0.1558157547569275, 0.15097287447929383, 0.14817010290622712], [0.36441087493896485, 0.2425337698841095, 0.21284081768989563, 0.1947201273059845, 0.1878527874660492, 0.1751740673160553, 0.17113116905212403, 0.17057819502830504, 0.16562614132881165, 0.1585084677886963, 0.15556709060907364, 0.15716430159568787, 0.14625955899238585, 0.14792384047031404, 0.14150066867351532], [0.3506221606063843, 0.2370655606842041, 0.20533349093437195, 0.19375385391712188, 0.18087254406929015, 0.17132898475646974, 0.16467476816177368, 0.16034526310443878, 0.1561480820941925, 0.1492656629419327, 0.14986216817378997, 0.14782728775024415, 0.143015980052948, 0.1403051117181778, 0.13673367891311647]]}, "accuracies": {"milo_LW_eps_1e-05": [[85.122, 88.954, 90.302, 90.688, 91.062, 91.414, 91.766, 91.736, 91.976, 92.15, 92.202, 92.524, 92.526, 92.66, 92.804], [85.496, 89.422, 90.502, 90.994, 91.566, 91.724, 92.15, 92.136, 92.448, 92.532, 92.514, 92.97, 92.946, 92.966, 93.08], [85.762, 89.872, 90.884, 91.462, 91.878, 92.254, 92.534, 92.65, 92.874, 92.92, 92.922, 93.126, 93.222, 93.45, 93.41]], "milo_LW_eps_0.005": [[86.598, 90.528, 91.384, 91.838, 92.24, 92.626, 93.004, 93.258, 93.136, 93.258, 93.47, 93.612, 93.698, 93.796, 94.012], [86.946, 91.014, 91.876, 92.456, 92.61, 93.198, 93.148, 93.34, 93.556, 93.674, 93.744, 93.998, 93.908, 94.18, 94.13], [87.116, 91.064, 92.056, 92.578, 93.034, 93.118, 93.442, 93.754, 93.776, 94.016, 94.144, 94.192, 94.296, 94.626, 94.4]], "milo_LW_eps_0.05": [[87.86, 91.566, 92.384, 92.986, 93.39, 93.6, 93.832, 93.908, 94.164, 94.338, 94.446, 94.438, 94.506, 94.68, 94.714], [87.782, 91.6, 92.482, 93.208, 93.43, 93.77, 93.964, 94.05, 94.324, 94.262, 94.488, 94.488, 94.802, 94.794, 94.982], [88.25, 91.842, 92.914, 93.26, 93.586, 94.06, 94.32, 94.288, 94.408, 94.758, 94.568, 94.756, 95.046, 95.094, 95.044]]}, "f1_scores": {"milo_LW_eps_1e-05": [[0.8513036008431932, 0.8895824584629111, 0.9030251492284493, 0.9069233661258551, 0.9106182751086791, 0.9140912992101151, 0.9176590645571233, 0.917320143222609, 0.919766855232617, 0.9215349011260084, 0.9220246605774985, 0.9252331808561987, 0.9252510410665314, 0.9265461465205889, 0.9280544687151909], [0.8551810245465973, 0.8942596922958435, 0.9050369600873956, 0.9099256729129778, 0.9157001412890138, 0.9172780069346869, 0.9215077881229632, 0.9214369218491292, 0.9244665864580988, 0.9253354940375853, 0.9251191970649547, 0.9296957438814148, 0.9294681759878383, 0.929652155882921, 0.9308178232070242], [0.8577761735515008, 0.8987610763600353, 0.9088676755177574, 0.9146315761086277, 0.9188099718564249, 0.9225501788974, 0.9253288805142355, 0.9264959965905837, 0.9287606158403585, 0.9292135565183456, 0.9292452389616225, 0.9312623357892906, 0.9321947482571324, 0.9344987386106636, 0.9341134043436551]], "milo_LW_eps_0.005": [[0.8661326619071007, 0.9053618148289548, 0.9139184837050467, 0.9184339521447779, 0.9224514787737403, 0.9263116824544984, 0.9300331319965801, 0.9325892347462487, 0.9313866816687737, 0.9325790434315475, 0.9347153017198739, 0.9361172556732555, 0.9369904038301788, 0.9379582070214962, 0.9400971061920759], [0.8695359764273324, 0.9101747411423396, 0.9187903724004272, 0.9245704743590076, 0.9261111541702661, 0.9319917806625522, 0.9314689080218782, 0.9334086295042086, 0.9355867306527813, 0.936723137166867, 0.9374396895629777, 0.9399937603180992, 0.93911540643798, 0.9417994058230972, 0.9413047095222762], [0.8713582153313124, 0.9106997229486644, 0.9205837250598963, 0.9258004898251709, 0.9303432063665094, 0.93119457995854, 0.9344584696608379, 0.9375175732554755, 0.9377743248671943, 0.9401839420558812, 0.9414550415904529, 0.9419295685786968, 0.9429642321044527, 0.9462522659397079, 0.9440083751094773]], "milo_LW_eps_0.05": [[0.8787196692450067, 0.915678377490034, 0.9238821238779721, 0.9298593362081095, 0.9339236703834779, 0.936016474630342, 0.9383488973735087, 0.9390985595910498, 0.941627321469969, 0.9434000145460517, 0.9444961179609501, 0.9444064485803004, 0.945091507296452, 0.9468346020611353, 0.9471535810763371], [0.8779665750345804, 0.9160218441418149, 0.9248750845754172, 0.9320877035227169, 0.9343658592330811, 0.937723008299663, 0.9396521814177692, 0.9405229519143941, 0.9432737024104293, 0.9426267099890773, 0.9449039310699989, 0.9448739382856447, 0.9480337594736472, 0.9479498307582057, 0.9498398193489649], [0.8825968188600652, 0.9184544442258264, 0.9291760978296081, 0.9326013280767171, 0.9358943753088382, 0.9406298770675967, 0.9432189877421555, 0.9428778236611374, 0.9440964985183588, 0.9476015890182543, 0.9456734745458393, 0.9475915279156581, 0.950471056266513, 0.9509371564105062, 0.9504442131190842]]}}