{"val_losses": {"milo_weight_decay_0.0001": [[1.2599435186386108, 0.9455735953330994, 0.8265455179214477, 0.7254990846633911, 0.6379629601955413, 0.6137893325805664, 0.5740297385215759, 0.5454915560722351, 0.5166393105983734, 0.4969268244743347, 0.4704087241172791, 0.4589747125148773, 0.458979497718811, 0.44779786405563354, 0.4290308275699615], [1.2397029233932495, 0.9790850812911988, 0.871473671913147, 0.7457897935867309, 0.6794902199745179, 0.6489377603530884, 0.6000582675933838, 0.5615915678024292, 0.5155248776435852, 0.5178852881431579, 0.5096051166534424, 0.466014932346344, 0.4649998498916626, 0.46024994874000547, 0.43476984095573423], [1.2496438358306885, 1.0146220764160157, 0.8347394339561462, 0.729894974899292, 0.6830486670494079, 0.621491049194336, 0.5639392256736755, 0.5328338613510132, 0.5196999217033387, 0.5087277453422546, 0.4851114368438721, 0.4616520929336548, 0.4470418393135071, 0.4533787287712097, 0.43089201831817625]], "milo_weight_decay_0.001": [[1.2406675722122191, 0.945748572921753, 0.8078913201332092, 0.709457400226593, 0.650084543132782, 0.5925158031463623, 0.5533191750526428, 0.5349186773300171, 0.499738436126709, 0.48765191955566406, 0.45932361526489257, 0.4617154449462891, 0.43404889097213745, 0.4277368268966675, 0.4150000991821289], [1.3500779790878297, 1.0071761707305908, 0.8937406820297241, 0.7750100975036621, 0.7039309338569641, 0.6370627650260925, 0.594409473991394, 0.5460210914611816, 0.5503597269058228, 0.5028316627502442, 0.48949723153114316, 0.46169024429321287, 0.455428427028656, 0.4291622630119324, 0.4246568067312241], [1.252310043144226, 1.0594245219230651, 0.8307556591033936, 0.734293528175354, 0.6877659001350402, 0.6150557302474976, 0.5683839674949646, 0.5289038605690003, 0.519220885181427, 0.4925216932296753, 0.4605322287559509, 0.4590436179637909, 0.4337781853675842, 0.42622515573501585, 0.41155041303634643]], "milo_weight_decay_0.0": [[1.2323805439949036, 0.9643945855140686, 0.808952227306366, 0.7022371064186096, 0.6303738967895508, 0.5917758345603943, 0.5655944583892822, 0.5078015026092529, 0.4917773332595825, 0.47932514123916625, 0.44792966237068177, 0.4542511264801025, 0.4222463901519775, 0.4357749691963196, 0.42773669924736024], [1.2685948135375977, 0.9724760473251343, 0.8625763853073121, 0.7351850361824036, 0.6947011724472046, 0.6316327982902527, 0.6140538209915161, 0.5652489439010621, 0.5381817161560059, 0.5287766755104065, 0.5011509760856628, 0.46885662546157836, 0.46675259075164793, 0.4618017120361328, 0.4575268078804016], [1.2952787952423095, 1.0349721267700196, 0.852166442489624, 0.7455836324691772, 0.6552735209465027, 0.6185499067306519, 0.5821186000823975, 0.550164113330841, 0.5088398456573486, 0.4907323413848877, 0.46373816022872927, 0.46638545522689817, 0.4414946125984192, 0.44510073719024656, 0.4251963258743286]]}, "val_accuracies": {"milo_weight_decay_0.0001": [[54.1, 65.9, 70.78, 74.9, 77.69, 79.14, 79.94, 81.29, 82.3, 82.99, 83.97, 84.57, 84.38, 85.18, 85.55], [54.37, 65.13, 69.09, 73.59, 76.37, 77.34, 79.27, 80.44, 81.98, 82.8, 82.38, 84.06, 84.42, 84.59, 85.22], [54.36, 63.9, 70.65, 74.0, 76.22, 78.16, 80.77, 81.75, 81.96, 82.75, 83.52, 84.0, 84.78, 84.92, 85.62]], "milo_weight_decay_0.001": [[54.61, 66.65, 71.72, 75.11, 77.45, 79.81, 80.33, 81.5, 83.09, 83.39, 84.52, 84.48, 85.47, 85.74, 86.04], [50.94, 64.61, 67.67, 72.64, 75.75, 77.56, 79.36, 81.01, 81.08, 82.78, 83.3, 84.21, 84.03, 85.38, 85.66], [54.07, 61.99, 70.3, 74.92, 75.75, 78.6, 80.57, 81.77, 82.22, 83.02, 84.68, 84.73, 85.22, 85.64, 86.26]], "milo_weight_decay_0.0": [[55.51, 65.9, 71.1, 75.63, 77.69, 79.31, 80.27, 82.55, 82.81, 83.35, 84.23, 84.51, 85.37, 85.81, 85.73], [54.76, 64.93, 69.68, 74.01, 76.07, 77.56, 78.45, 80.54, 82.02, 82.44, 83.19, 83.92, 84.31, 84.38, 84.64], [52.48, 62.6, 70.04, 74.36, 77.13, 78.62, 79.98, 81.02, 81.89, 83.23, 84.51, 84.19, 84.69, 84.81, 85.91]]}, "val_f1_scores": {"milo_weight_decay_0.0001": [[0.5377683450478642, 0.6599320151973515, 0.7020813070848646, 0.7478542638665722, 0.776859842595252, 0.7912866898303021, 0.7988231822705684, 0.8121645790190343, 0.8223444860471577, 0.8292051543820775, 0.8393393807089653, 0.8457842531705312, 0.8434736593103953, 0.8517045514514019, 0.8543513482925323], [0.5364571249204835, 0.6533959659295889, 0.6908402686354709, 0.7350942739068251, 0.7623215375908947, 0.7713312024508816, 0.7905729110643414, 0.8033699715974253, 0.8205614607212773, 0.8261858509855357, 0.8232448868711522, 0.8398613260642547, 0.8450076275365085, 0.8450918632419595, 0.852093432709988], [0.5310226395563681, 0.6448887803274754, 0.7024375481742109, 0.7379886211217404, 0.7614428921235016, 0.7811463502322437, 0.8067635205385253, 0.8176923574402852, 0.8200327083851384, 0.8257133086287212, 0.8340269941784901, 0.8396446796257632, 0.8478454939568003, 0.8479843553378178, 0.8551128040791063]], "milo_weight_decay_0.001": [[0.5396351104670246, 0.6632047829751588, 0.715241145340905, 0.7526944954273962, 0.7709947501546977, 0.7964957636953244, 0.8033323269125832, 0.8145943451915253, 0.8306236642531072, 0.8334625655887746, 0.8448107061584531, 0.8438586609799223, 0.8547516669987157, 0.8565553664421726, 0.8592663459413169], [0.5048943672001366, 0.642944910697181, 0.6738428575463903, 0.7243637233371103, 0.7557297957895144, 0.7758443226657934, 0.7921194894285333, 0.8089949334216637, 0.8107693674954797, 0.8274877147321783, 0.8319743168185727, 0.8415950785085773, 0.8407710660540599, 0.8537494692609933, 0.8563110345456166], [0.5401987283287342, 0.6168803481534753, 0.7014843773085333, 0.7468180376654112, 0.7604901889402058, 0.7829090422444656, 0.8043606929409034, 0.8178296677387816, 0.821754459203395, 0.829908284573999, 0.8464112069178389, 0.8459325516601677, 0.8522205141783157, 0.8549423384095339, 0.8623786828134609]], "milo_weight_decay_0.0": [[0.5504638623761179, 0.661962632301047, 0.7094879875958708, 0.755378974068502, 0.775692193988917, 0.7942761543684421, 0.8014053361885589, 0.8241259939931597, 0.8283305264803087, 0.8327184998605051, 0.8422399092344813, 0.8444343860335259, 0.853703341129024, 0.8568890386821855, 0.8574111268564796], [0.5326506420800972, 0.6471979773010179, 0.6965138027916792, 0.7391344128720141, 0.7594391247768193, 0.776064083711072, 0.7872707104139061, 0.8056429590180436, 0.8192115337423198, 0.822020465719954, 0.8313500104177546, 0.8393161962597088, 0.8426462482780279, 0.8439593783524775, 0.8459728470994884], [0.5209502366847698, 0.6197426120819421, 0.6980154484856662, 0.7396534688893077, 0.7703873434328972, 0.784545730301663, 0.8010811754704049, 0.8115107000884867, 0.8174249159746712, 0.8318557659161746, 0.8442460657093138, 0.8407944126581315, 0.8471201895612845, 0.847346496142055, 0.8586012722745917]]}, "val_aucs": {"milo_weight_decay_0.0001": [[0.0, 0.0, 0.0, 0.0, 0.0, 0.0, 0.0, 0.0, 0.0, 0.0, 0.0, 0.0, 0.0, 0.0, 0.0], [0.0, 0.0, 0.0, 0.0, 0.0, 0.0, 0.0, 0.0, 0.0, 0.0, 0.0, 0.0, 0.0, 0.0, 0.0], [0.0, 0.0, 0.0, 0.0, 0.0, 0.0, 0.0, 0.0, 0.0, 0.0, 0.0, 0.0, 0.0, 0.0, 0.0]], "milo_weight_decay_0.001": [[0.0, 0.0, 0.0, 0.0, 0.0, 0.0, 0.0, 0.0, 0.0, 0.0, 0.0, 0.0, 0.0, 0.0, 0.0], [0.0, 0.0, 0.0, 0.0, 0.0, 0.0, 0.0, 0.0, 0.0, 0.0, 0.0, 0.0, 0.0, 0.0, 0.0], [0.0, 0.0, 0.0, 0.0, 0.0, 0.0, 0.0, 0.0, 0.0, 0.0, 0.0, 0.0, 0.0, 0.0, 0.0]], "milo_weight_decay_0.0": [[0.0, 0.0, 0.0, 0.0, 0.0, 0.0, 0.0, 0.0, 0.0, 0.0, 0.0, 0.0, 0.0, 0.0, 0.0], [0.0, 0.0, 0.0, 0.0, 0.0, 0.0, 0.0, 0.0, 0.0, 0.0, 0.0, 0.0, 0.0, 0.0, 0.0], [0.0, 0.0, 0.0, 0.0, 0.0, 0.0, 0.0, 0.0, 0.0, 0.0, 0.0, 0.0, 0.0, 0.0, 0.0]]}}