{"val_losses": {"AdamW": [[0.7569142670867754, 0.7419736558977499, 0.7450537063703955, 0.7400713087825309, 0.7420635564265041]]}, "val_accuracies": {"AdamW": [[0.2663606832822727, 0.28026983219400003, 0.2767287922766374, 0.282128109144653, 0.2802199097519733]]}, "val_f1_scores": {"AdamW": [[0.32686238448788685, 0.33633040437754014, 0.32570442522080695, 0.33669368571623187, 0.335830892536839]]}, "val_aucs": {"AdamW": [[0.0, 0.0, 0.0, 0.0, 0.0]]}}