optimizer,step,value
ADAMW,5,1.0
ADAMW,6,0.7633796644511803
ADAMW,7,0.6023475466651239
ADAMW,8,0.5487498849641602
ADAMW,9,0.4822833783905601
ADAMW,10,0.4840764737038056
ADAMW,11,0.4132167012071562
ADAMW,12,0.40239377617596794
ADAMW,13,0.38214498434367317
ADAMW,14,0.3528688039062261
ADAMW,15,0.38098440375549514
ADAMW,16,0.27736541973377754
ADAMW,17,0.10648864968349454
ADAMW,18,0.1389760374783407
ADAMW,19,0.24392669489971158
ADAMW,20,0.26032731865364334
ADAMW,21,0.18330676159946602
ADAMW,22,0.12648356892873033
ADAMW,23,0.08771698804000452
ADAMW,24,0.13651966105524418
ADAMW,25,0.1386951481738966
ADAMW,26,0.16286132195906075
ADAMW,27,0.1279125777444031
ADAMW,28,0.19877703026554752
ADAMW,29,0.18252026619117434
ADAMW,30,0.16498751243229876
ADAMW,31,0.2985218681150847
ADAMW,32,0.2846747469136422
ADAMW,33,0.20118977810798058
ADAMW,34,0.19292015626869746
ADAMW,35,0.20856443816531825
ADAMW,36,0.20123516651854023
ADAMW,37,0.10230350484936744
ADAMW,38,0.11392552827746823
ADAMW,39,0.11851390539068474
ADAMW,40,0.16890198013268615
ADAMW,41,0.15387784332244434
ADAMW,42,0.16890198013268615
ADAMW,43,0.186373312762482
ADAMW,44,0.15774211853976305
ADAMW,45,0.12781601254882002
ADAMW,46,0.14075035785724863
ADAMW,47,0.14075035785724863
ADAMW,48,0.20519645371726516
ADAMW,49,0.2703763641969317
ADAMW,50,0.22240212886639393
ADAMW,51,0.2703763641969317
ADAMW,52,0.2703763641969317
ADAMW,53,0.23478962475902684
ADAMW,54,0.2733788653595808
ADAMW,55,0.1477708235308082
ADAMW,56,0.10280408049380557
ADAMW,57,0.12078952768820743
ADAMW,58,0.17799346709750868
ADAMW,59,0.1672955117235747
ADAMW,60,0.21293190722107297
ADAMW,61,0.2797160792231856
ADAMW,62,0.12754383324899252
ADAMW,63,0.11623241205376945
ADAMW,64,0.10751347040593494
ADAMW,65,0.05700185109803862
ADAMW,66,0.09856527759410147
ADAMW,67,0.1451657370060109
ADAMW,68,0.1451657370060109
ADAMW,69,0.11255326938572276
ADAMW,70,0.13570096074944193
ADAMW,71,0.13409210754609996
ADAMW,72,0.16885130332711842
ADAMW,73,0.1637537746500039
ADAMW,74,0.1637537746500039
ADAMW,75,0.20104997413526132
ADAMW,76,0.15515373299213475
ADAMW,77,0.2067023241422303
ADAMW,78,0.15515373299213475
ADAMW,79,0.1562839027953817
ADAMW,80,0.12163945043833421
ADAMW,81,0.10592240226482702
ADAMW,82,0.1768515113352899
ADAMW,83,0.1252876515908275
ADAMW,84,0.14185815778176097
ADAMW,85,0.13764103336393693
ADAMW,86,0.13269744971474007
ADAMW,87,0.16054107249281163
ADAMW,88,0.11264021530050461
ADAMW,89,0.14465954647886184
ADAMW,90,0.09949884058465859
ADAMW,91,0.09114271503768757
ADAMW,92,0.08785688912066285
ADAMW,93,0.07866082703506216
ADAMW,94,0.04356688770357248
ADAMW,95,0.15412467662911797
ADAMW,96,0.15271802915143123
ADAMW,97,0.14887244438740546
ADAMW,98,0.1177291494460261
ADAMW,99,0.08383777157499056
ADAMW,100,0.08473151220361448
ADAMW,101,0.09626059582840953
ADAMW,102,0.14318270564847116
ADAMW,103,0.07617003110920813
ADAMW,104,0.14869553031238836
ADAMW,105,0.1699724747362405
ADAMW,106,0.11290227441154803
ADAMW,107,0.08965808973053352
ADAMW,108,0.07945692270824264
ADAMW,109,0.09807898522152864
ADAMW,110,0.12808735480344452
ADAMW,111,0.17016880980466567
ADAMW,112,0.1264071884702904
ADAMW,113,0.30329648537930576
ADAMW,114,0.25152081222609673
ADAMW,115,0.16146951095147866
ADAMW,116,0.19346947943565587
ADAMW,117,0.3086722751619062
ADAMW,118,0.19346947943565587
ADAMW,119,0.21084768043086852
ADAMW,120,0.16754374063602973
ADAMW,121,0.21166456488012986
ADAMW,122,0.13447706703375928
ADAMW,123,0.13820201952535593
ADAMW,124,0.1260936839133277
ADAMW,125,0.07701055831884912
ADAMW,126,0.04162794831538579
ADAMW,127,0.08891419941547143
ADAMW,128,0.08156313569706358
ADAMW,129,0.1234314133823496
ADAMW,130,0.12836303506982719
ADAMW,131,0.12326894008051274
ADAMW,132,0.07738271599648308
ADAMW,133,0.11723536372012448
ADAMW,134,0.11464712148244098
ADAMW,135,0.11034394590622323
ADAMW,136,0.1721754971584678
ADAMW,137,0.18754308828744423
ADAMW,138,0.21554213515728815
ADAMW,139,0.20234038245362618
ADAMW,140,0.06388145905127626
ADAMW,141,0.06388145905127626
ADAMW,142,0.26480727084715383
ADAMW,143,0.18513929724098205
ADAMW,144,0.13709993339499216
ADAMW,145,0.13861702466258638
ADAMW,146,0.13861702466258638
ADAMW,147,0.13861702466258638
ADAMW,148,0.19297382386829726
ADAMW,149,0.06768810086462752
ADAMW,150,0.06768810086462752
ADAMW,151,0.12673448763488887
ADAMW,152,0.14884247424637617
ADAMW,153,0.14884247424637617
ADAMW,154,0.1351474408542419
ADAMW,155,0.2046907143734008
ADAMW,156,0.08250694992517786
ADAMW,157,0.06481384834276699
ADAMW,158,0.16021972218568378
ADAMW,159,0.09284979312439831
ADAMW,160,0.061055794680797054
ADAMW,161,0.05531890931517028
ADAMW,162,0.0467112118902306
ADAMW,163,0.08502143881289131
ADAMW,164,0.08742226641063716
ADAMW,165,0.10733285415832994
ADAMW,166,0.1428242088253353
ADAMW,167,0.07588937411176983
ADAMW,168,0.0693425379328731
ADAMW,169,0.027438133892514354
ADAMW,170,0.086200280018176
ADAMW,171,0.081828140067367
ADAMW,172,0.081828140067367
ADAMW,173,0.04136781639482359
ADAMW,174,0.12339810936423239
ADAMW,175,0.12228354025021722
ADAMW,176,0.13207348744934183
ADAMW,177,0.14885749996431893
ADAMW,178,0.08087947969770425
ADAMW,179,0.11950216066324514
ADAMW,180,0.17430659037982493
ADAMW,181,0.18101259303600356
ADAMW,182,0.08385554825057775
ADAMW,183,0.08018032331827613
ADAMW,184,0.08482185358774519
ADAMW,185,0.1422578843009218
ADAMW,186,0.16682239132538865
ADAMW,187,0.16682239132538865
ADAMW,188,0.2179558195102336
ADAMW,189,0.24803226283147448
ADAMW,190,0.14195154929396062
ADAMW,191,0.1318437081326431
ADAMW,192,0.12547849676608022
ADAMW,193,0.13686045864316324
ADAMW,194,0.12373574948088437
ADAMW,195,0.16036617406350356
ADAMW,196,0.16036617406350356
ADAMW,197,0.1281988111844887
ADAMW,198,0.0772215797856377
ADAMW,199,0.10576340688751627
ADAMW,200,0.15453270459670487
ADAMW,201,0.08930000283688962
ADAMW,202,0.08121799266911128
ADAMW,203,0.08109122913463745
ADAMW,204,0.17730612485500782
ADAMW,205,0.10097018267831803
ADAMW,206,0.06931779608677553
ADAMW,207,0.06591331688824323
ADAMW,208,0.11990764137410984
ADAMW,209,0.12077008961984864
ADAMW,210,0.08772065409902434
ADAMW,211,0.07787643494975847
ADAMW,212,0.1406923582278094
ADAMW,213,0.14723444698059873
ADAMW,214,0.08728536523604731
ADAMW,215,0.08728536523604731
ADAMW,216,0.14625451328765315
ADAMW,217,0.1792602010752243
ADAMW,218,0.18216360428310333
ADAMW,219,0.09364877096987616
ADAMW,220,0.13799544308972886
ADAMW,221,0.11142941735831768
ADAMW,222,0.15231154038600125
ADAMW,223,0.19294487868186583
ADAMW,224,0.16203267111353747
ADAMW,225,0.12263631393169785
ADAMW,226,0.19617059964744618
ADAMW,227,0.12102280072960354
ADAMW,228,0.14321278544487434
ADAMW,229,0.18439023031522847
ADAMW,230,0.1377288562840046
ADAMW,231,0.16827743802233514
ADAMW,232,0.20925033256431727
ADAMW,233,0.12501257744147642
ADAMW,234,0.1256781633145737
ADAMW,235,0.19560171113795075
ADAMW,236,0.19108221782318097
ADAMW,237,0.11017681503729618
ADAMW,238,0.09205291310661637
ADAMW,239,0.07143187297724768
ADAMW,240,0.07792611196660175
ADAMW,241,0.10769079620892559
ADAMW,242,0.11049148255602995
ADAMW,243,0.11049148255602995
ADAMW,244,0.12135555843325561
ADAMW,245,0.09010038729467404
ADAMW,246,0.10264744175902134
ADAMW,247,0.09443776400413781
ADAMW,248,0.079366514309434
ADAMW,249,0.079366514309434
ADAMW,250,0.12947174756215055
ADAMW,251,0.26982275617635343
ADAMW,252,0.17312567512455498
ADAMW,253,0.1265163824529793
ADAMW,254,0.1265163824529793
ADAMW,255,0.11027895337683553
ADAMW,256,0.17516936428875204
ADAMW,257,0.1620997934218045
ADAMW,258,0.14808380637720434
ADAMW,259,0.1245161333108904
ADAMW,260,0.2625221773386614
ADAMW,261,0.19013564290396812
ADAMW,262,0.17556127094857993
ADAMW,263,0.09027757815989816
ADAMW,264,0.09027757815989816
ADAMW,265,0.11925922907637483
ADAMW,266,0.0993604693088977
ADAMW,267,0.09562206658610298
ADAMW,268,0.17950759305818845
ADAMW,269,0.17176467161367467
ADAMW,270,0.10887459871798559
ADAMW,271,0.09715762835222495
ADAMW,272,0.11547855288699016
ADAMW,273,0.15615582668432207
ADAMW,274,0.20192716661758475
ADAMW,275,0.19606307872209405
ADAMW,276,0.18272002094090467
ADAMW,277,0.18272002094090467
ADAMW,278,0.09279024656686503
ADAMW,279,0.06260606621622612
ADAMW,280,0.08277118426296907
ADAMW,281,0.06369573643836457
ADAMW,282,0.09242883713388149
ADAMW,283,0.07933868706555605
ADAMW,284,0.12594501599074698
ADAMW,285,0.1663168302584689
ADAMW,286,0.08695805830458925
ADAMW,287,0.0986909264492586
ADAMW,288,0.18190060484246054
ADAMW,289,0.2033368097887378
ADAMW,290,0.10796152394529199
ADAMW,291,0.10796152394529199
ADAMW,292,0.15427702987126435
ADAMW,293,0.18222695487205912
ADAMW,294,0.149299180901629
ADAMW,295,0.11440435898703595
ADAMW,296,0.1133813268082236
ADAMW,297,0.11967626771595134
ADAMW,298,0.13596403981991462
ADAMW,299,0.11456569946098484
ADAMW,300,0.17098403492013373
ADAMW,301,0.19756638252309683
ADAMW,302,0.1968179605057283
ADAMW,303,0.16732681278155373
ADAMW,304,0.1392315670681549
ADAMW,305,0.12051164269900404
ADAMW,306,0.10001337581551151
ADAMW,307,0.19135933476410216
ADAMW,308,0.12155977367419367
ADAMW,309,0.05755899640540503
ADAMW,310,0.06580889867992863
ADAMW,311,0.1360402365398464
ADAMW,312,0.10783614525803728
ADAMW,313,0.10783614525803728
ADAMW,314,0.13778374972788893
ADAMW,315,0.17193862003214655
ADAMW,316,0.09949142168232185
ADAMW,317,0.09604675543639311
ADAMW,318,0.07087941675407039
ADAMW,319,0.06230678955127893
ADAMW,320,0.08717239208168147
ADAMW,321,0.11065758970354322
ADAMW,322,0.06927453392768876
ADAMW,323,0.07063497109269885
ADAMW,324,0.09506681088472123
ADAMW,325,0.13540071166629644
ADAMW,326,0.09590060931824756
ADAMW,327,0.08068492670915231
ADAMW,328,0.1288775685319925
ADAMW,329,0.13326160927959455
ADAMW,330,0.2070279182796146
ADAMW,331,0.16415664124453874
ADAMW,332,0.08990482119077857
ADAMW,333,0.09115134396700957
ADAMW,334,0.16710061091134962
ADAMW,335,0.24231757269641438
ADAMW,336,0.17729557660672973
ADAMW,337,0.08567684906016357
ADAMW,338,0.17472328656128755
ADAMW,339,0.2156607396613276
ADAMW,340,0.20940870250843205
ADAMW,341,0.11035298096570995
ADAMW,342,0.07671176525826182
ADAMW,343,0.061342854264861725
ADAMW,344,0.07856905047036473
ADAMW,345,0.12500966170077818
ADAMW,346,0.059394198546553395
ADAMW,347,0.09648846633440589
ADAMW,348,0.09648846633440589
ADAMW,349,0.14873251755826522
ADAMW,350,0.09708991428774036
ADAMW,351,0.09708991428774036
ADAMW,352,0.11151160178367994
ADAMW,353,0.14504963870916404
ADAMW,354,0.2729573144926773
ADAMW,355,0.1463462029778323
ADAMW,356,0.1463462029778323
ADAMW,357,0.1649382633029945
ADAMW,358,0.22387965845657098
ADAMW,359,0.2445616853720499
ADAMW,360,0.16865678549829888
ADAMW,361,0.14099092360157897
ADAMW,362,0.04317282853025419
ADAMW,363,0.14964145498445577
ADAMW,364,0.09310847528515487
ADAMW,365,0.1522624596559383
ADAMW,366,0.1522624596559383
ADAMW,367,0.12108763033767059
ADAMW,368,0.2039848253092246
ADAMW,369,0.19002872953827266
ADAMW,370,0.18423086466467078
ADAMW,371,0.2431882782894305
ADAMW,372,0.19867389170852293
ADAMW,373,0.07268537396867479
ADAMW,374,0.059091262756713475
ADAMW,375,0.05194304323567266
ADAMW,376,0.04172346892735868
ADAMW,377,0.032146693363689825
ADAMW,378,0.03866328071833621
ADAMW,379,0.0356032225733591
ADAMW,380,0.06499516154504602
ADAMW,381,0.08554651082174008
ADAMW,382,0.24978051841225152
ADAMW,383,0.12878637955959954
ADAMW,384,0.09856583581308434
ADAMW,385,0.09626489388939172
ADAMW,386,0.09626489388939172
ADAMW,387,0.07547056107082284
ADAMW,388,0.07547056107082284
ADAMW,389,0.07610274778541791
ADAMW,390,0.15032756533815106
ADAMW,391,0.1280939548167571
ADAMW,392,0.09157419353623356
ADAMW,393,0.07992121225046998
ADAMW,394,0.08315587233162515
ADAMW,395,0.08137447733510017
ADAMW,396,0.11925884125252512
ADAMW,397,0.13573432021037055
ADAMW,398,0.1217650233588719
ADAMW,399,0.07583551041400663
ADAMW,400,0.07663937016252406
ADAMW,401,0.14902113342572765
ADAMW,402,0.11746879308392284
ADAMW,403,0.1569969519071078
ADAMW,404,0.14362723007768327
ADAMW,405,0.15895366002303155
ADAMW,406,0.22359832384887313
ADAMW,407,0.10643738127527805
ADAMW,408,0.120788756544748
ADAMW,409,0.1310400661708322
ADAMW,410,0.10599027414632746
ADAMW,411,0.10599027414632746
ADAMW,412,0.13333869813700136
ADAMW,413,0.16541780498391723
ADAMW,414,0.14452127770029363
ADAMW,415,0.11081252670908724
ADAMW,416,0.10829551448086115
ADAMW,417,0.10837861473582266
ADAMW,418,0.10602060626909471
ADAMW,419,0.12906113747873496
ADAMW,420,0.10221264733695225
ADAMW,421,0.12135822778277155
ADAMW,422,0.09833710498704762
ADAMW,423,0.06810635273539198
ADAMW,424,0.31619071054378484
ADAMW,425,0.38605119700136886
ADAMW,426,0.25434914826467164
ADAMW,427,0.22365905850653067
ADAMW,428,0.16677418482827586
ADAMW,429,0.040318898118812584
ADAMW,430,0.03571645643758923
ADAMW,431,0.040318898118812584
ADAMW,432,0.10211077255405912
ADAMW,433,0.29920609665459985
ADAMW,434,0.12992740267142633
ADAMW,435,0.12992740267142633
ADAMW,436,0.1191080461398062
ADAMW,437,0.11088858420844615
ADAMW,438,0.07852516168397455
ADAMW,439,0.05478615294542038
ADAMW,440,0.055173271657597486
ADAMW,441,0.0785975207243794
ADAMW,442,0.12483152261818654
ADAMW,443,0.15806982965266944
ADAMW,444,0.12770736931791712
ADAMW,445,0.1568698593222087
ADAMW,446,0.1336528306272243
ADAMW,447,0.14168148286311272
ADAMW,448,0.10400562309984879
ADAMW,449,0.10400562309984879
ADAMW,450,0.21155930934648434
ADAMW,451,0.2807391644814967
ADAMW,452,0.25960225787839064
ADAMW,453,0.13224706317517806
ADAMW,454,0.11613699517286952
ADAMW,455,0.07087057835365555
ADAMW,456,0.06283207791505752
ADAMW,457,0.09928496141086701
ADAMW,458,0.09211084743044097
ADAMW,459,0.09928496141086701
ADAMW,460,0.14440895721116037
ADAMW,461,0.10205672599629004
ADAMW,462,0.09096680756943669
ADAMW,463,0.08599383628843964
ADAMW,464,0.093327155838611
ADAMW,465,0.08590317224523601
ADAMW,466,0.0716752033257929
ADAMW,467,0.0716752033257929
ADAMW,468,0.16485609893182807
ADAMW,469,0.249542967293223
ADAMW,470,0.17510752727329892
ADAMW,471,0.21521166249030807
ADAMW,472,0.21521166249030807
ADAMW,473,0.14978519024265807
ADAMW,474,0.10901422530146239
ADAMW,475,0.18040786682282772
ADAMW,476,0.2015702690474368
ADAMW,477,0.10414617698289871
ADAMW,478,0.06165456855632069
ADAMW,479,0.06165456855632069
ADAMW,480,0.09945972257710868
ADAMW,481,0.08809544616518068
ADAMW,482,0.14285482041966172
ADAMW,483,0.12193345582687602
ADAMW,484,0.13590096977702282
ADAMW,485,0.1359855513378062
ADAMW,486,0.08590410022731652
ADAMW,487,0.06805419615368924
ADAMW,488,0.07861148760705738
ADAMW,489,0.09372736325051319
ADAMW,490,0.12839713772234707
ADAMW,491,0.14623174741302913
ADAMW,492,0.1577325446213248
ADAMW,493,0.1577325446213248
ADAMW,494,0.1306099381202616
ADAMW,495,0.09025332048637172
ADAMW,496,0.061152166051309374
ADAMW,497,0.05963838732411098
ADAMW,498,0.1100570992784575
ADAMW,499,0.08451347585105756
ADAMW,500,0.06307642640672272
ADAMW,501,0.06485790123354128
ADAMW,502,0.061705895203798274
ADAMW,503,0.06631965387067269
ADAMW,504,0.11396186873188394
ADAMW,505,0.06376320834272585
ADAMW,506,0.05949452271823068
ADAMW,507,0.06490010217317192
ADAMW,508,0.10636993297794833
ADAMW,509,0.04174234748636468
ADAMW,510,0.04528004012619744
ADAMW,511,0.0743519236059478
ADAMW,512,0.12201262265002338
ADAMW,513,0.18115721522434483
ADAMW,514,0.10496098055295307
ADAMW,515,0.10250705247310929
ADAMW,516,0.10771868777337676
ADAMW,517,0.05887843611500673
ADAMW,518,0.164922459875762
ADAMW,519,0.12042129742660754
ADAMW,520,0.12042129742660754
ADAMW,521,0.10497677461233575
ADAMW,522,0.10497677461233575
ADAMW,523,0.0866983918109514
ADAMW,524,0.13907885041580934
ADAMW,525,0.09476756464208261
ADAMW,526,0.06413556113607806
ADAMW,527,0.08755120031018224
ADAMW,528,0.13487421081807233
ADAMW,529,0.21570757889671638
ADAMW,530,0.09491161379748139
ADAMW,531,0.08890115204884896
ADAMW,532,0.11417513037003987
ADAMW,533,0.11124383347981749
ADAMW,534,0.11314111114705265
ADAMW,535,0.07523296635863626
ADAMW,536,0.05981429140982454
ADAMW,537,0.0403955411013849
ADAMW,538,0.06850288215267186
ADAMW,539,0.09750897685339172
ADAMW,540,0.1066721878846298
ADAMW,541,0.13099601843072206
ADAMW,542,0.1265336517076501
ADAMW,543,0.11322929267875496
ADAMW,544,0.1265336517076501
ADAMW,545,0.1500494403451
ADAMW,546,0.1387414491622324
ADAMW,547,0.046157080231619636
ADAMW,548,0.08723575709657057
ADAMW,549,0.14606914288972436
ADAMW,550,0.08685344435926466
ADAMW,551,0.13244358147761373
ADAMW,552,0.10282050613305402
ADAMW,553,0.09828680667286334
ADAMW,554,0.09828680667286334
ADAMW,555,0.1487859323243894
ADAMW,556,0.17461700578823314
ADAMW,557,0.1419243210776034
ADAMW,558,0.17176455059455223
ADAMW,559,0.11531913724966261
ADAMW,560,0.1117778472432174
ADAMW,561,0.11631289447583812
ADAMW,562,0.10370028616383034
ADAMW,563,0.08986627512668914
ADAMW,564,0.08986627512668914
ADAMW,565,0.13723924801691553
ADAMW,566,0.13723924801691553
ADAMW,567,0.08481683096677592
ADAMW,568,0.08481683096677592
ADAMW,569,0.07772031016581156
ADAMW,570,0.09664206263485522
ADAMW,571,0.133897145299622
ADAMW,572,0.10100212292713867
ADAMW,573,0.08037948908291664
ADAMW,574,0.07475942680525287
ADAMW,575,0.078713870334696
ADAMW,576,0.13997947007441897
ADAMW,577,0.19857809716830774
ADAMW,578,0.13925874713098502
ADAMW,579,0.10727752268735834
ADAMW,580,0.10226401333962433
ADAMW,581,0.07999254414230705
ADAMW,582,0.1352580594696316
ADAMW,583,0.08669775997327112
ADAMW,584,0.1068866121907352
ADAMW,585,0.07154161029488999
ADAMW,586,0.04961006146380266
ADAMW,587,0.06568104408266712
ADAMW,588,0.05308563524946815
ADAMW,589,0.09503329881792913
ADAMW,590,0.08483675811619547
ADAMW,591,0.0738271376686665
ADAMW,592,0.11568996484555429
ADAMW,593,0.09724812827689731
ADAMW,594,0.09724812827689731
ADAMW,595,0.10019366283355573
ADAMW,596,0.10019366283355573
ADAMW,597,0.13981815173451795
ADAMW,598,0.07465103136443133
ADAMW,599,0.036789502724841695
ADAMW,600,0.03146888461817447
ADAMW,601,0.02280724426636318
ADAMW,602,0.07354249777989118
ADAMW,603,0.09561953136745319
ADAMW,604,0.11560680357698383
ADAMW,605,0.06002865242372068
ADAMW,606,0.10354044433161567
ADAMW,607,0.1521418469015574
ADAMW,608,0.09882545149268987
ADAMW,609,0.0738136684600002
ADAMW,610,0.07552307868705736
ADAMW,611,0.07552307868705736
ADAMW,612,0.17007135061277273
ADAMW,613,0.09461479463837857
ADAMW,614,0.0792334106501141
ADAMW,615,0.08842495537091767
ADAMW,616,0.11179994411955721
ADAMW,617,0.11523702939283924
ADAMW,618,0.07152962365150003
ADAMW,619,0.06829026933276562
ADAMW,620,0.05932192614386994
ADAMW,621,0.07255948614122135
ADAMW,622,0.09633064743953935
ADAMW,623,0.13116336034521336
ADAMW,624,0.11734546094920621
ADAMW,625,0.15567583357171247
ADAMW,626,0.2112877277154242
ADAMW,627,0.11260848746860024
ADAMW,628,0.11260848746860024
ADAMW,629,0.11899099775828277
ADAMW,630,0.11515064392533339
ADAMW,631,0.09592265523554867
ADAMW,632,0.08674430090240196
ADAMW,633,0.08365711386112902
ADAMW,634,0.062194806498135066
ADAMW,635,0.1390435552431468
ADAMW,636,0.14552198772784336
ADAMW,637,0.11858384556855701
ADAMW,638,0.09793870198933223
ADAMW,639,0.08046525064122877
ADAMW,640,0.09112399415098148
ADAMW,641,0.10159055205313891
ADAMW,642,0.10159055205313891
ADAMW,643,0.3240234755551318
ADAMW,644,0.08116663774036945
ADAMW,645,0.0540852661614578
ADAMW,646,0.0540852661614578
ADAMW,647,0.10880433836896604
ADAMW,648,0.11340849785666383
ADAMW,649,0.11866612121670315
ADAMW,650,0.1059164632926505
ADAMW,651,0.08959955048015626
ADAMW,652,0.10018298900475817
ADAMW,653,0.10984421423666146
ADAMW,654,0.159289170385067
ADAMW,655,0.18284530364918458
ADAMW,656,0.1720944726740253
ADAMW,657,0.20097639452887886
ADAMW,658,0.12772978708998756
ADAMW,659,0.12287488351857954
ADAMW,660,0.08872998942623231
ADAMW,661,0.06792270760782655
ADAMW,662,0.07856321064447722
ADAMW,663,0.07856321064447722
ADAMW,664,0.08612635684857681
ADAMW,665,0.08463837800124874
ADAMW,666,0.06227506119174142
ADAMW,667,0.0639639506957293
ADAMW,668,0.07862119586015819
ADAMW,669,0.0846067252828337
ADAMW,670,0.14346703538245698
ADAMW,671,0.1728230352029275
ADAMW,672,0.15031830690201683
ADAMW,673,0.1529049844299323
ADAMW,674,0.10334837103723467
ADAMW,675,0.1313769720193816
ADAMW,676,0.04455402021940203
ADAMW,677,0.12766329864369494
ADAMW,678,0.19612074185826894
ADAMW,679,0.13655933535506087
ADAMW,680,0.09559919257984646
ADAMW,681,0.10325761596453632
ADAMW,682,0.11705005188306342
ADAMW,683,0.07178385064876942
ADAMW,684,0.06727131689886273
ADAMW,685,0.08007268703327336
ADAMW,686,0.12213018907288495
ADAMW,687,0.2235200754772214
ADAMW,688,0.18861561035539645
ADAMW,689,0.06869890460410133
ADAMW,690,0.09093796638262441
ADAMW,691,0.11447849091236176
ADAMW,692,0.10147525257427908
ADAMW,693,0.12006447235461229
ADAMW,694,0.12507869978829478
ADAMW,695,0.09028273083042958
ADAMW,696,0.08009388905373843
ADAMW,697,0.10457142153630243
ADAMW,698,0.061089199572179266
ADAMW,699,0.1021105451997899
ADAMW,700,0.10731821536386303
ADAMW,701,0.09228043483915419
ADAMW,702,0.10757129709604965
ADAMW,703,0.16677639206009673
ADAMW,704,0.11133720549655629
ADAMW,705,0.1392899483844255
ADAMW,706,0.12771613865236622
ADAMW,707,0.13577451350952313
ADAMW,708,0.14127188808919494
ADAMW,709,0.16153042538628276
ADAMW,710,0.12260222210951932
ADAMW,711,0.12260222210951932
ADAMW,712,0.12383804082691757
ADAMW,713,0.08284349140122665
ADAMW,714,0.10697665100101655
ADAMW,715,0.10437863858824159
ADAMW,716,0.10274849875831853
ADAMW,717,0.07215059836511749
ADAMW,718,0.04597979976757259
ADAMW,719,0.060679527989065965
ADAMW,720,0.16251590468387306
ADAMW,721,0.08167292044365973
ADAMW,722,0.06332029690946946
ADAMW,723,0.07549440173306109
ADAMW,724,0.0627960452582336
ADAMW,725,0.225762566060447
ADAMW,726,0.10064316205846935
ADAMW,727,0.0650602951408615
ADAMW,728,0.06396473623232439
ADAMW,729,0.0926565831891533
ADAMW,730,0.17104042844219006
ADAMW,731,0.09306754952375454
ADAMW,732,0.12069199936104087
ADAMW,733,0.1956163608824184
ADAMW,734,0.11340543996969406
ADAMW,735,0.062300311724720704
ADAMW,736,0.07953584674332138
ADAMW,737,0.10918652873397026
ADAMW,738,0.10918652873397026
ADAMW,739,0.10918652873397026
ADAMW,740,0.11680211872812547
ADAMW,741,0.18669548451583604
ADAMW,742,0.0943987471589042
ADAMW,743,0.06290418754127826
ADAMW,744,0.09625738283965216
ADAMW,745,0.12513106885211958
ADAMW,746,0.12400972781806492
ADAMW,747,0.1420720634542236
ADAMW,748,0.2366052900973022
ADAMW,749,0.1551933756805518
ADAMW,750,0.12314326861705875
ADAMW,751,0.15322010935005168
ADAMW,752,0.14801965660740413
ADAMW,753,0.08984663091741997
ADAMW,754,0.08016449583022688
ADAMW,755,0.11587325547453792
ADAMW,756,0.10825937849530005
ADAMW,757,0.08089796969050893
ADAMW,758,0.058213236794831764
ADAMW,759,0.06872899784744249
ADAMW,760,0.09103225238517852
ADAMW,761,0.08843609590132469
ADAMW,762,0.09606099029337783
ADAMW,763,0.12714100023900965
ADAMW,764,0.10824614439118044
ADAMW,765,0.0847914290634813
ADAMW,766,0.162095417095098
ADAMW,767,0.16338964125126482
ADAMW,768,0.0770900706876934
ADAMW,769,0.056243296089638274
ADAMW,770,0.0839682186706514
ADAMW,771,0.09186135332320272
ADAMW,772,0.04751926341615268
ADAMW,773,0.09228771651509493
ADAMW,774,0.08948762776538174
ADAMW,775,0.0930048726215828
ADAMW,776,0.08741708852999246
ADAMW,777,0.06536244872063375
ADAMW,778,0.06650099230106006
ADAMW,779,0.07034407084552086
ADAMW,780,0.11314635141502116
ADAMW,781,0.04714700819350288
ADAMW,782,0.047153478482647955
ADAMW,783,0.057481865746646724
ADAMW,784,0.04137965526327266
ADAMW,785,0.0679268577379755
ADAMW,786,0.10998078579150666
ADAMW,787,0.1259907788909959
ADAMW,788,0.18955670935494057
ADAMW,789,0.10898770368316094
ADAMW,790,0.07589233992764603
ADAMW,791,0.07539733406308477
ADAMW,792,0.06523295781025118
ADAMW,793,0.06523295781025118
ADAMW,794,0.07069391145914906
ADAMW,795,0.058029463508624674
ADAMW,796,0.07124769939708196
ADAMW,797,0.11201192456097483
ADAMW,798,0.060565624380235446
ADAMW,799,0.060565624380235446
ADAMW,800,0.07181477345086647
ADAMW,801,0.0794275126725005
ADAMW,802,0.053700731918516494
ADAMW,803,0.0760950365909625
ADAMW,804,0.0760950365909625
ADAMW,805,0.0760950365909625
ADAMW,806,0.09625022579014272
ADAMW,807,0.10302067950130395
ADAMW,808,0.10192611044882119
ADAMW,809,0.09995408736477353
ADAMW,810,0.09995408736477353
ADAMW,811,0.12989327533073375
ADAMW,812,0.10658147270035437
ADAMW,813,0.16419383483997435
ADAMW,814,0.11888853256270956
ADAMW,815,0.12453923380232457
ADAMW,816,0.03825883440999315
ADAMW,817,0.019249299311936703
ADAMW,818,0.024687842986254083
ADAMW,819,0.1277243092585538
ADAMW,820,0.1929014662080484
ADAMW,821,0.1467111146242524
ADAMW,822,0.07959995693863137
ADAMW,823,0.1332023471681936
ADAMW,824,0.08851128713373596
ADAMW,825,0.07494114507812867
ADAMW,826,0.09525518336156635
ADAMW,827,0.12839318999803595
ADAMW,828,0.12830999010508617
ADAMW,829,0.13816043398975306
ADAMW,830,0.19557987070798533
ADAMW,831,0.19557987070798533
ADAMW,832,0.1219738112066621
ADAMW,833,0.1533268478778876
ADAMW,834,0.11465015877330956
ADAMW,835,0.11285959902264524
ADAMW,836,0.054086427722008355
ADAMW,837,0.05874596543649072
ADAMW,838,0.1093452285676889
ADAMW,839,0.12946970881173134
ADAMW,840,0.1581219406558767
ADAMW,841,0.12102489850947631
ADAMW,842,0.07753446299493896
ADAMW,843,0.06798670139866779
ADAMW,844,0.12856929259712543
ADAMW,845,0.1123589747904785
ADAMW,846,0.08347723901234429
ADAMW,847,0.05851883170285685
ADAMW,848,0.039319100157950676
ADAMW,849,0.04621652999219654
ADAMW,850,0.04851678900307846
ADAMW,851,0.11696810868473216
ADAMW,852,0.11696810868473216
ADAMW,853,0.0912495854721425
ADAMW,854,0.0912495854721425
ADAMW,855,0.0806091537520679
ADAMW,856,0.12882011472558427
ADAMW,857,0.11708663418147007
ADAMW,858,0.1525624928054112
ADAMW,859,0.12072330299242183
ADAMW,860,0.1117466287407738
ADAMW,861,0.057569322170119945
ADAMW,862,0.057569322170119945
ADAMW,863,0.0459090236339801
ADAMW,864,0.05026191075043033
ADAMW,865,0.08869686637048477
ADAMW,866,0.11725570211007533
ADAMW,867,0.1779227847446694
ADAMW,868,0.09347267364658444
ADAMW,869,0.06294811848504989
ADAMW,870,0.0771113979270187
ADAMW,871,0.11950917841819399
ADAMW,872,0.06815337138660978
ADAMW,873,0.06921160536449225
ADAMW,874,0.08991675132813039
ADAMW,875,0.16593520742250623
ADAMW,876,0.15093559462164935
ADAMW,877,0.07827720698286601
ADAMW,878,0.12947085220415458
ADAMW,879,0.07130710468499879
ADAMW,880,0.060828719225751185
ADAMW,881,0.0359378264060408
ADAMW,882,0.0720980394435358
ADAMW,883,0.15922333620748907
ADAMW,884,0.08324188023729914
ADAMW,885,0.0522207972250661
ADAMW,886,0.04264561430245408
ADAMW,887,0.04754724741934408
ADAMW,888,0.07014005357423161
ADAMW,889,0.08030007485624333
ADAMW,890,0.07834197629725975
ADAMW,891,0.06548280191188056
ADAMW,892,0.08199557551076507
ADAMW,893,0.08199557551076507
ADAMW,894,0.08938551948895669
ADAMW,895,0.10167538871828175
ADAMW,896,0.14486960504101196
ADAMW,897,0.06466254473063471
ADAMW,898,0.07801227456520426
ADAMW,899,0.10813261947533102
ADAMW,900,0.15254315444684122
ADAMW,901,0.13141812536006728
ADAMW,902,0.06872043163906633
ADAMW,903,0.0651970824357778
ADAMW,904,0.042382993611583444
ADAMW,905,0.06918258365528399
ADAMW,906,0.042382993611583444
ADAMW,907,0.047092538649499936
ADAMW,908,0.11203082580205106
ADAMW,909,0.14340441451577374
ADAMW,910,0.12245070843083787
ADAMW,911,0.09046363714162782
ADAMW,912,0.10754517256727934
ADAMW,913,0.1302074091669726
ADAMW,914,0.0928170191264084
ADAMW,915,0.12469429318816157
ADAMW,916,0.09783188781674353
ADAMW,917,0.13171946174845156
ADAMW,918,0.08991812081234084
ADAMW,919,0.056994779578216796
ADAMW,920,0.07727388084297225
ADAMW,921,0.07628292760249293
ADAMW,922,0.06558318315124587
ADAMW,923,0.06673538280403188
ADAMW,924,0.09677841260884429
ADAMW,925,0.10002399957305626
ADAMW,926,0.04439850959158747
ADAMW,927,0.038604243270079976
ADAMW,928,0.04663714369464355
ADAMW,929,0.06121116318219854
ADAMW,930,0.07505162043068205
ADAMW,931,0.060139449930785495
ADAMW,932,0.060139449930785495
ADAMW,933,0.09324772751057615
ADAMW,934,0.10314288925984993
ADAMW,935,0.10261379399982255
ADAMW,936,0.10232454464219097
ADAMW,937,0.09971652411148269
ADAMW,938,0.10962826347889153
ADAMW,939,0.11327846406863933
ADAMW,940,0.10450695739538018
ADAMW,941,0.06361140479837833
ADAMW,942,0.06251883242832415
ADAMW,943,0.05460071091088137
ADAMW,944,0.04822240142288212
ADAMW,945,0.08444091375004292
ADAMW,946,0.08444091375004292
ADAMW,947,0.11055714902179394
ADAMW,948,0.10745173828158264
ADAMW,949,0.11851579974941844
ADAMW,950,0.21390466668237973
ADAMW,951,0.11780990195834297
ADAMW,952,0.09030163772975078
ADAMW,953,0.12206012741001993
ADAMW,954,0.1408249138183677
ADAMW,955,0.08335766484815398
ADAMW,956,0.08335766484815398
ADAMW,957,0.09573043131659552
ADAMW,958,0.0828698779266587
ADAMW,959,0.037774702967358624
ADAMW,960,0.037774702967358624
ADAMW,961,0.05308788475002103
ADAMW,962,0.09715216622523533
ADAMW,963,0.06370314874747855
ADAMW,964,0.03916072869179887
ADAMW,965,0.06977564281531501
ADAMW,966,0.15340644561323824
ADAMW,967,0.09854651031516867
ADAMW,968,0.09982137951657136
ADAMW,969,0.09615354640123792
ADAMW,970,0.11610557750482403
ADAMW,971,0.12223523758530155
ADAMW,972,0.07609776889873507
ADAMW,973,0.12427178456726765
ADAMW,974,0.05106236661215244
ADAMW,975,0.06397457679187785
ADAMW,976,0.06397457679187785
ADAMW,977,0.05085146767552603
ADAMW,978,0.05085146767552603
ADAMW,979,0.05402414090584789
ADAMW,980,0.1494870791565598
ADAMW,981,0.08664461854943906
ADAMW,982,0.09430457148957785
ADAMW,983,0.09493725224917542
ADAMW,984,0.09493725224917542
ADAMW,985,0.09536413102200149
ADAMW,986,0.07791065900741957
ADAMW,987,0.09280471441867415
ADAMW,988,0.12403958866500062
ADAMW,989,0.082685350295057
ADAMW,990,0.057063202289246655
ADAMW,991,0.10817756943793067
ADAMW,992,0.05740805625704145
ADAMW,993,0.08336326672532411
ADAMW,994,0.0926067993214403
ADAMW,995,0.07638805644218295
ADAMW,996,0.07585703581702284
ADAMW,997,0.09886268501341534
ADAMW,998,0.1019511985235237
ADAMW,999,0.09293695579040664
ADAMW,1000,0.1294999695699991
ADAMW,1001,0.09230011756219925
ADAMW,1002,0.09230011756219925
ADAMW,1003,0.10258801749322097
ADAMW,1004,0.0699640758748064
ADAMW,1005,0.025651656627716717
ADAMW,1006,0.049851306185834554
ADAMW,1007,0.10135911903065499
ADAMW,1008,0.11249808582244673
ADAMW,1009,0.10084450949939074
ADAMW,1010,0.0848508597381037
ADAMW,1011,0.09864403030412362
ADAMW,1012,0.11778810547294045
ADAMW,1013,0.09860991895680842
ADAMW,1014,0.11441878412314944
ADAMW,1015,0.051892874154785384
ADAMW,1016,0.06963560112507808
ADAMW,1017,0.07585962713812636
ADAMW,1018,0.08939672738162638
ADAMW,1019,0.07585962713812636
ADAMW,1020,0.050572851907729394
ADAMW,1021,0.06971775347860137
ADAMW,1022,0.057918630456113125
ADAMW,1023,0.06841132344133397
ADAMW,1024,0.06841132344133397
ADAMW,1025,0.05234646550482866
ADAMW,1026,0.08764755537857674
ADAMW,1027,0.08359953660856392
ADAMW,1028,0.06474114339059313
ADAMW,1029,0.07375522434293597
ADAMW,1030,0.06339507846497425
ADAMW,1031,0.06339507846497425
ADAMW,1032,0.07375522434293597
ADAMW,1033,0.07270310987198085
ADAMW,1034,0.05552657473088738
ADAMW,1035,0.05070189503028261
ADAMW,1036,0.07564620705873547
ADAMW,1037,0.11381628808468779
ADAMW,1038,0.08671681491740081
ADAMW,1039,0.11314205063682543
ADAMW,1040,0.10239146298336539
ADAMW,1041,0.13082666105054389
ADAMW,1042,0.07564769757567678
ADAMW,1043,0.07284999308917234
ADAMW,1044,0.07608831136553541
ADAMW,1045,0.057760599595026614
ADAMW,1046,0.08991458764957627
ADAMW,1047,0.06342766555260249
ADAMW,1048,0.053299246559341484
ADAMW,1049,0.06893351117439797
ADAMW,1050,0.06893351117439797
ADAMW,1051,0.06997564552654116
ADAMW,1052,0.07002120911706211
ADAMW,1053,0.06997564552654116
ADAMW,1054,0.10297680268693342
ADAMW,1055,0.13191473318709465
ADAMW,1056,0.17857195739538248
ADAMW,1057,0.0967708811775595
ADAMW,1058,0.055643034682633576
ADAMW,1059,0.11779670496539191
ADAMW,1060,0.13510903602813318
ADAMW,1061,0.07717719837412516
ADAMW,1062,0.05156470655110524
ADAMW,1063,0.05169496195611482
ADAMW,1064,0.08852514745817051
ADAMW,1065,0.02530836706518511
ADAMW,1066,0.03172138974056132
ADAMW,1067,0.06751117616108895
ADAMW,1068,0.15506529123265647
ADAMW,1069,0.07296000421272368
ADAMW,1070,0.07296000421272368
ADAMW,1071,0.07002426814934602
ADAMW,1072,0.142207577999185
ADAMW,1073,0.11038903190136329
ADAMW,1074,0.19316943298984143
ADAMW,1075,0.09944983674143859
ADAMW,1076,0.06921775401115138
ADAMW,1077,0.020837039526810847
ADAMW,1078,0.0821973669997942
ADAMW,1079,0.09330559247021167
ADAMW,1080,0.09106864572311314
ADAMW,1081,0.09311932560286244
ADAMW,1082,0.07276700298893468
ADAMW,1083,0.05732956606763769
ADAMW,1084,0.11255209591429609
ADAMW,1085,0.07186818983955717
ADAMW,1086,0.12961534821450618
ADAMW,1087,0.13670975843669883
ADAMW,1088,0.09993080276949651
ADAMW,1089,0.12792679528170278
ADAMW,1090,0.12497816987405409
ADAMW,1091,0.07882722139419268
ADAMW,1092,0.06489249610409822
ADAMW,1093,0.05931815623973415
ADAMW,1094,0.06408482305057904
ADAMW,1095,0.06950598583891453
ADAMW,1096,0.09439814098361997
ADAMW,1097,0.09691143224820141
ADAMW,1098,0.08116625692386424
ADAMW,1099,0.06089852653539306
ADAMW,1100,0.08116625692386424
ADAMW,1101,0.12244012016236536
ADAMW,1102,0.0791109287496716
ADAMW,1103,0.06853434574780874
ADAMW,1104,0.039655108365015075
ADAMW,1105,0.061733692415434874
ADAMW,1106,0.05147824330439033
ADAMW,1107,0.11666376079575738
ADAMW,1108,0.1036110171805482
ADAMW,1109,0.10577842369003929
ADAMW,1110,0.07757669361597962
ADAMW,1111,0.09910887659422234
ADAMW,1112,0.13457822277073708
ADAMW,1113,0.13459308358844618
ADAMW,1114,0.10598071011983283
ADAMW,1115,0.10598071011983283
ADAMW,1116,0.10598071011983283
ADAMW,1117,0.10365700447643685
ADAMW,1118,0.10332569859210317
ADAMW,1119,0.09708666939615443
ADAMW,1120,0.06936054055485456
ADAMW,1121,0.06936054055485456
ADAMW,1122,0.146948695822517
ADAMW,1123,0.08828857653337856
ADAMW,1124,0.07875427288106474
ADAMW,1125,0.09075750048505224
ADAMW,1126,0.050559617033202796
ADAMW,1127,0.06362196499854132
ADAMW,1128,0.050559617033202796
ADAMW,1129,0.08433942855549542
ADAMW,1130,0.1672765790207
ADAMW,1131,0.16375082772764407
ADAMW,1132,0.16162071550928925
ADAMW,1133,0.11747207780503356
ADAMW,1134,0.13129220579714165
ADAMW,1135,0.06433685060398223
ADAMW,1136,0.10341321247199096
ADAMW,1137,0.09240236872618296
ADAMW,1138,0.10575653904553195
ADAMW,1139,0.06811883344936656
ADAMW,1140,0.06119850470653695
ADAMW,1141,0.037522901421098806
ADAMW,1142,0.03562196041370159
ADAMW,1143,0.03516748738689222
ADAMW,1144,0.035195892777525335
ADAMW,1145,0.07230397769864798
ADAMW,1146,0.07462405742532689
ADAMW,1147,0.06656086304122613
ADAMW,1148,0.06656086304122613
ADAMW,1149,0.03734364158947798
ADAMW,1150,0.03734364158947798
ADAMW,1151,0.07296629541569115
ADAMW,1152,0.06636907815625417
ADAMW,1153,0.07639763443914432
ADAMW,1154,0.06953153977225794
ADAMW,1155,0.10530741700385
ADAMW,1156,0.10153961871815241
ADAMW,1157,0.08617292198979982
ADAMW,1158,0.08711902003960244
ADAMW,1159,0.16489830667001168
ADAMW,1160,0.22142948036294127
ADAMW,1161,0.14765272368736154
ADAMW,1162,0.07925852877504296
ADAMW,1163,0.07925852877504296
ADAMW,1164,0.1160454343719859
ADAMW,1165,0.10534870086630506
ADAMW,1166,0.11970230558875378
ADAMW,1167,0.05947566106205156
ADAMW,1168,0.05947566106205156
ADAMW,1169,0.05947566106205156
ADAMW,1170,0.05218151903525004
ADAMW,1171,0.07953884794055968
ADAMW,1172,0.07066814197093799
ADAMW,1173,0.06930620216703935
ADAMW,1174,0.046452778725576176
ADAMW,1175,0.06462225769296227
ADAMW,1176,0.0812987025804758
ADAMW,1177,0.0710222293081495
ADAMW,1178,0.05154047185195608
ADAMW,1179,0.13373268696702093
ADAMW,1180,0.11687397334649255
ADAMW,1181,0.051691329832729116
ADAMW,1182,0.04828997450631645
ADAMW,1183,0.11367034881339516
ADAMW,1184,0.0897948441635407
ADAMW,1185,0.030640280265385518
ADAMW,1186,0.03907752290607659
ADAMW,1187,0.03528169116784479
ADAMW,1188,0.03930547926275386
ADAMW,1189,0.03793739356973732
ADAMW,1190,0.05403231112178489
ADAMW,1191,0.059614566359346324
ADAMW,1192,0.060973501978104756
ADAMW,1193,0.05347380448039792
ADAMW,1194,0.05347380448039792
ADAMW,1195,0.04433643419236012
ADAMW,1196,0.05189277850417794
ADAMW,1197,0.054440829463579705
ADAMW,1198,0.050066758497470804
ADAMW,1199,0.047311127568958354
ADAMW,1200,0.047311127568958354
ADAMW,1201,0.03405686486801148
ADAMW,1202,0.09204401993738862
ADAMW,1203,0.12354981936972355
ADAMW,1204,0.13956936489648164
ADAMW,1205,0.10167994258680507
ADAMW,1206,0.08057999165532276
ADAMW,1207,0.12988640197575277
ADAMW,1208,0.0954081399727656
ADAMW,1209,0.059128660275578865
ADAMW,1210,0.05277949144158309
ADAMW,1211,0.027899226276440085
ADAMW,1212,0.14663774476049563
ADAMW,1213,0.09630800265587365
ADAMW,1214,0.055352072452209584
ADAMW,1215,0.06097988867289266
ADAMW,1216,0.07091094299488361
ADAMW,1217,0.09945304854942551
ADAMW,1218,0.07264124415853991
ADAMW,1219,0.07136149581138373
ADAMW,1220,0.0523618765163757
ADAMW,1221,0.04070306437305334
ADAMW,1222,0.11058568539066076
ADAMW,1223,0.15437810094485926
ADAMW,1224,0.1136565764801645
ADAMW,1225,0.0671323268340823
ADAMW,1226,0.05670549149127238
ADAMW,1227,0.05824920503895294
ADAMW,1228,0.03301881904852776
ADAMW,1229,0.020047103325911884
ADAMW,1230,0.06361283406313806
ADAMW,1231,0.06986963523844265
ADAMW,1232,0.08484834311976912
ADAMW,1233,0.05370817345324494
ADAMW,1234,0.04688833268688843
ADAMW,1235,0.04985825258205133
ADAMW,1236,0.05505995168979916
ADAMW,1237,0.0772674089849945
ADAMW,1238,0.11267953683280596
ADAMW,1239,0.16025981021760272
ADAMW,1240,0.16025981021760272
ADAMW,1241,0.06761097741523375
ADAMW,1242,0.09721551477192505
ADAMW,1243,0.08287527001699319
ADAMW,1244,0.1432820042036041
ADAMW,1245,0.11398587736657464
ADAMW,1246,0.1432820042036041
ADAMW,1247,0.15637429084949592
ADAMW,1248,0.1075167905644718
ADAMW,1249,0.09243162132453461
ADAMW,1250,0.09243162132453461
ADAMW,1251,0.06150334019893915
ADAMW,1252,0.05543696174009775
ADAMW,1253,0.06097535978781633
ADAMW,1254,0.08492902117001373
ADAMW,1255,0.07683231910604127
ADAMW,1256,0.07683231910604127
ADAMW,1257,0.08798143832777032
ADAMW,1258,0.07142798971483393
ADAMW,1259,0.05272726004515253
ADAMW,1260,0.08274640951907378
ADAMW,1261,0.09854412481576044
ADAMW,1262,0.12686588912611543
ADAMW,1263,0.12085750866556169
ADAMW,1264,0.06487717938514034
ADAMW,1265,0.0632878573158858
ADAMW,1266,0.09466330407787318
ADAMW,1267,0.12227727785606796
ADAMW,1268,0.09466330407787318
ADAMW,1269,0.08791312953984305
ADAMW,1270,0.0688048040701233
ADAMW,1271,0.05407343268418677
ADAMW,1272,0.04172202516696866
ADAMW,1273,0.04514194839793384
ADAMW,1274,0.07338051391165862
ADAMW,1275,0.13324404070556856
ADAMW,1276,0.14346573369167023
ADAMW,1277,0.05505554385457094
ADAMW,1278,0.08117426345635101
ADAMW,1279,0.04882776954571308
ADAMW,1280,0.046125647615536565
ADAMW,1281,0.07215931025463128
ADAMW,1282,0.101971898126895
ADAMW,1283,0.0872464217759921
ADAMW,1284,0.08929742166086493
ADAMW,1285,0.06565487779578405
ADAMW,1286,0.047269734163469586
ADAMW,1287,0.06955376378409141
ADAMW,1288,0.08824293394009511
ADAMW,1289,0.06808815057878143
ADAMW,1290,0.06808815057878143
ADAMW,1291,0.035163624162844014
ADAMW,1292,0.09414450938992737
ADAMW,1293,0.07657113084753427
ADAMW,1294,0.0627097590500519
ADAMW,1295,0.07683316642986826
ADAMW,1296,0.035938870166422276
ADAMW,1297,0.035938870166422276
ADAMW,1298,0.09950247222776251
ADAMW,1299,0.20425493931295166
ADAMW,1300,0.12040202064275189
ADAMW,1301,0.07218535905519313
ADAMW,1302,0.07218535905519313
ADAMW,1303,0.07612159106449098
ADAMW,1304,0.061023490801221575
ADAMW,1305,0.0904411108073976
ADAMW,1306,0.07652867989831051
ADAMW,1307,0.11996975981710717
ADAMW,1308,0.11205089136560101
ADAMW,1309,0.12410938989106886
ADAMW,1310,0.1023682898287757
ADAMW,1311,0.10818623601144821
ADAMW,1312,0.0780046541381416
ADAMW,1313,0.046217070127840765
ADAMW,1314,0.04707593592076481
ADAMW,1315,0.07167936441200877
ADAMW,1316,0.05927912396583311
ADAMW,1317,0.12394395071823958
ADAMW,1318,0.113071382285926
ADAMW,1319,0.10919422855834734
ADAMW,1320,0.08076016261198163
ADAMW,1321,0.056226486202358254
ADAMW,1322,0.07742239142521751
ADAMW,1323,0.1350573512084927
ADAMW,1324,0.08189137141688034
ADAMW,1325,0.08189137141688034
ADAMW,1326,0.08189137141688034
ADAMW,1327,0.08437149543042728
ADAMW,1328,0.06014866159934959
ADAMW,1329,0.05146426485944061
ADAMW,1330,0.08814361426451217
ADAMW,1331,0.07621899333302763
ADAMW,1332,0.06014478764386349
ADAMW,1333,0.09117638010851732
ADAMW,1334,0.10619800805303167
ADAMW,1335,0.11297659531080176
ADAMW,1336,0.09059362671952795
ADAMW,1337,0.16768757229367387
ADAMW,1338,0.15980020058194186
ADAMW,1339,0.12156440441716825
ADAMW,1340,0.14687656042474037
ADAMW,1341,0.2319836422815632
ADAMW,1342,0.14894010586367537
ADAMW,1343,0.14894010586367537
ADAMW,1344,0.16494740153870974
ADAMW,1345,0.10370264289450887
ADAMW,1346,0.09294917551839083
ADAMW,1347,0.0750251480545925
ADAMW,1348,0.04233943811488512
ADAMW,1349,0.09174183792173045
ADAMW,1350,0.08644129864051936
ADAMW,1351,0.17109723227863755
ADAMW,1352,0.15755576160927717
ADAMW,1353,0.08113478739068948
ADAMW,1354,0.05236625279957932
ADAMW,1355,0.03983855927037256
ADAMW,1356,0.0781411121320803
ADAMW,1357,0.07102264111003348
ADAMW,1358,0.07837272935899509
ADAMW,1359,0.08532733190419459
ADAMW,1360,0.09884977029796126
ADAMW,1361,0.08572549461277028
ADAMW,1362,0.10809042910815138
ADAMW,1363,0.13006349634295916
ADAMW,1364,0.1137954695351905
ADAMW,1365,0.07349959680299042
ADAMW,1366,0.05783287783568104
ADAMW,1367,0.06890238255775788
ADAMW,1368,0.07354651818944113
ADAMW,1369,0.07058868293391057
ADAMW,1370,0.07014267321445669
ADAMW,1371,0.08931777372295807
ADAMW,1372,0.07014267321445669
ADAMW,1373,0.0471855255722714
ADAMW,1374,0.03626427162548144
ADAMW,1375,0.04532461333527662
ADAMW,1376,0.05146769266077756
ADAMW,1377,0.0675817997612616
ADAMW,1378,0.10626488033584686
ADAMW,1379,0.11515419953492657
ADAMW,1380,0.08789459511950731
ADAMW,1381,0.08337841587695116
ADAMW,1382,0.06299502342377068
ADAMW,1383,0.04377032329087189
ADAMW,1384,0.04377032329087189
ADAMW,1385,0.026007959023519683
ADAMW,1386,0.045595510388936764
ADAMW,1387,0.051593068395226475
ADAMW,1388,0.060894051319869386
ADAMW,1389,0.07678913587204082
ADAMW,1390,0.1283856087432803
ADAMW,1391,0.12937260143635732
ADAMW,1392,0.09298254300644049
ADAMW,1393,0.07843827533922738
ADAMW,1394,0.04417095848422766
ADAMW,1395,0.0632572882325494
ADAMW,1396,0.10507264095337496
ADAMW,1397,0.11639727959258506
ADAMW,1398,0.05931747404262111
ADAMW,1399,0.079624331630638
ADAMW,1400,0.079624331630638
ADAMW,1401,0.18594688521435915
ADAMW,1402,0.1807778073175492
ADAMW,1403,0.0920064484260477
ADAMW,1404,0.07709199685504241
ADAMW,1405,0.0894704167612612
ADAMW,1406,0.10094777132059507
ADAMW,1407,0.09342136409957398
ADAMW,1408,0.05594858094392844
ADAMW,1409,0.05063414091794482
ADAMW,1410,0.05063414091794482
ADAMW,1411,0.06383942295290479
ADAMW,1412,0.07614769237155251
ADAMW,1413,0.10721714650420552
ADAMW,1414,0.10721714650420552
ADAMW,1415,0.09413891730560532
ADAMW,1416,0.11938953850407055
ADAMW,1417,0.1029743725674038
ADAMW,1418,0.03278755730056274
ADAMW,1419,0.07331533945456924
ADAMW,1420,0.06574601625949841
ADAMW,1421,0.072642679174722
ADAMW,1422,0.047709889339080574
ADAMW,1423,0.07891955879888331
ADAMW,1424,0.08302804684993827
ADAMW,1425,0.07514211371494721
ADAMW,1426,0.0791406915279955
ADAMW,1427,0.0791406915279955
ADAMW,1428,0.07339000896210882
ADAMW,1429,0.06101853817033622
ADAMW,1430,0.06456365402381385
ADAMW,1431,0.05560310649334721
ADAMW,1432,0.05560310649334721
ADAMW,1433,0.06867829231398324
ADAMW,1434,0.09409571811799536
ADAMW,1435,0.05302048571530522
ADAMW,1436,0.05302048571530522
ADAMW,1437,0.08198191750869631
ADAMW,1438,0.11736528584355656
ADAMW,1439,0.12226681262920353
ADAMW,1440,0.12226681262920353
ADAMW,1441,0.10880226595737935
ADAMW,1442,0.1136965062776951
ADAMW,1443,0.1093673183837263
ADAMW,1444,0.10871911612512446
ADAMW,1445,0.13951549919269182
ADAMW,1446,0.09772049912306416
ADAMW,1447,0.057346662526591465
ADAMW,1448,0.05707044786435616
ADAMW,1449,0.05644668494260933
ADAMW,1450,0.08745011408243751
ADAMW,1451,0.05892020780982156
ADAMW,1452,0.07605548637226023
ADAMW,1453,0.07605548637226023
ADAMW,1454,0.08349971842260716
ADAMW,1455,0.10802152069362586
ADAMW,1456,0.1783755035189245
ADAMW,1457,0.13426403118004457
ADAMW,1458,0.08016841157617584
ADAMW,1459,0.06062419421977397
ADAMW,1460,0.059671848653727884
ADAMW,1461,0.0718975166310092
ADAMW,1462,0.05473129135354742
ADAMW,1463,0.05473129135354742
ADAMW,1464,0.06034355846115659
ADAMW,1465,0.02790780489901996
ADAMW,1466,0.08861891893756826
ADAMW,1467,0.08861891893756826
ADAMW,1468,0.06932166627905675
ADAMW,1469,0.1319751894825355
ADAMW,1470,0.20561910749107004
ADAMW,1471,0.11958632570094117
ADAMW,1472,0.09334277220592407
ADAMW,1473,0.06930918763329957
ADAMW,1474,0.06293448791013634
ADAMW,1475,0.0848659130334909
ADAMW,1476,0.19263811724525667
ADAMW,1477,0.13655448087954736
ADAMW,1478,0.07051471104090586
ADAMW,1479,0.06507587693012654
ADAMW,1480,0.06786008175580611
ADAMW,1481,0.04407590200845091
ADAMW,1482,0.03639570620440118
ADAMW,1483,0.08376152852596742
ADAMW,1484,0.08531469992771983
ADAMW,1485,0.059151613253073644
ADAMW,1486,0.07485001982260968
ADAMW,1487,0.07883126908311719
ADAMW,1488,0.08509145147461865
ADAMW,1489,0.06468695232043976
ADAMW,1490,0.06590621370160143
ADAMW,1491,0.064710629749665
ADAMW,1492,0.08735639215025419
ADAMW,1493,0.0925814070944771
ADAMW,1494,0.06002201542376101
ADAMW,1495,0.05652062681160866
MILO,5,1.0
MILO,6,0.754068209154417
MILO,7,0.5336845830024028
MILO,8,0.4034725645682771
MILO,9,0.34616552288812485
MILO,10,0.3279096634209474
MILO,11,0.2236473794496562
MILO,12,0.1903568464494801
MILO,13,0.26381222116887615
MILO,14,0.28424706777053016
MILO,15,0.1701906144312239
MILO,16,0.15775570087089283
MILO,17,0.17287086048617206
MILO,18,0.14331122005638994
MILO,19,0.11892292269120733
MILO,20,0.11531326400867742
MILO,21,0.10866223857766512
MILO,22,0.06319991804859369
MILO,23,0.0519565073005297
MILO,24,0.08223258550110352
MILO,25,0.06919342817489485
MILO,26,0.0659228190725097
MILO,27,0.05035811594326709
MILO,28,0.06366383277030822
MILO,29,0.07156296931954154
MILO,30,0.10938945207371048
MILO,31,0.05760729572198118
MILO,32,0.05417761795752216
MILO,33,0.04092670065885513
MILO,34,0.05268392869130447
MILO,35,0.05345013575255618
MILO,36,0.08888145537545439
MILO,37,0.09641060688230982
MILO,38,0.0846057749883441
MILO,39,0.08702000364287163
MILO,40,0.06551389294745205
MILO,41,0.047965314209300315
MILO,42,0.036041586665554175
MILO,43,0.036398536353215064
MILO,44,0.07225096349546159
MILO,45,0.07705614312264773
MILO,46,0.053287941099363204
MILO,47,0.064009862211242
MILO,48,0.06578292777184934
MILO,49,0.09525808013972187
MILO,50,0.09042863057596087
MILO,51,0.06107380073154653
MILO,52,0.05762647478754263
MILO,53,0.05324071104245863
MILO,54,0.061195156568337024
MILO,55,0.03964462468832587
MILO,56,0.062367290531009034
MILO,57,0.07065417111849326
MILO,58,0.05322823801020161
MILO,59,0.04006375050044981
MILO,60,0.06588159486567406
MILO,61,0.049865330952223626
MILO,62,0.042341067346720336
MILO,63,0.057541956255193406
MILO,64,0.04035551385111074
MILO,65,0.08370475568330589
MILO,66,0.05354289808806055
MILO,67,0.036752392497983594
MILO,68,0.03806871955168957
MILO,69,0.04280611841401575
MILO,70,0.02725174043110533
MILO,71,0.053200538674921596
MILO,72,0.053544066639309336
MILO,73,0.05592631389273117
MILO,74,0.05741590772395666
MILO,75,0.027089528668394456
MILO,76,0.024027622142240267
MILO,77,0.014278698376213024
MILO,78,0.01787090618699779
MILO,79,0.026982947128099396
MILO,80,0.05351091681054419
MILO,81,0.06322184705505454
MILO,82,0.08586562148532205
MILO,83,0.06081986825040028
MILO,84,0.07644689243875398
MILO,85,0.04475005144195849
MILO,86,0.03116090486202947
MILO,87,0.03216198133669281
MILO,88,0.02894700460753388
MILO,89,0.03973628446434265
MILO,90,0.03745575008320294
MILO,91,0.022098690514037955
MILO,92,0.02370335455640613
MILO,93,0.033140816736274684
MILO,94,0.03841525193326586
MILO,95,0.05212870817823152
MILO,96,0.03967639000478956
MILO,97,0.035451322800929996
MILO,98,0.015969219377824594
MILO,99,0.02963776145979877
MILO,100,0.02286785051186129
MILO,101,0.04657503381598481
MILO,102,0.03154639417127621
MILO,103,0.033820615220395873
MILO,104,0.0386722952334822
MILO,105,0.026292436458620255
MILO,106,0.04212505635498421
MILO,107,0.04106545346793612
MILO,108,0.04853120233360829
MILO,109,0.04580585286223513
MILO,110,0.04062016296821228
MILO,111,0.04427021089592855
MILO,112,0.034844007606779026
MILO,113,0.03138900142581954
MILO,114,0.02763621829100472
MILO,115,0.02919255454648436
MILO,116,0.037856655869332796
MILO,117,0.03509445810365485
MILO,118,0.022989410317438074
MILO,119,0.018338833928796205
MILO,120,0.018338833928796205
MILO,121,0.018600465715872136
MILO,122,0.02859732411325606
MILO,123,0.025425205917754757
MILO,124,0.02071796332589936
MILO,125,0.02823400653366078
MILO,126,0.02823400653366078
MILO,127,0.036446286694578674
MILO,128,0.0364108053680618
MILO,129,0.03534526635340553
MILO,130,0.03465830731731258
MILO,131,0.016852199658177018
MILO,132,0.052420328600011966
MILO,133,0.04020054912726782
MILO,134,0.04465263332089208
MILO,135,0.054127142716060735
MILO,136,0.04196075108196226
MILO,137,0.04196075108196226
MILO,138,0.02751973587960823
MILO,139,0.022420973421312676
MILO,140,0.055821157999984605
MILO,141,0.04801357673175512
MILO,142,0.032434831600065
MILO,143,0.04908928808246053
MILO,144,0.0440764887710904
MILO,145,0.02923686438221955
MILO,146,0.024754255247669714
MILO,147,0.018764618965369864
MILO,148,0.02420465827929148
MILO,149,0.04065976120111723
MILO,150,0.06593763540333057
MILO,151,0.05116869068856299
MILO,152,0.05406046863480898
MILO,153,0.02665309620567859
MILO,154,0.03265651370850392
MILO,155,0.03296501572004628
MILO,156,0.0403663925249197
MILO,157,0.04444110291498258
MILO,158,0.04055943796730724
MILO,159,0.04101274372020778
MILO,160,0.03257021873939606
MILO,161,0.04719041510036636
MILO,162,0.0404900445104672
MILO,163,0.0404900445104672
MILO,164,0.0404900445104672
MILO,165,0.02046591155714537
MILO,166,0.019460919586068232
MILO,167,0.01699872732452795
MILO,168,0.032668886565082204
MILO,169,0.031773891876557214
MILO,170,0.027366652248494532
MILO,171,0.028976087706016788
MILO,172,0.027147580382989134
MILO,173,0.022535379424686294
MILO,174,0.025269182721350324
MILO,175,0.054733613773807116
MILO,176,0.026946771250842723
MILO,177,0.023319722669834488
MILO,178,0.021231568837990614
MILO,179,0.019672957768225
MILO,180,0.028666757026469404
MILO,181,0.03336453897456125
MILO,182,0.016041314928581206
MILO,183,0.029196635269216505
MILO,184,0.016593402975939486
MILO,185,0.020017602713052866
MILO,186,0.053278707807785375
MILO,187,0.03891341365528422
MILO,188,0.03330543599317656
MILO,189,0.03467697020196866
MILO,190,0.03181203250285574
MILO,191,0.03181203250285574
MILO,192,0.01919827000540147
MILO,193,0.011409004913932102
MILO,194,0.010213015348053555
MILO,195,0.01675719721126569
MILO,196,0.03074157198514513
MILO,197,0.04762730207270359
MILO,198,0.03362995316391953
MILO,199,0.02432730481903997
MILO,200,0.02984747299385481
MILO,201,0.029013029441844963
MILO,202,0.0369894011926941
MILO,203,0.03406586023209013
MILO,204,0.01853184375987481
MILO,205,0.018849103814200612
MILO,206,0.021997400742271064
MILO,207,0.024677568701936926
MILO,208,0.030480354963947062
MILO,209,0.030480354963947062
MILO,210,0.031604671067977326
MILO,211,0.017886443545575694
MILO,212,0.01780609582918826
MILO,213,0.017993853092485062
MILO,214,0.02487225420414479
MILO,215,0.035081110392726454
MILO,216,0.032792107755144635
MILO,217,0.024069804473799413
MILO,218,0.013444998855981345
MILO,219,0.018611233457389784
MILO,220,0.02719496466309086
MILO,221,0.02731860594863144
MILO,222,0.032099837008124486
MILO,223,0.025404426908033823
MILO,224,0.04547585527923642
MILO,225,0.018107943919026197
MILO,226,0.023012614022055563
MILO,227,0.020259839638487636
MILO,228,0.020381333526610434
MILO,229,0.021254849568635426
MILO,230,0.021373185782071317
MILO,231,0.03521966274581542
MILO,232,0.03452710108074886
MILO,233,0.027339316046053587
MILO,234,0.024191582743172037
MILO,235,0.022156443770676895
MILO,236,0.021255430800415052
MILO,237,0.023471714373989986
MILO,238,0.02750854871095149
MILO,239,0.015767871206496364
MILO,240,0.02383058929199354
MILO,241,0.014424846078830636
MILO,242,0.04252625934198027
MILO,243,0.02283276682430146
MILO,244,0.03388388922569031
MILO,245,0.018134186204898723
MILO,246,0.022975505876362948
MILO,247,0.016238036434445585
MILO,248,0.026174223393378753
MILO,249,0.026443009644368607
MILO,250,0.02832282741896944
MILO,251,0.01800188560214196
MILO,252,0.03031264930412848
MILO,253,0.014743407686539613
MILO,254,0.016446832026235186
MILO,255,0.016220159313441364
MILO,256,0.028665048396675344
MILO,257,0.025700528961310604
MILO,258,0.017231294288127575
MILO,259,0.017231294288127575
MILO,260,0.017757915444486315
MILO,261,0.027904804151049713
MILO,262,0.020294362348001235
MILO,263,0.022578179954217566
MILO,264,0.026570109202356723
MILO,265,0.04035453837738117
MILO,266,0.04037013970764093
MILO,267,0.03077107157559249
MILO,268,0.03077107157559249
MILO,269,0.018303741045339227
MILO,270,0.029151118286409285
MILO,271,0.01971630660047392
MILO,272,0.015025009371237151
MILO,273,0.01681840733142525
MILO,274,0.013310142117746546
MILO,275,0.016560820682113758
MILO,276,0.02169949027777282
MILO,277,0.016565328257375753
MILO,278,0.014712207150513372
MILO,279,0.018100659107793404
MILO,280,0.019363221284708774
MILO,281,0.019038283621164557
MILO,282,0.017986012816952585
MILO,283,0.022720289662287754
MILO,284,0.016311948234956287
MILO,285,0.01698986519696041
MILO,286,0.009482625094736895
MILO,287,0.011312127797854407
MILO,288,0.025901364571624785
MILO,289,0.02181639389962551
MILO,290,0.02073616597145418
MILO,291,0.0333005489300051
MILO,292,0.0310850577904314
MILO,293,0.03896219813732826
MILO,294,0.03905605976712651
MILO,295,0.01811447339697337
MILO,296,0.021421750858783697
MILO,297,0.019679895328385107
MILO,298,0.0177393814542085
MILO,299,0.015439071884545928
MILO,300,0.015439071884545928
MILO,301,0.03281974101932504
MILO,302,0.024550647274206916
MILO,303,0.018036081314110736
MILO,304,0.024550647274206916
MILO,305,0.01877567349856982
MILO,306,0.024662840708131822
MILO,307,0.012473284178917545
MILO,308,0.012846768410354785
MILO,309,0.012846768410354785
MILO,310,0.03451457877922245
MILO,311,0.02051011828231143
MILO,312,0.020980932096679665
MILO,313,0.03744514724945115
MILO,314,0.02586291375902881
MILO,315,0.019454631828134294
MILO,316,0.019454631828134294
MILO,317,0.01937066900088406
MILO,318,0.009598073671546008
MILO,319,0.01001000897689141
MILO,320,0.01001000897689141
MILO,321,0.017374139785165357
MILO,322,0.016582914407673746
MILO,323,0.029017271892386457
MILO,324,0.012967438781065129
MILO,325,0.01412519239718624
MILO,326,0.02534692398058433
MILO,327,0.021092512861946237
MILO,328,0.020662466257635168
MILO,329,0.017212201394363833
MILO,330,0.02834315214780191
MILO,331,0.016741693335488576
MILO,332,0.016741693335488576
MILO,333,0.02104603018043245
MILO,334,0.04734088615683201
MILO,335,0.03355830151284633
MILO,336,0.019314023150988593
MILO,337,0.023370871049632442
MILO,338,0.025842867516575583
MILO,339,0.023320457700519093
MILO,340,0.037105588655841626
MILO,341,0.027440590322354946
MILO,342,0.028513179864994166
MILO,343,0.025406579207559718
MILO,344,0.018986262723676737
MILO,345,0.020898871646030936
MILO,346,0.022901968559259085
MILO,347,0.02311163363010108
MILO,348,0.019898892065905116
MILO,349,0.034897354264794435
MILO,350,0.034897354264794435
MILO,351,0.020002574495372117
MILO,352,0.019162999537094827
MILO,353,0.021308372217028197
MILO,354,0.021308372217028197
MILO,355,0.021308372217028197
MILO,356,0.01128507573436638
MILO,357,0.014585312524908262
MILO,358,0.025230507405536964
MILO,359,0.025397426518895923
MILO,360,0.018431166384628838
MILO,361,0.014501415979228457
MILO,362,0.024485357328801766
MILO,363,0.027954173313811385
MILO,364,0.027954173313811385
MILO,365,0.023762358266446394
MILO,366,0.02015800599165722
MILO,367,0.022023811155618557
MILO,368,0.02185340512075036
MILO,369,0.02214686225964271
MILO,370,0.014164278630144895
MILO,371,0.01981668307129637
MILO,372,0.02119135113336432
MILO,373,0.034414068853239214
MILO,374,0.01873192989318894
MILO,375,0.01588808976047809
MILO,376,0.01595707308222038
MILO,377,0.01929998634214952
MILO,378,0.026263682801503548
MILO,379,0.01361986814888695
MILO,380,0.02494073923896325
MILO,381,0.014298216195913122
MILO,382,0.020436903019492973
MILO,383,0.020797653328938327
MILO,384,0.02907293777241329
MILO,385,0.027598733342451602
MILO,386,0.03435648929568425
MILO,387,0.03223872344578565
MILO,388,0.03322853303613909
MILO,389,0.030483379955692596
MILO,390,0.020820146036551534
MILO,391,0.013787755255799578
MILO,392,0.01203392177973855
MILO,393,0.007808824930840249
MILO,394,0.015837420191713338
MILO,395,0.015837420191713338
MILO,396,0.021745430485977667
MILO,397,0.011573952762574924
MILO,398,0.02713687094196635
MILO,399,0.02451956303576001
MILO,400,0.020332558333930627
MILO,401,0.01536644259394123
MILO,402,0.024059719727351752
MILO,403,0.026444451874502662
MILO,404,0.027708122687931262
MILO,405,0.02115694166867197
MILO,406,0.02115694166867197
MILO,407,0.018393890352817233
MILO,408,0.019323400861129176
MILO,409,0.042071582083622654
MILO,410,0.01625759908993925
MILO,411,0.015062426939492493
MILO,412,0.02644198194907639
MILO,413,0.020481960063835205
MILO,414,0.020591824394208647
MILO,415,0.027604023019442883
MILO,416,0.03564158524270707
MILO,417,0.020457066418929658
MILO,418,0.020457066418929658
MILO,419,0.022685211742151244
MILO,420,0.01979540475985194
MILO,421,0.013946652518318692
MILO,422,0.023077254605692953
MILO,423,0.036756748920585745
MILO,424,0.016912081977033734
MILO,425,0.02760431292437524
MILO,426,0.022379882736764705
MILO,427,0.0248682889165428
MILO,428,0.02512920961499916
MILO,429,0.03129762076740196
MILO,430,0.05482948066855964
MILO,431,0.056442223366971044
MILO,432,0.040787008622105034
MILO,433,0.024583754450057164
MILO,434,0.02440721076309794
MILO,435,0.020240680956903862
MILO,436,0.019678516110383945
MILO,437,0.021269602082733652
MILO,438,0.019678516110383945
MILO,439,0.01979311816277218
MILO,440,0.016671638559498242
MILO,441,0.02272419351999134
MILO,442,0.013429779312269245
MILO,443,0.01597344067375043
MILO,444,0.015218840989267353
MILO,445,0.013644293986103992
MILO,446,0.016386547907185908
MILO,447,0.012722708218116587
MILO,448,0.012678750362694143
MILO,449,0.018806970861714296
MILO,450,0.017561225629630136
MILO,451,0.01889345434494543
MILO,452,0.012171625372316471
MILO,453,0.005869328968860227
MILO,454,0.012604687334507685
MILO,455,0.016660542822885194
MILO,456,0.00915166363450522
MILO,457,0.01683091501081483
MILO,458,0.011976619542276926
MILO,459,0.01585423332846644
MILO,460,0.0166328804434823
MILO,461,0.016045747407359243
MILO,462,0.03665499618701781
MILO,463,0.03665499618701781
MILO,464,0.018715220401323528
MILO,465,0.018279984271462348
MILO,466,0.012341777632451107
MILO,467,0.016510375872701107
MILO,468,0.019279184331136418
MILO,469,0.01387533271884519
MILO,470,0.010401888072937624
MILO,471,0.01071590593794746
MILO,472,0.015934362539132305
MILO,473,0.0172107270683059
MILO,474,0.0172107270683059
MILO,475,0.02713967518684025
MILO,476,0.014067368914204334
MILO,477,0.009863282302485999
MILO,478,0.013471892286437307
MILO,479,0.00821063041811991
MILO,480,0.01567833062603269
MILO,481,0.015335015532704117
MILO,482,0.01635135789942872
MILO,483,0.01215642697241921
MILO,484,0.017322176942552104
MILO,485,0.01834345942100905
MILO,486,0.01598943064993394
MILO,487,0.013464082904341479
MILO,488,0.025179642581995513
MILO,489,0.025179642581995513
MILO,490,0.025179642581995513
MILO,491,0.017203043201097848
MILO,492,0.012301507802531161
MILO,493,0.011114786023524592
MILO,494,0.017963072603009285
MILO,495,0.014088420604178689
MILO,496,0.017357040027080443
MILO,497,0.015429520307661428
MILO,498,0.030304380764492933
MILO,499,0.021706553989524216
MILO,500,0.020101009649970875
MILO,501,0.018158569418271688
MILO,502,0.011909389743394902
MILO,503,0.01552429691180165
MILO,504,0.019938146219807235
MILO,505,0.01560212635094324
MILO,506,0.0210951775469704
MILO,507,0.008514789649012786
MILO,508,0.020983506117290326
MILO,509,0.020983506117290326
MILO,510,0.033770009470020075
MILO,511,0.023195689833074244
MILO,512,0.023195689833074244
MILO,513,0.02809362027207694
MILO,514,0.023989799852502946
MILO,515,0.01493324507002817
MILO,516,0.008638573285106995
MILO,517,0.01218931222396759
MILO,518,0.011448837547850038
MILO,519,0.02070475901406863
MILO,520,0.022524749569207428
MILO,521,0.022524749569207428
MILO,522,0.017140422473238996
MILO,523,0.021656968941554527
MILO,524,0.015583258821386193
MILO,525,0.02167914268282713
MILO,526,0.02556299667795438
MILO,527,0.012513992703479398
MILO,528,0.015727072062464594
MILO,529,0.02110972512064367
MILO,530,0.016769544469248207
MILO,531,0.017105799745681792
MILO,532,0.028110991903468455
MILO,533,0.022363013798352458
MILO,534,0.02355534914135124
MILO,535,0.024371669036080873
MILO,536,0.020711894614371174
MILO,537,0.02196711060997854
MILO,538,0.01645538160790403
MILO,539,0.008660070049125732
MILO,540,0.012944868675970299
MILO,541,0.016619149382836516
MILO,542,0.024430450969902134
MILO,543,0.01591041218601465
MILO,544,0.024845934966934966
MILO,545,0.020260209495756167
MILO,546,0.012801132743785358
MILO,547,0.013768594389825046
MILO,548,0.013768594389825046
MILO,549,0.025052905183954838
MILO,550,0.02527231202682362
MILO,551,0.02535246994904711
MILO,552,0.02535246994904711
MILO,553,0.02535246994904711
MILO,554,0.01940116014750978
MILO,555,0.020577718126506866
MILO,556,0.019895429981394406
MILO,557,0.02109324948442539
MILO,558,0.014687402736218368
MILO,559,0.016097231738265935
MILO,560,0.009502715341098499
MILO,561,0.007190649467060878
MILO,562,0.018213688687231222
MILO,563,0.010427742152672838
MILO,564,0.015638075282755928
MILO,565,0.026452662758637644
MILO,566,0.016258024530095967
MILO,567,0.017808631197804483
MILO,568,0.021418906246824864
MILO,569,0.013833311657189163
MILO,570,0.023211287852336802
MILO,571,0.01755268850947537
MILO,572,0.011858855374485295
MILO,573,0.01629153015604354
MILO,574,0.01629153015604354
MILO,575,0.016369998837783208
MILO,576,0.02052741299477619
MILO,577,0.019451348355554763
MILO,578,0.020536262437931826
MILO,579,0.02069746010779666
MILO,580,0.0273360776470271
MILO,581,0.02003923058209616
MILO,582,0.017854013344466898
MILO,583,0.025096157999038114
MILO,584,0.01937441873415964
MILO,585,0.01892459094296882
MILO,586,0.011842723864654958
MILO,587,0.011881008462764457
MILO,588,0.02515538903902364
MILO,589,0.015396190883449493
MILO,590,0.024860282608664658
MILO,591,0.012470233014473189
MILO,592,0.012470233014473189
MILO,593,0.0357564381282113
MILO,594,0.019023631758720915
MILO,595,0.01366309833599033
MILO,596,0.01366309833599033
MILO,597,0.02655064993958243
MILO,598,0.02655064993958243
MILO,599,0.017482458229016524
MILO,600,0.012934360510490463
MILO,601,0.02489249689500631
MILO,602,0.020350372549669513
MILO,603,0.020472957961439508
MILO,604,0.011519432244302848
MILO,605,0.012935321179060303
MILO,606,0.018450099892303708
MILO,607,0.031060763565671976
MILO,608,0.0214255154817343
MILO,609,0.01558582577771424
MILO,610,0.0211780680232524
MILO,611,0.0211780680232524
MILO,612,0.010989599026259423
MILO,613,0.018050288123857165
MILO,614,0.01631883211099786
MILO,615,0.015133944969618614
MILO,616,0.015133944969618614
MILO,617,0.01789231180449436
MILO,618,0.025585512012749823
MILO,619,0.01876678497006911
MILO,620,0.015631466020487348
MILO,621,0.015558234824848015
MILO,622,0.017608921845451198
MILO,623,0.015609126403289514
MILO,624,0.01049816569224998
MILO,625,0.015989826274630047
MILO,626,0.013769487471944614
MILO,627,0.02371178406532819
MILO,628,0.018555812932928923
MILO,629,0.018555812932928923
MILO,630,0.019032800073182046
MILO,631,0.019032800073182046
MILO,632,0.01674860491308276
MILO,633,0.014531004058576108
MILO,634,0.0168315495996959
MILO,635,0.024611631319764394
MILO,636,0.013945345709355041
MILO,637,0.013870349262925089
MILO,638,0.010434656896144855
MILO,639,0.021848173258738866
MILO,640,0.017937558406701935
MILO,641,0.013422896557234436
MILO,642,0.018006440443387835
MILO,643,0.018006440443387835
MILO,644,0.01736678343893385
MILO,645,0.015348341308266993
MILO,646,0.01263619873322764
MILO,647,0.011671982097730786
MILO,648,0.011671982097730786
MILO,649,0.028223674517481295
MILO,650,0.015562770262391857
MILO,651,0.018808625374401717
MILO,652,0.02686354038933078
MILO,653,0.020527253637355063
MILO,654,0.017943156396552168
MILO,655,0.017068519591821547
MILO,656,0.006062520724689868
MILO,657,0.013795322959621652
MILO,658,0.014677135670096212
MILO,659,0.01558988618667639
MILO,660,0.014503391783163816
MILO,661,0.03314099254987152
MILO,662,0.022992506265093585
MILO,663,0.022992506265093585
MILO,664,0.026677374415656693
MILO,665,0.007870119897869574
MILO,666,0.011094442502518056
MILO,667,0.022344499487387395
MILO,668,0.012985391270352737
MILO,669,0.019796363303953634
MILO,670,0.017973327513026292
MILO,671,0.014383561268139566
MILO,672,0.014512905201295308
MILO,673,0.013980272901775326
MILO,674,0.016309999524747994
MILO,675,0.02023293437728888
MILO,676,0.02023293437728888
MILO,677,0.019172731233598125
MILO,678,0.02229417009551221
MILO,679,0.026289137875698566
MILO,680,0.022159289556127223
MILO,681,0.01413027036265859
MILO,682,0.014184891023890074
MILO,683,0.033083175588719475
MILO,684,0.028984144067583116
MILO,685,0.02883017908773036
MILO,686,0.01637882177700659
MILO,687,0.026600527736143215
MILO,688,0.01811460120794865
MILO,689,0.011582456006929719
MILO,690,0.011163662204602905
MILO,691,0.017318693968149525
MILO,692,0.009484413815763107
MILO,693,0.011035260334796028
MILO,694,0.01470835408396311
MILO,695,0.01470835408396311
MILO,696,0.014098487420738147
MILO,697,0.017129308196325972
MILO,698,0.020073405973407368
MILO,699,0.01783827374252955
MILO,700,0.016870049038109153
MILO,701,0.02024768350440757
MILO,702,0.024518051932205066
MILO,703,0.028968949124311756
MILO,704,0.04448993024986215
MILO,705,0.01488687605763038
MILO,706,0.02879402103247821
MILO,707,0.01999693875856184
MILO,708,0.01108062945733822
MILO,709,0.011116873189732198
MILO,710,0.014721867744041195
MILO,711,0.008827865387213365
MILO,712,0.01549874886981716
MILO,713,0.009879413331458605
MILO,714,0.01162860846160796
MILO,715,0.008260344432972062
MILO,716,0.008442551677606906
MILO,717,0.011217111585231808
MILO,718,0.015543638324373507
MILO,719,0.015606829690672425
MILO,720,0.009015345850537874
MILO,721,0.016368141976965647
MILO,722,0.010280359223509904
MILO,723,0.010280359223509904
MILO,724,0.013407925000125494
MILO,725,0.018860918767505487
MILO,726,0.025092990275596125
MILO,727,0.02099785732139427
MILO,728,0.018436085005817258
MILO,729,0.014857917979474822
MILO,730,0.01533781219660829
MILO,731,0.015080508506342594
MILO,732,0.012262259896398826
MILO,733,0.012262259896398826
MILO,734,0.01239965927163966
MILO,735,0.011876261715266791
MILO,736,0.011876261715266791
MILO,737,0.011917505988050062
MILO,738,0.011786088407661002
MILO,739,0.011681366671249895
MILO,740,0.00606321498855995
MILO,741,0.011681366671249895
MILO,742,0.012286489678712018
MILO,743,0.015796899608089065
MILO,744,0.01702065294982288
MILO,745,0.02001000314090697
MILO,746,0.0250413309691401
MILO,747,0.01717249989226687
MILO,748,0.024575779378698214
MILO,749,0.008228270931919319
MILO,750,0.010662416049473215
MILO,751,0.010662416049473215
MILO,752,0.010629070586828356
MILO,753,0.01510706424634584
MILO,754,0.014203926085151647
MILO,755,0.009405648596647612
MILO,756,0.009405648596647612
MILO,757,0.01856285359024837
MILO,758,0.025312366707288435
MILO,759,0.025312366707288435
MILO,760,0.015874172866320264
MILO,761,0.015874172866320264
MILO,762,0.03980362563891865
MILO,763,0.015038744342860002
MILO,764,0.03257656223261323
MILO,765,0.03139391650798207
MILO,766,0.040926987016231604
MILO,767,0.030814172362727873
MILO,768,0.016224113674868045
MILO,769,0.014658379078489766
MILO,770,0.010394480200037462
MILO,771,0.016062580787900897
MILO,772,0.021904742398698857
MILO,773,0.0415514103905387
MILO,774,0.010411061534922914
MILO,775,0.009637784476829149
MILO,776,0.022032320604006585
MILO,777,0.019266760880570392
MILO,778,0.011002813480286545
MILO,779,0.016245132750867242
MILO,780,0.02448590874065883
MILO,781,0.017278721942753348
MILO,782,0.020643428256509704
MILO,783,0.020643428256509704
MILO,784,0.01802222835632762
MILO,785,0.013133044808592452
MILO,786,0.014706496041742486
MILO,787,0.013352224905501042
MILO,788,0.015698472065655278
MILO,789,0.013891016932827705
MILO,790,0.013891016932827705
MILO,791,0.010507031235483926
MILO,792,0.015574149802067042
MILO,793,0.01062354056214227
MILO,794,0.014827784056088858
MILO,795,0.026566971290269137
MILO,796,0.015389248559153874
MILO,797,0.02399361613110821
MILO,798,0.02399361613110821
MILO,799,0.02099053578286296
MILO,800,0.023557739999687164
MILO,801,0.024276777292784657
MILO,802,0.020441126746230432
MILO,803,0.013578051723093787
MILO,804,0.021257736239863496
MILO,805,0.016322851946099674
MILO,806,0.01455549134642863
MILO,807,0.01007514845585843
MILO,808,0.010825823510503027
MILO,809,0.012572183637362629
MILO,810,0.014501475981438819
MILO,811,0.013246483476208102
MILO,812,0.017038421974088357
MILO,813,0.013708892991736636
MILO,814,0.014272394565402812
MILO,815,0.009741893230619551
MILO,816,0.009063017185676273
MILO,817,0.01970594662061392
MILO,818,0.020895399253637873
MILO,819,0.02364941492004962
MILO,820,0.022812360296652828
MILO,821,0.02182221413525188
MILO,822,0.013186587917256326
MILO,823,0.012562923342249097
MILO,824,0.012562923342249097
MILO,825,0.01260867202199021
MILO,826,0.020660321816158265
MILO,827,0.01969749473559642
MILO,828,0.01693170993218463
MILO,829,0.011126286546865278
MILO,830,0.018227618114682934
MILO,831,0.01779533849068851
MILO,832,0.01779533849068851
MILO,833,0.021416887318161774
MILO,834,0.01600371249102778
MILO,835,0.009679344732224671
MILO,836,0.010390604454529493
MILO,837,0.014475631832343978
MILO,838,0.014469981377458504
MILO,839,0.012142229431418542
MILO,840,0.013287133975902128
MILO,841,0.019446127788409675
MILO,842,0.02187309137025484
MILO,843,0.009250716232968931
MILO,844,0.010620788912268357
MILO,845,0.010615325459978932
MILO,846,0.014160992231994518
MILO,847,0.014323360431166797
MILO,848,0.01384449252454968
MILO,849,0.012022675218839258
MILO,850,0.011666381790300679
MILO,851,0.011561812463471216
MILO,852,0.013594744737204043
MILO,853,0.00956973653765971
MILO,854,0.025896032296204838
MILO,855,0.019151268578674052
MILO,856,0.019151268578674052
MILO,857,0.02053788769221435
MILO,858,0.012640522260309815
MILO,859,0.010053906030803418
MILO,860,0.02107447470860934
MILO,861,0.037851760158091836
MILO,862,0.03372340521267744
MILO,863,0.03372340521267744
MILO,864,0.025886661415057067
MILO,865,0.015512771447809503
MILO,866,0.015247504535224336
MILO,867,0.006057393279775679
MILO,868,0.016633491412397505
MILO,869,0.012024064937814447
MILO,870,0.017227200381400413
MILO,871,0.03883239625548666
MILO,872,0.016846539019034185
MILO,873,0.00905508698254484
MILO,874,0.01440411122261938
MILO,875,0.014458360741957218
MILO,876,0.015607845579711423
MILO,877,0.016984433448165286
MILO,878,0.026286551397224408
MILO,879,0.01785371592013861
MILO,880,0.01785371592013861
MILO,881,0.018950462306563623
MILO,882,0.027883948312669268
MILO,883,0.017646901598096478
MILO,884,0.017646901598096478
MILO,885,0.02146235092146708
MILO,886,0.015787549495428783
MILO,887,0.015144672086225105
MILO,888,0.01521245888474149
MILO,889,0.013331985677353128
MILO,890,0.009389384462509219
MILO,891,0.011622416486314409
MILO,892,0.01983386655213303
MILO,893,0.01550060622858312
MILO,894,0.015369952413473225
MILO,895,0.014689540723185117
MILO,896,0.011897304833349012
MILO,897,0.006425034873213349
MILO,898,0.008147474559612792
MILO,899,0.007859806036169944
MILO,900,0.017475096952160353
MILO,901,0.013418567302758614
MILO,902,0.015105689339877243
MILO,903,0.029448180104374614
MILO,904,0.018365320721609
MILO,905,0.020435820733729706
MILO,906,0.01648779316091258
MILO,907,0.00938007332013563
MILO,908,0.010792211201904532
MILO,909,0.011491532291188615
MILO,910,0.022386001899265595
MILO,911,0.01466497649190663
MILO,912,0.010548380839534062
MILO,913,0.017703420747578937
MILO,914,0.01561033426980122
MILO,915,0.010532628943208739
MILO,916,0.0137730640631305
MILO,917,0.02920054314679648
MILO,918,0.016561940869544406
MILO,919,0.018087169982199527
MILO,920,0.031052957845675522
MILO,921,0.014428047766492189
MILO,922,0.017288038209733642
MILO,923,0.008588323020143274
MILO,924,0.028708354503004272
MILO,925,0.03669663448811678
MILO,926,0.020217617457623696
MILO,927,0.020217617457623696
MILO,928,0.014859350075796312
MILO,929,0.017858923939748677
MILO,930,0.021807161743455167
MILO,931,0.011651285556028798
MILO,932,0.019024573896806493
MILO,933,0.019024573896806493
MILO,934,0.011709996162083533
MILO,935,0.013871766874802098
MILO,936,0.010424601532385525
MILO,937,0.017116099112996736
MILO,938,0.012299706658175917
MILO,939,0.016067639623203938
MILO,940,0.012230084640846442
MILO,941,0.015027958886586885
MILO,942,0.016562539597349962
MILO,943,0.020593314359960823
MILO,944,0.020283702095280305
MILO,945,0.016761374213396362
MILO,946,0.017717835433141153
MILO,947,0.022980370683129425
MILO,948,0.0223961209515924
MILO,949,0.020930278732975958
MILO,950,0.016871316520156977
MILO,951,0.014539454445824116
MILO,952,0.013757885312524353
MILO,953,0.01770981053503674
MILO,954,0.01277401566182484
MILO,955,0.006720989012562745
MILO,956,0.014872439598368205
MILO,957,0.024067486648915663
MILO,958,0.010288772718721934
MILO,959,0.008978978702264719
MILO,960,0.010377778934412073
MILO,961,0.015236924441394323
MILO,962,0.015236924441394323
MILO,963,0.01780470816089684
MILO,964,0.013913677614522637
MILO,965,0.018709921950165083
MILO,966,0.02462942333679555
MILO,967,0.0177208819467741
MILO,968,0.04065140669647877
MILO,969,0.02360078786081039
MILO,970,0.006422092404469837
MILO,971,0.00631447134824892
MILO,972,0.01636379730490933
MILO,973,0.012093240026526472
MILO,974,0.016024287889975508
MILO,975,0.026624132069619125
MILO,976,0.03554769582036686
MILO,977,0.041547348491045986
MILO,978,0.018565945129151353
MILO,979,0.027172566770805123
MILO,980,0.026496452306146806
MILO,981,0.009824886968602205
MILO,982,0.015623289939584
MILO,983,0.012775965643445505
MILO,984,0.005412234137049488
MILO,985,0.01226309627508563
MILO,986,0.01543133764006621
MILO,987,0.015803324655141903
MILO,988,0.009954035632958661
MILO,989,0.011664793860638617
MILO,990,0.0227890615515471
MILO,991,0.025905703344567852
MILO,992,0.03287628714787073
MILO,993,0.013650099900425384
MILO,994,0.013386883034648947
MILO,995,0.01426660819836759
MILO,996,0.009749589275784952
MILO,997,0.009323393292358225
MILO,998,0.008494290558802138
MILO,999,0.00938208169968025
MILO,1000,0.014789020874615656
MILO,1001,0.018088927804958806
MILO,1002,0.012499267127130195
MILO,1003,0.012499267127130195
MILO,1004,0.0070281853809484865
MILO,1005,0.011245624823289961
MILO,1006,0.012333172929507037
MILO,1007,0.016047094506872892
MILO,1008,0.014151264502620739
MILO,1009,0.010040089638902131
MILO,1010,0.013010413811307017
MILO,1011,0.01754284815187255
MILO,1012,0.023331473723105563
MILO,1013,0.015181216866227261
MILO,1014,0.007872540720631635
MILO,1015,0.013446543933006944
MILO,1016,0.013446543933006944
MILO,1017,0.009641974089382777
MILO,1018,0.02012717808191321
MILO,1019,0.013436261886310957
MILO,1020,0.009708091240171277
MILO,1021,0.011285852660490514
MILO,1022,0.01641552144963788
MILO,1023,0.009814471178632917
MILO,1024,0.030953062753139568
MILO,1025,0.011832397777095834
MILO,1026,0.01949530742935891
MILO,1027,0.012386656855533638
MILO,1028,0.011209680046667732
MILO,1029,0.008509164400045843
MILO,1030,0.008020863647478652
MILO,1031,0.023690566251152144
MILO,1032,0.00737687973440225
MILO,1033,0.023690566251152144
MILO,1034,0.03001840962952914
MILO,1035,0.016890076950987733
MILO,1036,0.01594622614592524
MILO,1037,0.0171793693551026
MILO,1038,0.0171793693551026
MILO,1039,0.020997355556122643
MILO,1040,0.012028661091968403
MILO,1041,0.012028661091968403
MILO,1042,0.014348522591483934
MILO,1043,0.01580612133989615
MILO,1044,0.027845482776950328
MILO,1045,0.027845482776950328
MILO,1046,0.020727950924968232
MILO,1047,0.022551754332672258
MILO,1048,0.020158624768261777
MILO,1049,0.020158624768261777
MILO,1050,0.020989816824265276
MILO,1051,0.020241914365943237
MILO,1052,0.020241914365943237
MILO,1053,0.02382921001900084
MILO,1054,0.021898452429234803
MILO,1055,0.022040462768324116
MILO,1056,0.012762108469750642
MILO,1057,0.012899314764781686
MILO,1058,0.02431637864902537
MILO,1059,0.02431637864902537
MILO,1060,0.01688863067157842
MILO,1061,0.01688863067157842
MILO,1062,0.012512122297860615
MILO,1063,0.01682968808510698
MILO,1064,0.015546629836162713
MILO,1065,0.01401090851421175
MILO,1066,0.009434230347307062
MILO,1067,0.014639286043625766
MILO,1068,0.010985226504966215
MILO,1069,0.012981509514177916
MILO,1070,0.02346393783040583
MILO,1071,0.010386268239588941
MILO,1072,0.012605442799049862
MILO,1073,0.03189705855813382
MILO,1074,0.00657768604708477
MILO,1075,0.006409321978984638
MILO,1076,0.01572097893295889
MILO,1077,0.01572097893295889
MILO,1078,0.01572097893295889
MILO,1079,0.02093527434920756
MILO,1080,0.019292668413738428
MILO,1081,0.014885287936411197
MILO,1082,0.014885287936411197
MILO,1083,0.019250620704758213
MILO,1084,0.01998169771616836
MILO,1085,0.016220418965746164
MILO,1086,0.012065531681053464
MILO,1087,0.014356358814934746
MILO,1088,0.005728161068763411
MILO,1089,0.01368864403258063
MILO,1090,0.01088587430324937
MILO,1091,0.013025240040120284
MILO,1092,0.01751773923563797
MILO,1093,0.01258228816097143
MILO,1094,0.01350140771139621
MILO,1095,0.01258228816097143
MILO,1096,0.01310132924955513
MILO,1097,0.011916096442093517
MILO,1098,0.011790191051913167
MILO,1099,0.026813266806814916
MILO,1100,0.0195174010345371
MILO,1101,0.01032660341250337
MILO,1102,0.012360583836809548
MILO,1103,0.011709025202089456
MILO,1104,0.009966549652055531
MILO,1105,0.006582642359644133
MILO,1106,0.01823158436932711
MILO,1107,0.021197394845425824
MILO,1108,0.015250970157427818
MILO,1109,0.016799559844367404
MILO,1110,0.01005306843355166
MILO,1111,0.016799559844367404
MILO,1112,0.012069977839538426
MILO,1113,0.019055092022050822
MILO,1114,0.019055092022050822
MILO,1115,0.02190900933622572
MILO,1116,0.023885674856026967
MILO,1117,0.016088217456580834
MILO,1118,0.011710267300159108
MILO,1119,0.01701643736878809
MILO,1120,0.022937689751708835
MILO,1121,0.02054716902289132
MILO,1122,0.024521049055648093
MILO,1123,0.018357835016925426
MILO,1124,0.018357835016925426
MILO,1125,0.018273206436009982
MILO,1126,0.014578528078145801
MILO,1127,0.011109601721956991
MILO,1128,0.011109601721956991
MILO,1129,0.00952693562157577
MILO,1130,0.013177850013642278
MILO,1131,0.012515767091715563
MILO,1132,0.0072685179652049224
MILO,1133,0.019727551454803018
MILO,1134,0.0045557819617888795
MILO,1135,0.0045557819617888795
MILO,1136,0.019564866364072873
MILO,1137,0.028714191563586032
MILO,1138,0.018939173091828066
MILO,1139,0.012414011307853384
MILO,1140,0.012181702861140453
MILO,1141,0.012181702861140453
MILO,1142,0.010331713461044818
MILO,1143,0.007911440183877582
MILO,1144,0.013079724843050724
MILO,1145,0.01926078240647433
MILO,1146,0.018253043567411965
MILO,1147,0.03662311728560109
MILO,1148,0.013220737144907901
MILO,1149,0.013220737144907901
MILO,1150,0.0107757957962767
MILO,1151,0.011716671049340332
MILO,1152,0.012832343683770944
MILO,1153,0.015556065285593265
MILO,1154,0.015556065285593265
MILO,1155,0.022539906066114328
MILO,1156,0.03236408603638006
MILO,1157,0.022539906066114328
MILO,1158,0.017165561149804276
MILO,1159,0.03261975726092378
MILO,1160,0.032732989992256364
MILO,1161,0.017165561149804276
MILO,1162,0.0258345217565219
MILO,1163,0.020454600741722086
MILO,1164,0.02057844887769697
MILO,1165,0.012187587710243098
MILO,1166,0.02140074042427657
MILO,1167,0.013164663973121543
MILO,1168,0.02183896421776049
MILO,1169,0.025160172610624185
MILO,1170,0.020525512272278074
MILO,1171,0.020525512272278074
MILO,1172,0.016762704097408775
MILO,1173,0.014158537116643562
MILO,1174,0.0064881274006333
MILO,1175,0.008423116989005554
MILO,1176,0.007107046910096623
MILO,1177,0.007646389980356159
MILO,1178,0.007646389980356159
MILO,1179,0.024319237901019065
MILO,1180,0.01305758066644259
MILO,1181,0.012474677318846633
MILO,1182,0.01379581379269974
MILO,1183,0.02637756110919076
MILO,1184,0.02264595286252361
MILO,1185,0.019743925667229156
MILO,1186,0.009979215032394814
MILO,1187,0.009979215032394814
MILO,1188,0.027749293687660923
MILO,1189,0.010509839868137935
MILO,1190,0.008841949814809298
MILO,1191,0.009405694109367911
MILO,1192,0.009405694109367911
MILO,1193,0.01549968087512667
MILO,1194,0.020600142076986794
MILO,1195,0.022664322708202164
MILO,1196,0.012092726303931224
MILO,1197,0.019201714756676737
MILO,1198,0.014372166236004806
MILO,1199,0.013719145512532232
MILO,1200,0.018783695354896747
MILO,1201,0.019987686670641987
MILO,1202,0.019019559994298472
MILO,1203,0.014147235494906395
MILO,1204,0.015550679731795745
MILO,1205,0.015945052450020633
MILO,1206,0.01499449163600111
MILO,1207,0.021194265221632935
MILO,1208,0.00863339727080159
MILO,1209,0.015612365313272225
MILO,1210,0.00745934551821226
MILO,1211,0.00745934551821226
MILO,1212,0.016095358837412154
MILO,1213,0.010051033513050138
MILO,1214,0.021826939166431043
MILO,1215,0.010077418104307897
MILO,1216,0.00907016556803708
MILO,1217,0.011571145963122212
MILO,1218,0.012938089270041081
MILO,1219,0.014573976025053224
MILO,1220,0.00637122095418057
MILO,1221,0.00637122095418057
MILO,1222,0.010504258661373056
MILO,1223,0.008386219443826842
MILO,1224,0.007157679238347526
MILO,1225,0.007732650925376432
MILO,1226,0.007431001883722956
MILO,1227,0.010054321647456031
MILO,1228,0.012940996784622696
MILO,1229,0.012940996784622696
MILO,1230,0.023446243499758487
MILO,1231,0.0099061792991091
MILO,1232,0.011673560250293397
MILO,1233,0.011709165961318995
MILO,1234,0.01930340180478665
MILO,1235,0.012292723151150573
MILO,1236,0.02259475274846384
MILO,1237,0.026300617774815634
MILO,1238,0.019350344913499382
MILO,1239,0.01144045695398025
MILO,1240,0.01035304227891657
MILO,1241,0.01095743216021369
MILO,1242,0.028630882955110334
MILO,1243,0.019333019589271867
MILO,1244,0.016172229809078745
MILO,1245,0.006973967596325905
MILO,1246,0.01230590713470262
MILO,1247,0.00690511857697506
MILO,1248,0.00690511857697506
MILO,1249,0.0184384741275294
MILO,1250,0.0184384741275294
MILO,1251,0.017287502615004974
MILO,1252,0.013190644183074049
MILO,1253,0.01248112400380165
MILO,1254,0.011113542719636585
MILO,1255,0.017150682563726306
MILO,1256,0.017150682563726306
MILO,1257,0.017150682563726306
MILO,1258,0.02014894427899567
MILO,1259,0.01181333072357923
MILO,1260,0.02014894427899567
MILO,1261,0.01181333072357923
MILO,1262,0.017683836721090904
MILO,1263,0.02012276195564884
MILO,1264,0.028388571907165955
MILO,1265,0.008337855822849505
MILO,1266,0.016098983360784632
MILO,1267,0.01689089500120177
MILO,1268,0.016098983360784632
MILO,1269,0.014668163668987351
MILO,1270,0.011105312551225226
MILO,1271,0.00963849028881853
MILO,1272,0.009925574133113282
MILO,1273,0.009971205587240876
MILO,1274,0.010254779401824789
MILO,1275,0.018470639770666503
MILO,1276,0.018470639770666503
MILO,1277,0.02523550063892325
MILO,1278,0.017643390523727563
MILO,1279,0.015423010308743925
MILO,1280,0.015423010308743925
MILO,1281,0.008581824612877258
MILO,1282,0.0068784901104137364
MILO,1283,0.009943921614339326
MILO,1284,0.006748256008307479
MILO,1285,0.018039247238734908
MILO,1286,0.008387822323210168
MILO,1287,0.01619165455037561
MILO,1288,0.01404052276674958
MILO,1289,0.009429322609917808
MILO,1290,0.011447963179794483
MILO,1291,0.009403234441459225
MILO,1292,0.010942837439687008
MILO,1293,0.0187729068048912
MILO,1294,0.016967536964404166
MILO,1295,0.016967536964404166
MILO,1296,0.016018552226841377
MILO,1297,0.016018552226841377
MILO,1298,0.02551971534343513
MILO,1299,0.024654965871164964
MILO,1300,0.011003449314904969
MILO,1301,0.011003449314904969
MILO,1302,0.016970113409132185
MILO,1303,0.014683805546526475
MILO,1304,0.010635470410462436
MILO,1305,0.009775409106541356
MILO,1306,0.01830247415177462
MILO,1307,0.01528318467215798
MILO,1308,0.01528318467215798
MILO,1309,0.010557296394345812
MILO,1310,0.015590984389530486
MILO,1311,0.014565346429481768
MILO,1312,0.017993953558945605
MILO,1313,0.017821386798238817
MILO,1314,0.017821386798238817
MILO,1315,0.024327625137533934
MILO,1316,0.016294610299089535
MILO,1317,0.01851345882091523
MILO,1318,0.013384989539375588
MILO,1319,0.013384989539375588
MILO,1320,0.021605127275690392
MILO,1321,0.017556782532544248
MILO,1322,0.017647946863402698
MILO,1323,0.01327908086865869
MILO,1324,0.009167147636719556
MILO,1325,0.008024291886531485
MILO,1326,0.013156370287609217
MILO,1327,0.009504635659701608
MILO,1328,0.020818208704845013
MILO,1329,0.02407583543301922
MILO,1330,0.017896807912828116
MILO,1331,0.012271505424649871
MILO,1332,0.014732363683975583
MILO,1333,0.009002648103661467
MILO,1334,0.00826443401029055
MILO,1335,0.008337275686623449
MILO,1336,0.008433153410176064
MILO,1337,0.015179325837464184
MILO,1338,0.015179325837464184
MILO,1339,0.018734670773420187
MILO,1340,0.01328717361084052
MILO,1341,0.01876194727251953
MILO,1342,0.01165734984320896
MILO,1343,0.018209236521038882
MILO,1344,0.01563943597011865
MILO,1345,0.012251853138326657
MILO,1346,0.017497266719957723
MILO,1347,0.015537391960542015
MILO,1348,0.016080059749973837
MILO,1349,0.009560998625659406
MILO,1350,0.013531504451122462
MILO,1351,0.01619825876683411
MILO,1352,0.01563539572218688
MILO,1353,0.01563539572218688
MILO,1354,0.006993312602692743
MILO,1355,0.010503781818630138
MILO,1356,0.00915303657698264
MILO,1357,0.00915303657698264
MILO,1358,0.021221201570007984
MILO,1359,0.017916617681756182
MILO,1360,0.014554925242050683
MILO,1361,0.010690067378872238
MILO,1362,0.008058091532715111
MILO,1363,0.009480791124930532
MILO,1364,0.0074811192037586615
MILO,1365,0.01130497982872314
MILO,1366,0.015765673995447753
MILO,1367,0.010642267193704522
MILO,1368,0.012137925146004896
MILO,1369,0.01049101063257481
MILO,1370,0.010523494155442662
MILO,1371,0.010523494155442662
MILO,1372,0.014195464223914562
MILO,1373,0.014241869074125718
MILO,1374,0.018251887821390447
MILO,1375,0.014469473315165824
MILO,1376,0.011825195495030003
MILO,1377,0.01205448294189771
MILO,1378,0.01205448294189771
MILO,1379,0.008560097866882999
MILO,1380,0.008876232987326886
MILO,1381,0.007312909940033159
MILO,1382,0.007327490179412734
MILO,1383,0.008298738770912115
MILO,1384,0.016912789257203038
MILO,1385,0.01701325809134197
MILO,1386,0.011926060272660695
MILO,1387,0.015032575264456388
MILO,1388,0.012091094601011283
MILO,1389,0.02093348694440186
MILO,1390,0.0143965922822763
MILO,1391,0.01092727546000296
MILO,1392,0.0063703284281440824
MILO,1393,0.013701241294084447
MILO,1394,0.0162935932981887
MILO,1395,0.013701241294084447
MILO,1396,0.018862424764025398
MILO,1397,0.007789049405863191
MILO,1398,0.017007306071547136
MILO,1399,0.016934646555668433
MILO,1400,0.01491578300012457
MILO,1401,0.013945932184499956
MILO,1402,0.018536357595445325
MILO,1403,0.025834865698704315
MILO,1404,0.025834865698704315
MILO,1405,0.025834865698704315
MILO,1406,0.010078364621838922
MILO,1407,0.005967270969796661
MILO,1408,0.007260279634981655
MILO,1409,0.010407805880146778
MILO,1410,0.009385797963370449
MILO,1411,0.009718267776664345
MILO,1412,0.015385829785723613
MILO,1413,0.021619098619976018
MILO,1414,0.021843617081411332
MILO,1415,0.012395345923174076
MILO,1416,0.015883990326626126
MILO,1417,0.013282798742403347
MILO,1418,0.03137765904916578
MILO,1419,0.019059613823623842
MILO,1420,0.019823770776753007
MILO,1421,0.01100917062642938
MILO,1422,0.007901872315225999
MILO,1423,0.0057619882036262955
MILO,1424,0.008359376740261456
MILO,1425,0.019305390304805815
MILO,1426,0.018357519462876334
MILO,1427,0.018357519462876334
MILO,1428,0.015570292714379319
MILO,1429,0.021329178149020484
MILO,1430,0.016237918567006186
MILO,1431,0.011531286403274082
MILO,1432,0.012577710010010693
MILO,1433,0.016091323855234697
MILO,1434,0.009050925038558233
MILO,1435,0.004015969829820978
MILO,1436,0.008790893751513446
MILO,1437,0.010242196763119561
MILO,1438,0.013661622888723576
MILO,1439,0.01794152774520094
MILO,1440,0.026131014345118928
MILO,1441,0.028850282126930946
MILO,1442,0.021113415097679816
MILO,1443,0.020108281770863847
MILO,1444,0.011819291745973673
MILO,1445,0.011819291745973673
MILO,1446,0.016071284496986114
MILO,1447,0.02095720095158563
MILO,1448,0.021087229475734433
MILO,1449,0.0059679452945659035
MILO,1450,0.00706225468594916
MILO,1451,0.005785012305485361
MILO,1452,0.007633888292487368
MILO,1453,0.007226746427573863
MILO,1454,0.009468876674453838
MILO,1455,0.011961180876003527
MILO,1456,0.0163697650062592
MILO,1457,0.0163697650062592
MILO,1458,0.02365752337497072
MILO,1459,0.032535032383643255
MILO,1460,0.029442752709922002
MILO,1461,0.03176631278618803
MILO,1462,0.01426404127621083
MILO,1463,0.017635168683365603
MILO,1464,0.023733677263662458
MILO,1465,0.011651515458421058
MILO,1466,0.014333335933237863
MILO,1467,0.010767507609789104
MILO,1468,0.016524082764628002
MILO,1469,0.013011894440536506
MILO,1470,0.009592549803704827
MILO,1471,0.009592549803704827
MILO,1472,0.013985439276220783
MILO,1473,0.013300453338190807
MILO,1474,0.018775099786735538
MILO,1475,0.015465404612919882
MILO,1476,0.015465404612919882
MILO,1477,0.019207997511780976
MILO,1478,0.017772085440395574
MILO,1479,0.019207997511780976
MILO,1480,0.01164480349427856
MILO,1481,0.01762211112877875
MILO,1482,0.029906039259344513
MILO,1483,0.02624726365465784
MILO,1484,0.026519892482267445
MILO,1485,0.027917143161598032
MILO,1486,0.035021067701807275
MILO,1487,0.03248773146699494
MILO,1488,0.00999903691666278
MILO,1489,0.010762364292629214
MILO,1490,0.00969809898956457
MILO,1491,0.01822852020984617
MILO,1492,0.012203245974112497
MILO,1493,0.009952418569514052
MILO,1494,0.011176139007469317
MILO,1495,0.018434351137467074
MILO_LW,5,1.0
MILO_LW,6,0.7046890733497087
MILO_LW,7,0.5183121884437197
MILO_LW,8,0.3881372510947411
MILO_LW,9,0.372768263779817
MILO_LW,10,0.3163126178336864
MILO_LW,11,0.24005274024030052
MILO_LW,12,0.25298341845188116
MILO_LW,13,0.23015833150026543
MILO_LW,14,0.18578082996238304
MILO_LW,15,0.1363041166976853
MILO_LW,16,0.12568351099490263
MILO_LW,17,0.1372033416626439
MILO_LW,18,0.14276378058759828
MILO_LW,19,0.1462243617083211
MILO_LW,20,0.11941558360554061
MILO_LW,21,0.09843719276594047
MILO_LW,22,0.08189583077543548
MILO_LW,23,0.07652549682468808
MILO_LW,24,0.09338954580496411
MILO_LW,25,0.08270589395194486
MILO_LW,26,0.0636112456072113
MILO_LW,27,0.07064403664432954
MILO_LW,28,0.10419114576819316
MILO_LW,29,0.06991842695866285
MILO_LW,30,0.06440566086327557
MILO_LW,31,0.043695474863870244
MILO_LW,32,0.036210884514361885
MILO_LW,33,0.05291834248752287
MILO_LW,34,0.07479182558738065
MILO_LW,35,0.1281971814735189
MILO_LW,36,0.06586296842411395
MILO_LW,37,0.047613025406677556
MILO_LW,38,0.07928291569722348
MILO_LW,39,0.0652179024349634
MILO_LW,40,0.06175121622846694
MILO_LW,41,0.06291145326763226
MILO_LW,42,0.04806408846729151
MILO_LW,43,0.07634916072644915
MILO_LW,44,0.05142099805114628
MILO_LW,45,0.0570284477795202
MILO_LW,46,0.043088440742623524
MILO_LW,47,0.053629576629236224
MILO_LW,48,0.02442255467983058
MILO_LW,49,0.030916958878944117
MILO_LW,50,0.03330607414834357
MILO_LW,51,0.042251266719840246
MILO_LW,52,0.028701048375995686
MILO_LW,53,0.02369013053054437
MILO_LW,54,0.06015055671516915
MILO_LW,55,0.0352239926899281
MILO_LW,56,0.03560379147284204
MILO_LW,57,0.066784949887023
MILO_LW,58,0.08253917672715737
MILO_LW,59,0.04378109023440059
MILO_LW,60,0.04438112767752135
MILO_LW,61,0.04909076726595412
MILO_LW,62,0.05608379731278808
MILO_LW,63,0.04204019117623479
MILO_LW,64,0.04031515831890241
MILO_LW,65,0.033273133961390394
MILO_LW,66,0.03350101900114944
MILO_LW,67,0.02956596808714883
MILO_LW,68,0.03777188031233266
MILO_LW,69,0.04282141580564994
MILO_LW,70,0.060097941081870096
MILO_LW,71,0.0733752182312548
MILO_LW,72,0.04032482484523489
MILO_LW,73,0.0678208516927299
MILO_LW,74,0.0602000608392518
MILO_LW,75,0.07421283360361965
MILO_LW,76,0.04723507266464096
MILO_LW,77,0.037681813273690266
MILO_LW,78,0.050187131404606546
MILO_LW,79,0.044659191655314456
MILO_LW,80,0.043121870759453694
MILO_LW,81,0.0474210144766064
MILO_LW,82,0.042313488679257924
MILO_LW,83,0.010356718749364335
MILO_LW,84,0.017914563042525748
MILO_LW,85,0.031965587870666
MILO_LW,86,0.0501731843697271
MILO_LW,87,0.0501731843697271
MILO_LW,88,0.04344998520962037
MILO_LW,89,0.03485503096179985
MILO_LW,90,0.03485503096179985
MILO_LW,91,0.03485503096179985
MILO_LW,92,0.04860999366031522
MILO_LW,93,0.02438456883100374
MILO_LW,94,0.019464006661926152
MILO_LW,95,0.018633344514319576
MILO_LW,96,0.034521973487754626
MILO_LW,97,0.0337227285153289
MILO_LW,98,0.05156149620816623
MILO_LW,99,0.03830957787131185
MILO_LW,100,0.04025061132676743
MILO_LW,101,0.04608006087788383
MILO_LW,102,0.03585183720338562
MILO_LW,103,0.029277591294038934
MILO_LW,104,0.019101582746114572
MILO_LW,105,0.03344187009730114
MILO_LW,106,0.028531617156314512
MILO_LW,107,0.046878620105478844
MILO_LW,108,0.034421875413179474
MILO_LW,109,0.022481089896077864
MILO_LW,110,0.04184375260750238
MILO_LW,111,0.022635196185228818
MILO_LW,112,0.03839692738474369
MILO_LW,113,0.040854527592941815
MILO_LW,114,0.0202357124947279
MILO_LW,115,0.026287742817404605
MILO_LW,116,0.030972285549864746
MILO_LW,117,0.022288430995827897
MILO_LW,118,0.05957171119254025
MILO_LW,119,0.05957171119254025
MILO_LW,120,0.036065985186543775
MILO_LW,121,0.026498829614997554
MILO_LW,122,0.03112280941709951
MILO_LW,123,0.024030072327213527
MILO_LW,124,0.05105858635700385
MILO_LW,125,0.06293310238251107
MILO_LW,126,0.03979576976970134
MILO_LW,127,0.04702959308858288
MILO_LW,128,0.03770943166091664
MILO_LW,129,0.033369732110310295
MILO_LW,130,0.027901904816911818
MILO_LW,131,0.043814079666366676
MILO_LW,132,0.059207059445100435
MILO_LW,133,0.026877663948710873
MILO_LW,134,0.025172417619911527
MILO_LW,135,0.022374330220720696
MILO_LW,136,0.026877663948710873
MILO_LW,137,0.029589839426712797
MILO_LW,138,0.029589839426712797
MILO_LW,139,0.016279899353406308
MILO_LW,140,0.026377869722240894
MILO_LW,141,0.02696058430579804
MILO_LW,142,0.03459205158750698
MILO_LW,143,0.040342081971770256
MILO_LW,144,0.05106194954697861
MILO_LW,145,0.046324913543240656
MILO_LW,146,0.02470829444697329
MILO_LW,147,0.009163602474375789
MILO_LW,148,0.024904286150377805
MILO_LW,149,0.029803833602429976
MILO_LW,150,0.013663752045830823
MILO_LW,151,0.06673575262143741
MILO_LW,152,0.03957690019977565
MILO_LW,153,0.04114211123147088
MILO_LW,154,0.044318291621884234
MILO_LW,155,0.023109041950450826
MILO_LW,156,0.022584167861708554
MILO_LW,157,0.030624255746175978
MILO_LW,158,0.022739695463366048
MILO_LW,159,0.039750116228270876
MILO_LW,160,0.025942574484903346
MILO_LW,161,0.039360188109596926
MILO_LW,162,0.039360188109596926
MILO_LW,163,0.033729892315966334
MILO_LW,164,0.017676444806041577
MILO_LW,165,0.023740439801666693
MILO_LW,166,0.015471038226266177
MILO_LW,167,0.010674559285299826
MILO_LW,168,0.024231994828243324
MILO_LW,169,0.01504282790689239
MILO_LW,170,0.0187438367113027
MILO_LW,171,0.014697239730523164
MILO_LW,172,0.02578318422622869
MILO_LW,173,0.02783070533371203
MILO_LW,174,0.03872869311861724
MILO_LW,175,0.021209358846455615
MILO_LW,176,0.016152206656668385
MILO_LW,177,0.015320207373671286
MILO_LW,178,0.01950018767866222
MILO_LW,179,0.01525210861743679
MILO_LW,180,0.02482778517613406
MILO_LW,181,0.05707324443942055
MILO_LW,182,0.02711107725725648
MILO_LW,183,0.026846282973394153
MILO_LW,184,0.02842396584962803
MILO_LW,185,0.020983505164062995
MILO_LW,186,0.026679363852772746
MILO_LW,187,0.025405511633363638
MILO_LW,188,0.014598265144184433
MILO_LW,189,0.010932796422623035
MILO_LW,190,0.019645845416199972
MILO_LW,191,0.02322068192424286
MILO_LW,192,0.02397849241362725
MILO_LW,193,0.0205243791904088
MILO_LW,194,0.024033962735682732
MILO_LW,195,0.025555605089992436
MILO_LW,196,0.027814704936187158
MILO_LW,197,0.021916832658676538
MILO_LW,198,0.010825440362850304
MILO_LW,199,0.010825440362850304
MILO_LW,200,0.015629261888543487
MILO_LW,201,0.02981436186432676
MILO_LW,202,0.0252507525666623
MILO_LW,203,0.037823679479324565
MILO_LW,204,0.03171606613521047
MILO_LW,205,0.017096387532863223
MILO_LW,206,0.026208983852511573
MILO_LW,207,0.018035619984612797
MILO_LW,208,0.02705439111715427
MILO_LW,209,0.02705439111715427
MILO_LW,210,0.032794897303962144
MILO_LW,211,0.04425120310887873
MILO_LW,212,0.027585175468555306
MILO_LW,213,0.03194999942835686
MILO_LW,214,0.03194999942835686
MILO_LW,215,0.016484839402256833
MILO_LW,216,0.022977655466319823
MILO_LW,217,0.017978115030484458
MILO_LW,218,0.013938333981836434
MILO_LW,219,0.024560223615146436
MILO_LW,220,0.022405373039738236
MILO_LW,221,0.02718215831856243
MILO_LW,222,0.02843677037280952
MILO_LW,223,0.02482357022686527
MILO_LW,224,0.025089249034640975
MILO_LW,225,0.01659180105872835
MILO_LW,226,0.013939171036988024
MILO_LW,227,0.012530397381081814
MILO_LW,228,0.018411007617071443
MILO_LW,229,0.025889502218361015
MILO_LW,230,0.038430798242408755
MILO_LW,231,0.038430798242408755
MILO_LW,232,0.015051455345770383
MILO_LW,233,0.0433644818764508
MILO_LW,234,0.025321480597546603
MILO_LW,235,0.012360589127929264
MILO_LW,236,0.020043132396928464
MILO_LW,237,0.035206126120749213
MILO_LW,238,0.032348589934072434
MILO_LW,239,0.024738699707318366
MILO_LW,240,0.020349660345890655
MILO_LW,241,0.01732033032266085
MILO_LW,242,0.015975228348150846
MILO_LW,243,0.016272119396174258
MILO_LW,244,0.02153537046759
MILO_LW,245,0.03267669440216511
MILO_LW,246,0.04213191325727863
MILO_LW,247,0.03874358488859496
MILO_LW,248,0.01848062577241512
MILO_LW,249,0.04859501338762771
MILO_LW,250,0.024646590327116687
MILO_LW,251,0.020355661535811226
MILO_LW,252,0.021170129544066368
MILO_LW,253,0.02036502631110308
MILO_LW,254,0.02429677028517448
MILO_LW,255,0.026232146814727225
MILO_LW,256,0.021748350733254197
MILO_LW,257,0.025243250678849062
MILO_LW,258,0.03785518086971676
MILO_LW,259,0.0316516060556419
MILO_LW,260,0.02566034661638869
MILO_LW,261,0.020682269545011366
MILO_LW,262,0.02586131692180737
MILO_LW,263,0.026175771759632427
MILO_LW,264,0.02245440736120301
MILO_LW,265,0.01484610084978672
MILO_LW,266,0.016803559815416574
MILO_LW,267,0.016803559815416574
MILO_LW,268,0.03192842339684877
MILO_LW,269,0.01892618218439008
MILO_LW,270,0.022451313413800626
MILO_LW,271,0.018578822987117903
MILO_LW,272,0.014159708611012229
MILO_LW,273,0.030874933873132043
MILO_LW,274,0.03629190608438166
MILO_LW,275,0.025896196387514617
MILO_LW,276,0.023296932974300535
MILO_LW,277,0.023296932974300535
MILO_LW,278,0.021043704513132564
MILO_LW,279,0.028831869896126093
MILO_LW,280,0.016768076142547616
MILO_LW,281,0.016126289371597984
MILO_LW,282,0.014154772212851965
MILO_LW,283,0.013981909176436665
MILO_LW,284,0.013981909176436665
MILO_LW,285,0.02028684476541914
MILO_LW,286,0.016073287117265588
MILO_LW,287,0.010575465053854708
MILO_LW,288,0.03093441569546605
MILO_LW,289,0.023381060943611337
MILO_LW,290,0.023549646614557208
MILO_LW,291,0.017214583688545178
MILO_LW,292,0.019669672750198236
MILO_LW,293,0.01775531857710619
MILO_LW,294,0.02112756245280704
MILO_LW,295,0.026543901247011094
MILO_LW,296,0.02110201520956987
MILO_LW,297,0.02110201520956987
MILO_LW,298,0.02110201520956987
MILO_LW,299,0.018267962244182055
MILO_LW,300,0.02105181723911271
MILO_LW,301,0.02443725875523964
MILO_LW,302,0.017057333777738038
MILO_LW,303,0.02443725875523964
MILO_LW,304,0.024612154820010616
MILO_LW,305,0.021892639666606747
MILO_LW,306,0.02334281128331459
MILO_LW,307,0.018517548525576473
MILO_LW,308,0.02483564947773669
MILO_LW,309,0.033936204073195406
MILO_LW,310,0.02470680052234176
MILO_LW,311,0.035794145031258544
MILO_LW,312,0.02786523143874618
MILO_LW,313,0.036711599461930644
MILO_LW,314,0.025504436455441936
MILO_LW,315,0.024850779881128385
MILO_LW,316,0.027420385915654433
MILO_LW,317,0.01420345953532848
MILO_LW,318,0.026280045909464294
MILO_LW,319,0.026280045909464294
MILO_LW,320,0.012649350691295013
MILO_LW,321,0.015017214074230572
MILO_LW,322,0.008399536822222593
MILO_LW,323,0.012885042019280856
MILO_LW,324,0.025367122353848883
MILO_LW,325,0.028481562140255413
MILO_LW,326,0.035474793440078284
MILO_LW,327,0.023576870478162208
MILO_LW,328,0.0168476369169887
MILO_LW,329,0.025712308424388108
MILO_LW,330,0.028940499095773602
MILO_LW,331,0.015195860076009886
MILO_LW,332,0.018878778053283092
MILO_LW,333,0.013531795329880646
MILO_LW,334,0.02227541512403393
MILO_LW,335,0.021752169534819243
MILO_LW,336,0.02377647759362179
MILO_LW,337,0.03020991832642355
MILO_LW,338,0.0156184353618697
MILO_LW,339,0.012917343766655107
MILO_LW,340,0.019227676563306362
MILO_LW,341,0.023442949828034385
MILO_LW,342,0.019932538511488292
MILO_LW,343,0.04231071087773216
MILO_LW,344,0.02332725442886879
MILO_LW,345,0.015899030852304714
MILO_LW,346,0.03154002940284929
MILO_LW,347,0.018726390757213763
MILO_LW,348,0.021173563872802725
MILO_LW,349,0.014375350873792674
MILO_LW,350,0.014375350873792674
MILO_LW,351,0.019676858339046376
MILO_LW,352,0.01507397272660702
MILO_LW,353,0.02000476702085128
MILO_LW,354,0.02012181896931101
MILO_LW,355,0.026028083179907326
MILO_LW,356,0.020901709455633268
MILO_LW,357,0.02082956130272267
MILO_LW,358,0.02082956130272267
MILO_LW,359,0.02444143549197731
MILO_LW,360,0.023528840465852616
MILO_LW,361,0.02285435210621998
MILO_LW,362,0.02123367488659018
MILO_LW,363,0.019600417352449922
MILO_LW,364,0.019600417352449922
MILO_LW,365,0.014879615715416437
MILO_LW,366,0.016349209358968015
MILO_LW,367,0.012445215290160088
MILO_LW,368,0.015997601095655428
MILO_LW,369,0.012558348454022534
MILO_LW,370,0.02059099292657736
MILO_LW,371,0.01892518130834306
MILO_LW,372,0.014291586682826552
MILO_LW,373,0.014291586682826552
MILO_LW,374,0.02144923805756115
MILO_LW,375,0.017899324026315177
MILO_LW,376,0.01799552348028074
MILO_LW,377,0.024175803538735573
MILO_LW,378,0.01841892492993836
MILO_LW,379,0.034802903570515534
MILO_LW,380,0.03783574277220366
MILO_LW,381,0.028438166294552883
MILO_LW,382,0.017926794223663722
MILO_LW,383,0.016259705484427695
MILO_LW,384,0.01413741154911092
MILO_LW,385,0.010411308552361522
MILO_LW,386,0.010411308552361522
MILO_LW,387,0.01400230587529676
MILO_LW,388,0.033538240575134146
MILO_LW,389,0.028473024262314222
MILO_LW,390,0.02457542169138269
MILO_LW,391,0.02243202666359388
MILO_LW,392,0.021594099205018168
MILO_LW,393,0.013377763661985084
MILO_LW,394,0.013377763661985084
MILO_LW,395,0.02215477675929993
MILO_LW,396,0.021043014628394828
MILO_LW,397,0.016018479473741423
MILO_LW,398,0.02950741267242462
MILO_LW,399,0.021691200860080678
MILO_LW,400,0.02689303829838492
MILO_LW,401,0.026555581622914777
MILO_LW,402,0.01868964554177855
MILO_LW,403,0.021098187767894835
MILO_LW,404,0.02540252349646603
MILO_LW,405,0.02559198697840427
MILO_LW,406,0.037076157323906386
MILO_LW,407,0.017601392256833895
MILO_LW,408,0.016534661892775342
MILO_LW,409,0.017877686035763108
MILO_LW,410,0.017877686035763108
MILO_LW,411,0.021801596578932592
MILO_LW,412,0.01603525600094396
MILO_LW,413,0.007233777876598853
MILO_LW,414,0.012364640561022593
MILO_LW,415,0.010412550501212677
MILO_LW,416,0.017295829309889165
MILO_LW,417,0.016101003410590804
MILO_LW,418,0.021950981419777204
MILO_LW,419,0.017852339836539607
MILO_LW,420,0.015444838805378027
MILO_LW,421,0.0135383309466882
MILO_LW,422,0.014656169044227221
MILO_LW,423,0.010023969881938858
MILO_LW,424,0.010023969881938858
MILO_LW,425,0.01790542796616981
MILO_LW,426,0.010552932948643432
MILO_LW,427,0.010552932948643432
MILO_LW,428,0.013867345347993103
MILO_LW,429,0.019794187648769723
MILO_LW,430,0.018181021020953203
MILO_LW,431,0.018275342398981407
MILO_LW,432,0.015484381402977742
MILO_LW,433,0.006867551283710597
MILO_LW,434,0.015308503064639389
MILO_LW,435,0.008409806230975161
MILO_LW,436,0.018548171854832613
MILO_LW,437,0.018548171854832613
MILO_LW,438,0.013880818278709961
MILO_LW,439,0.014490649522855186
MILO_LW,440,0.02457767758050208
MILO_LW,441,0.01792730952572763
MILO_LW,442,0.008893319180236139
MILO_LW,443,0.021684673110525538
MILO_LW,444,0.012846102779968586
MILO_LW,445,0.008484182359859451
MILO_LW,446,0.007653562474432249
MILO_LW,447,0.010063244605496237
MILO_LW,448,0.014501799034554494
MILO_LW,449,0.007539092019715567
MILO_LW,450,0.016601317385298766
MILO_LW,451,0.011928395290931329
MILO_LW,452,0.020191768860167204
MILO_LW,453,0.028602348396348426
MILO_LW,454,0.012519191571126789
MILO_LW,455,0.027564365536096945
MILO_LW,456,0.019222374249434834
MILO_LW,457,0.026951564797487476
MILO_LW,458,0.027564365536096945
MILO_LW,459,0.014411774022650167
MILO_LW,460,0.010023089669033773
MILO_LW,461,0.019842361366125674
MILO_LW,462,0.00935663544061018
MILO_LW,463,0.01128294718757621
MILO_LW,464,0.013839035760867743
MILO_LW,465,0.010375590499307566
MILO_LW,466,0.008909664169315495
MILO_LW,467,0.01897865785786916
MILO_LW,468,0.023717351524187632
MILO_LW,469,0.014328033645159327
MILO_LW,470,0.017949569947463835
MILO_LW,471,0.017083545982077994
MILO_LW,472,0.018463956472415406
MILO_LW,473,0.008420755952647602
MILO_LW,474,0.01851513527140978
MILO_LW,475,0.01653742971986414
MILO_LW,476,0.01653742971986414
MILO_LW,477,0.016608823298884745
MILO_LW,478,0.018351534414542736
MILO_LW,479,0.02407803424014276
MILO_LW,480,0.021637871398539333
MILO_LW,481,0.025420978921625852
MILO_LW,482,0.024958108588901056
MILO_LW,483,0.018373926260700398
MILO_LW,484,0.011136298318142905
MILO_LW,485,0.011172478295271376
MILO_LW,486,0.03952402599046783
MILO_LW,487,0.02519447181511346
MILO_LW,488,0.02519447181511346
MILO_LW,489,0.02263858417698946
MILO_LW,490,0.02263858417698946
MILO_LW,491,0.012837252701115806
MILO_LW,492,0.01538605104889219
MILO_LW,493,0.02469136741133181
MILO_LW,494,0.025421043637648258
MILO_LW,495,0.01558213474324647
MILO_LW,496,0.016063726815852462
MILO_LW,497,0.01353512452989811
MILO_LW,498,0.012336362570475793
MILO_LW,499,0.013590833751909311
MILO_LW,500,0.02489858150083921
MILO_LW,501,0.02369028483794263
MILO_LW,502,0.023859093886053496
MILO_LW,503,0.023859093886053496
MILO_LW,504,0.02077905150712287
MILO_LW,505,0.013957849607068444
MILO_LW,506,0.011563129970379
MILO_LW,507,0.012667520901215184
MILO_LW,508,0.0291584632485379
MILO_LW,509,0.015878108376429254
MILO_LW,510,0.01595482856143905
MILO_LW,511,0.02033711688628462
MILO_LW,512,0.014591446161960021
MILO_LW,513,0.01837381619076545
MILO_LW,514,0.01752567254341377
MILO_LW,515,0.009709299395174145
MILO_LW,516,0.011849060511435396
MILO_LW,517,0.018176845530425662
MILO_LW,518,0.023621100402838827
MILO_LW,519,0.02125251481712308
MILO_LW,520,0.010286532035535315
MILO_LW,521,0.006578483174632691
MILO_LW,522,0.009434834753165606
MILO_LW,523,0.02524261174977266
MILO_LW,524,0.010794912913307076
MILO_LW,525,0.010215544833980354
MILO_LW,526,0.02512762296855106
MILO_LW,527,0.029431391136653835
MILO_LW,528,0.02481450677859096
MILO_LW,529,0.04151207936812459
MILO_LW,530,0.046113495630070375
MILO_LW,531,0.014950799356450623
MILO_LW,532,0.015566180169192872
MILO_LW,533,0.010627967335815277
MILO_LW,534,0.014298002799507216
MILO_LW,535,0.016059349151382636
MILO_LW,536,0.011400485122308842
MILO_LW,537,0.01361491215967093
MILO_LW,538,0.01335015560018125
MILO_LW,539,0.014131500285626913
MILO_LW,540,0.012306064789944199
MILO_LW,541,0.012306064789944199
MILO_LW,542,0.01823150390311463
MILO_LW,543,0.012436989128797005
MILO_LW,544,0.009998547050426734
MILO_LW,545,0.009556302415969756
MILO_LW,546,0.009556302415969756
MILO_LW,547,0.009263223652774748
MILO_LW,548,0.015047541896295714
MILO_LW,549,0.006973217066784247
MILO_LW,550,0.02698245173575292
MILO_LW,551,0.01645090592963218
MILO_LW,552,0.023251188081753825
MILO_LW,553,0.015608853868649285
MILO_LW,554,0.010252312983732624
MILO_LW,555,0.009563547570550623
MILO_LW,556,0.01148236568779881
MILO_LW,557,0.009365001728473555
MILO_LW,558,0.017896704701797515
MILO_LW,559,0.017896704701797515
MILO_LW,560,0.026497168411790846
MILO_LW,561,0.026497168411790846
MILO_LW,562,0.024234523276666895
MILO_LW,563,0.02936914487070987
MILO_LW,564,0.026774524251890787
MILO_LW,565,0.02768242945072017
MILO_LW,566,0.013418640537591663
MILO_LW,567,0.018603545051948354
MILO_LW,568,0.01310012389510203
MILO_LW,569,0.00986978799575868
MILO_LW,570,0.01310012389510203
MILO_LW,571,0.01528165793500697
MILO_LW,572,0.022649910349690255
MILO_LW,573,0.019406341974575258
MILO_LW,574,0.0188946085524791
MILO_LW,575,0.018080668779878677
MILO_LW,576,0.016457607987697652
MILO_LW,577,0.02086609029032212
MILO_LW,578,0.014602065723141594
MILO_LW,579,0.02348457645731162
MILO_LW,580,0.01228365915911226
MILO_LW,581,0.017126916388954413
MILO_LW,582,0.008434711850166607
MILO_LW,583,0.011963587644232129
MILO_LW,584,0.007977381454745486
MILO_LW,585,0.010091993147151436
MILO_LW,586,0.005693263893068664
MILO_LW,587,0.011920246694203418
MILO_LW,588,0.015459053800119017
MILO_LW,589,0.015500760482230437
MILO_LW,590,0.027792506659585603
MILO_LW,591,0.012317214068852953
MILO_LW,592,0.02209864727413041
MILO_LW,593,0.01764395471394082
MILO_LW,594,0.010217641870012659
MILO_LW,595,0.01022727450696698
MILO_LW,596,0.010257053422376362
MILO_LW,597,0.012702145151791074
MILO_LW,598,0.02795839226690139
MILO_LW,599,0.01982939879032753
MILO_LW,600,0.01982939879032753
MILO_LW,601,0.021011366452402473
MILO_LW,602,0.02832119695024195
MILO_LW,603,0.015847301964865876
MILO_LW,604,0.013699882706215498
MILO_LW,605,0.011023944297049898
MILO_LW,606,0.01669705819382323
MILO_LW,607,0.017391448352735133
MILO_LW,608,0.012993984556512515
MILO_LW,609,0.010677594759568422
MILO_LW,610,0.012226138522057823
MILO_LW,611,0.011521891990687264
MILO_LW,612,0.011959662362706054
MILO_LW,613,0.014564265414090215
MILO_LW,614,0.011797693585426464
MILO_LW,615,0.010700066484509397
MILO_LW,616,0.005795365182048551
MILO_LW,617,0.00870839882584955
MILO_LW,618,0.015217149543000512
MILO_LW,619,0.015815252922900196
MILO_LW,620,0.02281440708283397
MILO_LW,621,0.013096144625963804
MILO_LW,622,0.012371374564829968
MILO_LW,623,0.012881814601790576
MILO_LW,624,0.012368233359820898
MILO_LW,625,0.012414489092347013
MILO_LW,626,0.013407256604439758
MILO_LW,627,0.01803704238620599
MILO_LW,628,0.019631905664266622
MILO_LW,629,0.012466433338939953
MILO_LW,630,0.01266630522572172
MILO_LW,631,0.012441937346530988
MILO_LW,632,0.019446354668940187
MILO_LW,633,0.01240468895039663
MILO_LW,634,0.01021925381511059
MILO_LW,635,0.009559452880826127
MILO_LW,636,0.011952676369850888
MILO_LW,637,0.009467061149308188
MILO_LW,638,0.018257157750742325
MILO_LW,639,0.012573450867187063
MILO_LW,640,0.009610337229848342
MILO_LW,641,0.009610337229848342
MILO_LW,642,0.019249232364541888
MILO_LW,643,0.00943470136221614
MILO_LW,644,0.018422725946690432
MILO_LW,645,0.007927920699513372
MILO_LW,646,0.0118191356350182
MILO_LW,647,0.0118191356350182
MILO_LW,648,0.014501672366734344
MILO_LW,649,0.014501672366734344
MILO_LW,650,0.01076199526615531
MILO_LW,651,0.020310567707376163
MILO_LW,652,0.011936837741896727
MILO_LW,653,0.011600478292391482
MILO_LW,654,0.011600478292391482
MILO_LW,655,0.008515980766307813
MILO_LW,656,0.01658689795155388
MILO_LW,657,0.01658689795155388
MILO_LW,658,0.025319265951473997
MILO_LW,659,0.012493403962610205
MILO_LW,660,0.012179571629425713
MILO_LW,661,0.018903855684023977
MILO_LW,662,0.018733923552311266
MILO_LW,663,0.014860604817338878
MILO_LW,664,0.01702610899882068
MILO_LW,665,0.012903890400415318
MILO_LW,666,0.012903890400415318
MILO_LW,667,0.014965518988740588
MILO_LW,668,0.009984136386343942
MILO_LW,669,0.015416448778542403
MILO_LW,670,0.01560371948432753
MILO_LW,671,0.033620535274527075
MILO_LW,672,0.02458231767953155
MILO_LW,673,0.013022904478923432
MILO_LW,674,0.016320646308625966
MILO_LW,675,0.02050641136711612
MILO_LW,676,0.02287908511148564
MILO_LW,677,0.02317262216978358
MILO_LW,678,0.011754419695755079
MILO_LW,679,0.006643538360034116
MILO_LW,680,0.008937690302453949
MILO_LW,681,0.008868394622142053
MILO_LW,682,0.025746437210181987
MILO_LW,683,0.007819537957726642
MILO_LW,684,0.012973653351723782
MILO_LW,685,0.015687071613122387
MILO_LW,686,0.014480057616645753
MILO_LW,687,0.011164589836818714
MILO_LW,688,0.01120246680209676
MILO_LW,689,0.011907986928945263
MILO_LW,690,0.013154180813767135
MILO_LW,691,0.012564276928328308
MILO_LW,692,0.012799117516868373
MILO_LW,693,0.014998923529956128
MILO_LW,694,0.015225706921935235
MILO_LW,695,0.0234052883009442
MILO_LW,696,0.014872824895699247
MILO_LW,697,0.0234052883009442
MILO_LW,698,0.021543452452154395
MILO_LW,699,0.019274240696246173
MILO_LW,700,0.015238581207979938
MILO_LW,701,0.019281510448352294
MILO_LW,702,0.023605331060694377
MILO_LW,703,0.013890016710776821
MILO_LW,704,0.00874984314817513
MILO_LW,705,0.011958231576471327
MILO_LW,706,0.014168655221455924
MILO_LW,707,0.024520823487482343
MILO_LW,708,0.024520823487482343
MILO_LW,709,0.024520823487482343
MILO_LW,710,0.013853842745343056
MILO_LW,711,0.016381429452803027
MILO_LW,712,0.016381429452803027
MILO_LW,713,0.013238702580808743
MILO_LW,714,0.009282226628578426
MILO_LW,715,0.007949248840816905
MILO_LW,716,0.0078246923235192
MILO_LW,717,0.011112226224579785
MILO_LW,718,0.011432266870619223
MILO_LW,719,0.009032791942683261
MILO_LW,720,0.010162901887916237
MILO_LW,721,0.010043799257522608
MILO_LW,722,0.007187099063280985
MILO_LW,723,0.011703582860197499
MILO_LW,724,0.013430184722230122
MILO_LW,725,0.011400377661327782
MILO_LW,726,0.012020741792853106
MILO_LW,727,0.012020741792853106
MILO_LW,728,0.012020741792853106
MILO_LW,729,0.011440030045182358
MILO_LW,730,0.007959004859194993
MILO_LW,731,0.019281914445306247
MILO_LW,732,0.019195649976203797
MILO_LW,733,0.00995822349675966
MILO_LW,734,0.012265022589983954
MILO_LW,735,0.014368227164045698
MILO_LW,736,0.021624815611757393
MILO_LW,737,0.01233925376125271
MILO_LW,738,0.01233925376125271
MILO_LW,739,0.011725521639026288
MILO_LW,740,0.013369632304537806
MILO_LW,741,0.012292066892757747
MILO_LW,742,0.010692118187646215
MILO_LW,743,0.013596461926795268
MILO_LW,744,0.01347710095001489
MILO_LW,745,0.012518887185193565
MILO_LW,746,0.027611644838249915
MILO_LW,747,0.019329921190528072
MILO_LW,748,0.019442160789483548
MILO_LW,749,0.019442160789483548
MILO_LW,750,0.020691072919453955
MILO_LW,751,0.020752514630053738
MILO_LW,752,0.033326033488427095
MILO_LW,753,0.026432111975950853
MILO_LW,754,0.03924899706016637
MILO_LW,755,0.022103487895431945
MILO_LW,756,0.011663404027397082
MILO_LW,757,0.013149086170201378
MILO_LW,758,0.011870384062529493
MILO_LW,759,0.013723838819321831
MILO_LW,760,0.00863764991186127
MILO_LW,761,0.006725713621659159
MILO_LW,762,0.010626525501034653
MILO_LW,763,0.018357691398453016
MILO_LW,764,0.015965785169657683
MILO_LW,765,0.01618809565827324
MILO_LW,766,0.013639667725443439
MILO_LW,767,0.01834744940385657
MILO_LW,768,0.01629543876747039
MILO_LW,769,0.016342857224880835
MILO_LW,770,0.023526316530794483
MILO_LW,771,0.007169129164906648
MILO_LW,772,0.007169129164906648
MILO_LW,773,0.004642589535756463
MILO_LW,774,0.008347131143058302
MILO_LW,775,0.006476877216984575
MILO_LW,776,0.00589039258276896
MILO_LW,777,0.005702154557306903
MILO_LW,778,0.005702154557306903
MILO_LW,779,0.008364946484668047
MILO_LW,780,0.009354467177353921
MILO_LW,781,0.009597898068117604
MILO_LW,782,0.019666866797330845
MILO_LW,783,0.024908981536240903
MILO_LW,784,0.02635098578748725
MILO_LW,785,0.02635098578748725
MILO_LW,786,0.03225154373970196
MILO_LW,787,0.021113878663687417
MILO_LW,788,0.01088269587118785
MILO_LW,789,0.009904539603557541
MILO_LW,790,0.019932097923285368
MILO_LW,791,0.013234850201675051
MILO_LW,792,0.025367603686515038
MILO_LW,793,0.025367603686515038
MILO_LW,794,0.01757417605447187
MILO_LW,795,0.02447563376401797
MILO_LW,796,0.02447563376401797
MILO_LW,797,0.0364089387468406
MILO_LW,798,0.025238778090937032
MILO_LW,799,0.01609809331985801
MILO_LW,800,0.026977256089531904
MILO_LW,801,0.014172973731552758
MILO_LW,802,0.011919668361806898
MILO_LW,803,0.01214283743430314
MILO_LW,804,0.011397187670201536
MILO_LW,805,0.011983242556361523
MILO_LW,806,0.010972890147816682
MILO_LW,807,0.01637726073550782
MILO_LW,808,0.014508817269033313
MILO_LW,809,0.011557496844295556
MILO_LW,810,0.010402827195881783
MILO_LW,811,0.015264646041363268
MILO_LW,812,0.011569877450807814
MILO_LW,813,0.01764106717357077
MILO_LW,814,0.015264646041363268
MILO_LW,815,0.025390359164884385
MILO_LW,816,0.020981399503243986
MILO_LW,817,0.018570017286588154
MILO_LW,818,0.00821451543466389
MILO_LW,819,0.01128894026301926
MILO_LW,820,0.006138623915789444
MILO_LW,821,0.008204939963105276
MILO_LW,822,0.02028484576098745
MILO_LW,823,0.020405477927453904
MILO_LW,824,0.02352364732211681
MILO_LW,825,0.02352364732211681
MILO_LW,826,0.0147251814635288
MILO_LW,827,0.02222072105523715
MILO_LW,828,0.02207774689828783
MILO_LW,829,0.02448074715040175
MILO_LW,830,0.021795163823081738
MILO_LW,831,0.021795163823081738
MILO_LW,832,0.020690222878958154
MILO_LW,833,0.025820066868031937
MILO_LW,834,0.025820066868031937
MILO_LW,835,0.019208867453804176
MILO_LW,836,0.02998912927413694
MILO_LW,837,0.009794413936813738
MILO_LW,838,0.01836582989780341
MILO_LW,839,0.01741349712336133
MILO_LW,840,0.021100703553069717
MILO_LW,841,0.016827182839282546
MILO_LW,842,0.016827182839282546
MILO_LW,843,0.016827182839282546
MILO_LW,844,0.019490154764837876
MILO_LW,845,0.014814605853819864
MILO_LW,846,0.014665625035300656
MILO_LW,847,0.014600777228978427
MILO_LW,848,0.014600777228978427
MILO_LW,849,0.011238609661413336
MILO_LW,850,0.012999294935757267
MILO_LW,851,0.03421767358306865
MILO_LW,852,0.026739451599025767
MILO_LW,853,0.018972143149796304
MILO_LW,854,0.012941247983822072
MILO_LW,855,0.009576726343313186
MILO_LW,856,0.004323055686886776
MILO_LW,857,0.004323055686886776
MILO_LW,858,0.008534145196918714
MILO_LW,859,0.008996031524993156
MILO_LW,860,0.03731236114248329
MILO_LW,861,0.02141420135517214
MILO_LW,862,0.007824356096323015
MILO_LW,863,0.008385997703968683
MILO_LW,864,0.013159631979255324
MILO_LW,865,0.019045134057616757
MILO_LW,866,0.02017493645329537
MILO_LW,867,0.01826310287379946
MILO_LW,868,0.013744569058252554
MILO_LW,869,0.02976608883406042
MILO_LW,870,0.04192753045273252
MILO_LW,871,0.030296173105927394
MILO_LW,872,0.018892474357514746
MILO_LW,873,0.021694021738264117
MILO_LW,874,0.021694021738264117
MILO_LW,875,0.014569450479482361
MILO_LW,876,0.02361701721561537
MILO_LW,877,0.025296164585317433
MILO_LW,878,0.021043027341638917
MILO_LW,879,0.021103889022223977
MILO_LW,880,0.016123661591259122
MILO_LW,881,0.021237746432352964
MILO_LW,882,0.019778613317194226
MILO_LW,883,0.013521870725535482
MILO_LW,884,0.015961557720165276
MILO_LW,885,0.021466117345797127
MILO_LW,886,0.014514529308985735
MILO_LW,887,0.019326233049953276
MILO_LW,888,0.019326233049953276
MILO_LW,889,0.014209857509594458
MILO_LW,890,0.014209857509594458
MILO_LW,891,0.008918835197728875
MILO_LW,892,0.009385850599881182
MILO_LW,893,0.010689776925096277
MILO_LW,894,0.00904141821618684
MILO_LW,895,0.00904141821618684
MILO_LW,896,0.00904141821618684
MILO_LW,897,0.02606321468184835
MILO_LW,898,0.024974204586636076
MILO_LW,899,0.009981875846283352
MILO_LW,900,0.01328968069763846
MILO_LW,901,0.011052202899886315
MILO_LW,902,0.012015396695102019
MILO_LW,903,0.007112477495902377
MILO_LW,904,0.007112477495902377
MILO_LW,905,0.011972433946725923
MILO_LW,906,0.008296337324672472
MILO_LW,907,0.01111121828603077
MILO_LW,908,0.013160329673075235
MILO_LW,909,0.015610913404526871
MILO_LW,910,0.016843738699702647
MILO_LW,911,0.016843738699702647
MILO_LW,912,0.009524877968558238
MILO_LW,913,0.01660154138494646
MILO_LW,914,0.010548303299181263
MILO_LW,915,0.010548303299181263
MILO_LW,916,0.008180853743263569
MILO_LW,917,0.006456418740831147
MILO_LW,918,0.010500147304883871
MILO_LW,919,0.00816189907471969
MILO_LW,920,0.014434156771680494
MILO_LW,921,0.022365295819247042
MILO_LW,922,0.024706039336614468
MILO_LW,923,0.013699051125510469
MILO_LW,924,0.009079317264466844
MILO_LW,925,0.008764992158713528
MILO_LW,926,0.011629045026060722
MILO_LW,927,0.01192775571901125
MILO_LW,928,0.024293773306770124
MILO_LW,929,0.024293773306770124
MILO_LW,930,0.008197871884918112
MILO_LW,931,0.006377572539217803
MILO_LW,932,0.02138958431024528
MILO_LW,933,0.009946254799422821
MILO_LW,934,0.010381519777386697
MILO_LW,935,0.010666594180920022
MILO_LW,936,0.0318811998047677
MILO_LW,937,0.028829564538021175
MILO_LW,938,0.014678536170779709
MILO_LW,939,0.01377907142376223
MILO_LW,940,0.01335809377798445
MILO_LW,941,0.012037151833682053
MILO_LW,942,0.00856204681328012
MILO_LW,943,0.015617429493429761
MILO_LW,944,0.013014230397475013
MILO_LW,945,0.015112617983435642
MILO_LW,946,0.02343787923914818
MILO_LW,947,0.02635660267549384
MILO_LW,948,0.017298475902389303
MILO_LW,949,0.02635660267549384
MILO_LW,950,0.0034100224877867077
MILO_LW,951,0.007844287776443649
MILO_LW,952,0.007402201003666663
MILO_LW,953,0.008459217219962949
MILO_LW,954,0.012372401647081267
MILO_LW,955,0.014271696269780601
MILO_LW,956,0.010568576178224402
MILO_LW,957,0.014271696269780601
MILO_LW,958,0.014271696269780601
MILO_LW,959,0.019995635129105013
MILO_LW,960,0.021006047939011695
MILO_LW,961,0.0213815132822702
MILO_LW,962,0.01450141306240616
MILO_LW,963,0.01450141306240616
MILO_LW,964,0.008151594951860625
MILO_LW,965,0.02233551921164588
MILO_LW,966,0.01553082379662891
MILO_LW,967,0.01553082379662891
MILO_LW,968,0.01553082379662891
MILO_LW,969,0.008725256140908019
MILO_LW,970,0.009231993477799075
MILO_LW,971,0.007209244287314009
MILO_LW,972,0.006450314783530521
MILO_LW,973,0.009195848676553138
MILO_LW,974,0.01265582377213656
MILO_LW,975,0.017421183004769986
MILO_LW,976,0.018840332635004335
MILO_LW,977,0.009453322859950859
MILO_LW,978,0.011617994130279424
MILO_LW,979,0.011617994130279424
MILO_LW,980,0.026873795778977836
MILO_LW,981,0.02040038313184086
MILO_LW,982,0.0065489290558195835
MILO_LW,983,0.007180389789193402
MILO_LW,984,0.00719505568265154
MILO_LW,985,0.01585863716348284
MILO_LW,986,0.008747952623929614
MILO_LW,987,0.01353370112006872
MILO_LW,988,0.022406188889766924
MILO_LW,989,0.01291517653589688
MILO_LW,990,0.022111526567573012
MILO_LW,991,0.01918243189356663
MILO_LW,992,0.010712945269453805
MILO_LW,993,0.008708726515580618
MILO_LW,994,0.01620145150946529
MILO_LW,995,0.01620145150946529
MILO_LW,996,0.0037480544590384134
MILO_LW,997,0.02967328541250127
MILO_LW,998,0.033142351694278475
MILO_LW,999,0.02239322033894386
MILO_LW,1000,0.02016060554032124
MILO_LW,1001,0.025074735210611765
MILO_LW,1002,0.015837899091973504
MILO_LW,1003,0.009005325172739284
MILO_LW,1004,0.019165196865758464
MILO_LW,1005,0.0076716426762636096
MILO_LW,1006,0.005305085577855372
MILO_LW,1007,0.008628866890424407
MILO_LW,1008,0.007298309841521796
MILO_LW,1009,0.007042630615782053
MILO_LW,1010,0.011260759297133974
MILO_LW,1011,0.012747107399680532
MILO_LW,1012,0.016957829396032555
MILO_LW,1013,0.009266598350498454
MILO_LW,1014,0.005466137865096687
MILO_LW,1015,0.005466137865096687
MILO_LW,1016,0.007069223094026705
MILO_LW,1017,0.007412547426377142
MILO_LW,1018,0.01092096634078923
MILO_LW,1019,0.01056691911042811
MILO_LW,1020,0.01056691911042811
MILO_LW,1021,0.021054515168209133
MILO_LW,1022,0.009042932317872907
MILO_LW,1023,0.014130884378555463
MILO_LW,1024,0.00832530342177277
MILO_LW,1025,0.01780590003228053
MILO_LW,1026,0.017711711948017735
MILO_LW,1027,0.010252751589952603
MILO_LW,1028,0.01710005388476812
MILO_LW,1029,0.01710005388476812
MILO_LW,1030,0.02818222846861308
MILO_LW,1031,0.007203323535921262
MILO_LW,1032,0.006302029858498748
MILO_LW,1033,0.006270102466888841
MILO_LW,1034,0.008413065880209004
MILO_LW,1035,0.013328068627865819
MILO_LW,1036,0.0105624616383241
MILO_LW,1037,0.005782056998470196
MILO_LW,1038,0.014302050040559157
MILO_LW,1039,0.015249354853355096
MILO_LW,1040,0.010174291849227994
MILO_LW,1041,0.012650108698564356
MILO_LW,1042,0.012352105445837543
MILO_LW,1043,0.012352105445837543
MILO_LW,1044,0.02763510518492794
MILO_LW,1045,0.0188092858692289
MILO_LW,1046,0.030164512188544195
MILO_LW,1047,0.015839556649970943
MILO_LW,1048,0.015839556649970943
MILO_LW,1049,0.029919426430903374
MILO_LW,1050,0.017120994893803188
MILO_LW,1051,0.009588756533682564
MILO_LW,1052,0.013428156470584244
MILO_LW,1053,0.02661785277630133
MILO_LW,1054,0.02661785277630133
MILO_LW,1055,0.015403011109782065
MILO_LW,1056,0.01123258177111519
MILO_LW,1057,0.012273170609531378
MILO_LW,1058,0.012273170609531378
MILO_LW,1059,0.012323469526696459
MILO_LW,1060,0.020529763318781237
MILO_LW,1061,0.020656414831584174
MILO_LW,1062,0.015025537148493332
MILO_LW,1063,0.025068704038013364
MILO_LW,1064,0.027450796617629877
MILO_LW,1065,0.013311721749374774
MILO_LW,1066,0.009393588996212074
MILO_LW,1067,0.010313330577769154
MILO_LW,1068,0.02084661760976309
MILO_LW,1069,0.01829362086570798
MILO_LW,1070,0.017345528318956756
MILO_LW,1071,0.018721812677854596
MILO_LW,1072,0.018721812677854596
MILO_LW,1073,0.02039471591030797
MILO_LW,1074,0.0171148563629069
MILO_LW,1075,0.0171148563629069
MILO_LW,1076,0.011291373603281727
MILO_LW,1077,0.017628238786724714
MILO_LW,1078,0.013129321573780375
MILO_LW,1079,0.006877503645556553
MILO_LW,1080,0.013129321573780375
MILO_LW,1081,0.025024887421531774
MILO_LW,1082,0.022657396778136208
MILO_LW,1083,0.02200841587560631
MILO_LW,1084,0.017656085190381962
MILO_LW,1085,0.02166301841566429
MILO_LW,1086,0.017656085190381962
MILO_LW,1087,0.013249259211975409
MILO_LW,1088,0.013249259211975409
MILO_LW,1089,0.016247910731008973
MILO_LW,1090,0.025494078795117694
MILO_LW,1091,0.011227673097924294
MILO_LW,1092,0.009518344376007922
MILO_LW,1093,0.010466378804617087
MILO_LW,1094,0.009652017021837857
MILO_LW,1095,0.0198124365856409
MILO_LW,1096,0.022188793672754552
MILO_LW,1097,0.017574836812328992
MILO_LW,1098,0.022515488836239765
MILO_LW,1099,0.013806607409304372
MILO_LW,1100,0.018686317949322167
MILO_LW,1101,0.02347581883137444
MILO_LW,1102,0.009218314815907184
MILO_LW,1103,0.018068427497988957
MILO_LW,1104,0.013245534226953397
MILO_LW,1105,0.010291220241274157
MILO_LW,1106,0.012578561516022595
MILO_LW,1107,0.013998860402749422
MILO_LW,1108,0.008845898728002687
MILO_LW,1109,0.008845898728002687
MILO_LW,1110,0.00345264959013241
MILO_LW,1111,0.009386348335022792
MILO_LW,1112,0.00775690297708872
MILO_LW,1113,0.01569139505238071
MILO_LW,1114,0.015958465364334328
MILO_LW,1115,0.019144278961023355
MILO_LW,1116,0.019144278961023355
MILO_LW,1117,0.012873472003647902
MILO_LW,1118,0.019135809003683786
MILO_LW,1119,0.01855012311867368
MILO_LW,1120,0.019135809003683786
MILO_LW,1121,0.022008867770514827
MILO_LW,1122,0.022150948334356168
MILO_LW,1123,0.007111486347148408
MILO_LW,1124,0.0071282681652549106
MILO_LW,1125,0.0076164317990330445
MILO_LW,1126,0.007207270916994504
MILO_LW,1127,0.006230386409235697
MILO_LW,1128,0.010657164692304745
MILO_LW,1129,0.010657164692304745
MILO_LW,1130,0.013638671686166672
MILO_LW,1131,0.008658905548663397
MILO_LW,1132,0.011364144436470838
MILO_LW,1133,0.01898269665278537
MILO_LW,1134,0.025485562461121578
MILO_LW,1135,0.01898269665278537
MILO_LW,1136,0.00788994500948147
MILO_LW,1137,0.014044355776158098
MILO_LW,1138,0.008766572004421968
MILO_LW,1139,0.014044355776158098
MILO_LW,1140,0.006938866835552932
MILO_LW,1141,0.012350955930399749
MILO_LW,1142,0.016281391314974424
MILO_LW,1143,0.013517735505553833
MILO_LW,1144,0.01325648107383506
MILO_LW,1145,0.023302787251027607
MILO_LW,1146,0.022655376373750254
MILO_LW,1147,0.018384148308185275
MILO_LW,1148,0.016795762151356926
MILO_LW,1149,0.011880364120506989
MILO_LW,1150,0.007920490519805933
MILO_LW,1151,0.014022807219534054
MILO_LW,1152,0.013977126614962473
MILO_LW,1153,0.022834104728944433
MILO_LW,1154,0.011687605097903165
MILO_LW,1155,0.006988252024087818
MILO_LW,1156,0.006464107200304847
MILO_LW,1157,0.006306187480613594
MILO_LW,1158,0.006306187480613594
MILO_LW,1159,0.01338551471827812
MILO_LW,1160,0.014112254852327012
MILO_LW,1161,0.010968481521850634
MILO_LW,1162,0.007381035220139356
MILO_LW,1163,0.007396533083498745
MILO_LW,1164,0.007962336708933034
MILO_LW,1165,0.007962336708933034
MILO_LW,1166,0.012078192429038041
MILO_LW,1167,0.02976003375653441
MILO_LW,1168,0.02014237361388867
MILO_LW,1169,0.009321448868026676
MILO_LW,1170,0.017531576973554026
MILO_LW,1171,0.009971948962633414
MILO_LW,1172,0.013925524035635187
MILO_LW,1173,0.013724052042121073
MILO_LW,1174,0.013241910201545179
MILO_LW,1175,0.010426127271804598
MILO_LW,1176,0.012472375435271094
MILO_LW,1177,0.013829646598790657
MILO_LW,1178,0.012472375435271094
MILO_LW,1179,0.017141441688152806
MILO_LW,1180,0.011527446853984118
MILO_LW,1181,0.013499600221170563
MILO_LW,1182,0.011404564799795238
MILO_LW,1183,0.00958925347048973
MILO_LW,1184,0.009616794910586481
MILO_LW,1185,0.00847788034168879
MILO_LW,1186,0.007020501732932695
MILO_LW,1187,0.030640943941368386
MILO_LW,1188,0.023528722065894285
MILO_LW,1189,0.01983182981031697
MILO_LW,1190,0.01983182981031697
MILO_LW,1191,0.01627495629821108
MILO_LW,1192,0.01627495629821108
MILO_LW,1193,0.029893312107317157
MILO_LW,1194,0.01671419257772496
MILO_LW,1195,0.01692607642277585
MILO_LW,1196,0.006946902630334726
MILO_LW,1197,0.007643888012849463
MILO_LW,1198,0.007538659238187274
MILO_LW,1199,0.003674540218630218
MILO_LW,1200,0.01649767826615053
MILO_LW,1201,0.01649767826615053
MILO_LW,1202,0.010372602307469685
MILO_LW,1203,0.007951332595958054
MILO_LW,1204,0.009514328691434265
MILO_LW,1205,0.012348054774283409
MILO_LW,1206,0.011790869471215494
MILO_LW,1207,0.024393719076088952
MILO_LW,1208,0.0169678752519935
MILO_LW,1209,0.013014447161198258
MILO_LW,1210,0.015736671761591246
MILO_LW,1211,0.006529599511639962
MILO_LW,1212,0.00954407869182751
MILO_LW,1213,0.00954407869182751
MILO_LW,1214,0.016353474630802275
MILO_LW,1215,0.027505317264751677
MILO_LW,1216,0.030073680115874125
MILO_LW,1217,0.025628146859973035
MILO_LW,1218,0.013208173311648481
MILO_LW,1219,0.025825817777797598
MILO_LW,1220,0.01202310909971207
MILO_LW,1221,0.008374760237645669
MILO_LW,1222,0.021830019265217732
MILO_LW,1223,0.01346027356665558
MILO_LW,1224,0.004618684620115022
MILO_LW,1225,0.011149201286962986
MILO_LW,1226,0.007571955267022146
MILO_LW,1227,0.007571955267022146
MILO_LW,1228,0.025093801569951113
MILO_LW,1229,0.005247471956767083
MILO_LW,1230,0.004571363864983122
MILO_LW,1231,0.012662965501240344
MILO_LW,1232,0.011713975603547292
MILO_LW,1233,0.017724403278961468
MILO_LW,1234,0.009007039516803993
MILO_LW,1235,0.012524485280854815
MILO_LW,1236,0.013545318102899525
MILO_LW,1237,0.010682798546459074
MILO_LW,1238,0.009861941921002496
MILO_LW,1239,0.00911372454206155
MILO_LW,1240,0.011293231833436114
MILO_LW,1241,0.01125527013290725
MILO_LW,1242,0.016391721306531035
MILO_LW,1243,0.025101412681544664
MILO_LW,1244,0.020132877804814858
MILO_LW,1245,0.00929541520035122
MILO_LW,1246,0.010602755503728226
MILO_LW,1247,0.012938542050526722
MILO_LW,1248,0.012938542050526722
MILO_LW,1249,0.009451335380592944
MILO_LW,1250,0.021454917033820887
MILO_LW,1251,0.011278839538659855
MILO_LW,1252,0.010777880528716014
MILO_LW,1253,0.010777880528716014
MILO_LW,1254,0.016589175798094578
MILO_LW,1255,0.02732538501667184
MILO_LW,1256,0.007440542838304257
MILO_LW,1257,0.009174773747171724
MILO_LW,1258,0.007424045391662951
MILO_LW,1259,0.007767148238165981
MILO_LW,1260,0.017242976538490974
MILO_LW,1261,0.007657987765195815
MILO_LW,1262,0.007534766117479762
MILO_LW,1263,0.007534766117479762
MILO_LW,1264,0.019067149895946874
MILO_LW,1265,0.027821278959739272
MILO_LW,1266,0.008575416365313818
MILO_LW,1267,0.014190469399980412
MILO_LW,1268,0.014918375643270265
MILO_LW,1269,0.014190469399980412
MILO_LW,1270,0.009048278976091742
MILO_LW,1271,0.01846922807342136
MILO_LW,1272,0.018088837655215722
MILO_LW,1273,0.020925376110677914
MILO_LW,1274,0.021405963889488764
MILO_LW,1275,0.006663063503680385
MILO_LW,1276,0.01170730945325935
MILO_LW,1277,0.011667588823466801
MILO_LW,1278,0.007611374894723136
MILO_LW,1279,0.0068489247013131145
MILO_LW,1280,0.006783081748411988
MILO_LW,1281,0.009427064550009115
MILO_LW,1282,0.005970399070243495
MILO_LW,1283,0.010402426441935972
MILO_LW,1284,0.01012022353697689
MILO_LW,1285,0.010402426441935972
MILO_LW,1286,0.019056092186519026
MILO_LW,1287,0.01285185404847536
MILO_LW,1288,0.014254364710490885
MILO_LW,1289,0.014254364710490885
MILO_LW,1290,0.014254364710490885
MILO_LW,1291,0.017547125924117293
MILO_LW,1292,0.011239492774502258
MILO_LW,1293,0.011239492774502258
MILO_LW,1294,0.010100599876175868
MILO_LW,1295,0.014068351991724919
MILO_LW,1296,0.01424437447280814
MILO_LW,1297,0.01797302110460694
MILO_LW,1298,0.028097833460450444
MILO_LW,1299,0.01270595914311881
MILO_LW,1300,0.029459936909756197
MILO_LW,1301,0.0254504721369352
MILO_LW,1302,0.0254504721369352
MILO_LW,1303,0.017564455726681746
MILO_LW,1304,0.018665983344386513
MILO_LW,1305,0.018665983344386513
MILO_LW,1306,0.007588090720027244
MILO_LW,1307,0.012177655209368806
MILO_LW,1308,0.009634204010147569
MILO_LW,1309,0.010842579966910794
MILO_LW,1310,0.01929218049847607
MILO_LW,1311,0.012212114185452578
MILO_LW,1312,0.012212114185452578
MILO_LW,1313,0.038535312306248126
MILO_LW,1314,0.017198591828195737
MILO_LW,1315,0.015189740372735608
MILO_LW,1316,0.006784787446031751
MILO_LW,1317,0.00725080433238428
MILO_LW,1318,0.020074487648952585
MILO_LW,1319,0.009911622123303349
MILO_LW,1320,0.010457463442782753
MILO_LW,1321,0.008862741115824305
MILO_LW,1322,0.007739153561822388
MILO_LW,1323,0.007155585782469017
MILO_LW,1324,0.013849619318210512
MILO_LW,1325,0.0034132583872761614
MILO_LW,1326,0.0069174445771494255
MILO_LW,1327,0.0069174445771494255
MILO_LW,1328,0.010018083745309778
MILO_LW,1329,0.016282733878196752
MILO_LW,1330,0.023962774151068462
MILO_LW,1331,0.032146955097502206
MILO_LW,1332,0.031789721686691814
MILO_LW,1333,0.02460563957540089
MILO_LW,1334,0.02478779581854509
MILO_LW,1335,0.013579269343650613
MILO_LW,1336,0.02478779581854509
MILO_LW,1337,0.020805581861187042
MILO_LW,1338,0.011235441434942
MILO_LW,1339,0.03933844469127218
MILO_LW,1340,0.01537656286134114
MILO_LW,1341,0.03983775836457378
MILO_LW,1342,0.026311309917382605
MILO_LW,1343,0.03835484929658117
MILO_LW,1344,0.04063767427377107
MILO_LW,1345,0.019658866855358094
MILO_LW,1346,0.018489076055911293
MILO_LW,1347,0.003408195662684371
MILO_LW,1348,0.007408931704184652
MILO_LW,1349,0.007408931704184652
MILO_LW,1350,0.005866122873654386
MILO_LW,1351,0.009186996386525599
MILO_LW,1352,0.023334839213802482
MILO_LW,1353,0.023334839213802482
MILO_LW,1354,0.012982267615139343
MILO_LW,1355,0.006541831602266493
MILO_LW,1356,0.006554299796949624
MILO_LW,1357,0.006261055146768142
MILO_LW,1358,0.0068030124500893735
MILO_LW,1359,0.008550798050048644
MILO_LW,1360,0.015488901681885858
MILO_LW,1361,0.009243249912765318
MILO_LW,1362,0.010067683869734674
MILO_LW,1363,0.013505467721370176
MILO_LW,1364,0.013505467721370176
MILO_LW,1365,0.017292598914600388
MILO_LW,1366,0.01574712575169033
MILO_LW,1367,0.011974620387454152
MILO_LW,1368,0.01586712169575945
MILO_LW,1369,0.009856400694274322
MILO_LW,1370,0.0128774934591991
MILO_LW,1371,0.008147912859543686
MILO_LW,1372,0.010771115760816848
MILO_LW,1373,0.010771115760816848
MILO_LW,1374,0.010756883404211322
MILO_LW,1375,0.012661896517540109
MILO_LW,1376,0.015632040209671724
MILO_LW,1377,0.011634472303010474
MILO_LW,1378,0.022528649282846706
MILO_LW,1379,0.010905255266898773
MILO_LW,1380,0.010905255266898773
MILO_LW,1381,0.009903026428601653
MILO_LW,1382,0.017197170425450364
MILO_LW,1383,0.009629947895789817
MILO_LW,1384,0.012365378501567372
MILO_LW,1385,0.011612578469190313
MILO_LW,1386,0.019727707109356354
MILO_LW,1387,0.01101752275862075
MILO_LW,1388,0.010981389034359839
MILO_LW,1389,0.013333394608688764
MILO_LW,1390,0.012054597762705295
MILO_LW,1391,0.014835696862997821
MILO_LW,1392,0.01300394823607981
MILO_LW,1393,0.015231591266052086
MILO_LW,1394,0.01665852380750108
MILO_LW,1395,0.02070102374871047
MILO_LW,1396,0.009368265408691031
MILO_LW,1397,0.010576967852982911
MILO_LW,1398,0.005774615722329004
MILO_LW,1399,0.012192125742708046
MILO_LW,1400,0.012159024999173018
MILO_LW,1401,0.006251471219049183
MILO_LW,1402,0.006682731576104331
MILO_LW,1403,0.017838622315675026
MILO_LW,1404,0.009201781024924551
MILO_LW,1405,0.017838622315675026
MILO_LW,1406,0.011287173987469167
MILO_LW,1407,0.009414461374724908
MILO_LW,1408,0.008916343041260747
MILO_LW,1409,0.008484947152116716
MILO_LW,1410,0.017895930908002795
MILO_LW,1411,0.019420596413637366
MILO_LW,1412,0.017895930908002795
MILO_LW,1413,0.017895930908002795
MILO_LW,1414,0.008633039585797104
MILO_LW,1415,0.005701216069002933
MILO_LW,1416,0.005701216069002933
MILO_LW,1417,0.005701216069002933
MILO_LW,1418,0.011760855842552315
MILO_LW,1419,0.0078017959026463165
MILO_LW,1420,0.015064818176028033
MILO_LW,1421,0.012563559348770575
MILO_LW,1422,0.010883967644016309
MILO_LW,1423,0.013739836096583077
MILO_LW,1424,0.0130248830907892
MILO_LW,1425,0.019416275558343892
MILO_LW,1426,0.00917668170057424
MILO_LW,1427,0.012193865699127844
MILO_LW,1428,0.0033392102420871546
MILO_LW,1429,0.007514567488133764
MILO_LW,1430,0.006224221353692494
MILO_LW,1431,0.0070740965522072055
MILO_LW,1432,0.008672912950578334
MILO_LW,1433,0.02304646430594386
MILO_LW,1434,0.008760670839916909
MILO_LW,1435,0.008760670839916909
MILO_LW,1436,0.01275245023658446
MILO_LW,1437,0.01275245023658446
MILO_LW,1438,0.015331097064856674
MILO_LW,1439,0.00596569764144116
MILO_LW,1440,0.004544266466461148
MILO_LW,1441,0.02136015958807658
MILO_LW,1442,0.003674832995423794
MILO_LW,1443,0.003674832995423794
MILO_LW,1444,0.025881949876810636
MILO_LW,1445,0.019558223277966698
MILO_LW,1446,0.019558223277966698
MILO_LW,1447,0.020831390874738176
MILO_LW,1448,0.020831390874738176
MILO_LW,1449,0.010349725499714864
MILO_LW,1450,0.015894172479160033
MILO_LW,1451,0.015894172479160033
MILO_LW,1452,0.020479686516319758
MILO_LW,1453,0.012253785427501166
MILO_LW,1454,0.014476461523759478
MILO_LW,1455,0.011862238989802988
MILO_LW,1456,0.011862238989802988
MILO_LW,1457,0.012976622691862928
MILO_LW,1458,0.012976622691862928
MILO_LW,1459,0.009030640150958582
MILO_LW,1460,0.012332424573204869
MILO_LW,1461,0.024575260693862604
MILO_LW,1462,0.012288095075771124
MILO_LW,1463,0.011482952614332978
MILO_LW,1464,0.008510689317468532
MILO_LW,1465,0.013298565280872816
MILO_LW,1466,0.006048424939268569
MILO_LW,1467,0.013298565280872816
MILO_LW,1468,0.007157771843130505
MILO_LW,1469,0.006105015624573791
MILO_LW,1470,0.01385008525403275
MILO_LW,1471,0.013145798312871089
MILO_LW,1472,0.013145798312871089
MILO_LW,1473,0.013145798312871089
MILO_LW,1474,0.025641154113863675
MILO_LW,1475,0.02368842470739559
MILO_LW,1476,0.009014382866889466
MILO_LW,1477,0.015061065631039136
MILO_LW,1478,0.01048041013507415
MILO_LW,1479,0.007687517860693849
MILO_LW,1480,0.0107198170424588
MILO_LW,1481,0.0107198170424588
MILO_LW,1482,0.013007594305419777
MILO_LW,1483,0.012645032232596914
MILO_LW,1484,0.008181455193954043
MILO_LW,1485,0.008201495072123683
MILO_LW,1486,0.008181455193954043
MILO_LW,1487,0.010366961840324743
MILO_LW,1488,0.01163450190671173
MILO_LW,1489,0.012672856121052048
MILO_LW,1490,0.012672856121052048
MILO_LW,1491,0.011906222463395809
MILO_LW,1492,0.009435343471134146
MILO_LW,1493,0.009226287088590837
MILO_LW,1494,0.0075031494270098005
MILO_LW,1495,0.005720751708086036
SGD,5,1.0
SGD,6,0.7057289417222655
SGD,7,0.8809495235525866
SGD,8,0.4740296649637507
SGD,9,0.4622630844379576
SGD,10,0.6013339846106553
SGD,11,0.3752785600424052
SGD,12,0.2363957563246688
SGD,13,0.2363957563246688
SGD,14,0.3279031379111249
SGD,15,0.348775507022703
SGD,16,0.9497791707504522
SGD,17,0.9499204252298543
SGD,18,0.29601982518326314
SGD,19,0.5584485357026597
SGD,20,0.40785877597511067
SGD,21,0.2773117982434401
SGD,22,0.3756455756668792
SGD,23,0.3756455756668792
SGD,24,0.09540542073320524
SGD,25,0.1933425606441034
SGD,26,0.276593591901193
SGD,27,0.7393900683428393
SGD,28,0.8854197937885986
SGD,29,0.5438554335293699
SGD,30,0.25269729946915664
SGD,31,0.35934333229007853
SGD,32,0.3152231037517362
SGD,33,0.4633070837216417
SGD,34,0.7272912579703501
SGD,35,1.0260134642543588
SGD,36,0.5568488776925713
SGD,37,0.4268865295081226
SGD,38,0.4236555845631293
SGD,39,0.24590061616544764
SGD,40,0.32517848469895844
SGD,41,0.23263353022570493
SGD,42,0.3124052921915079
SGD,43,0.5102622738439047
SGD,44,0.4280839872112806
SGD,45,0.6483486598885063
SGD,46,0.48483465086504635
SGD,47,0.5592858565758472
SGD,48,0.5918190204495635
SGD,49,0.7935947498624569
SGD,50,0.6334578511872613
SGD,51,0.5200619802716451
SGD,52,0.44221675831892154
SGD,53,0.44221675831892154
SGD,54,0.5872357642438775
SGD,55,0.5872357642438775
SGD,56,0.7860733063142451
SGD,57,0.5267362523714701
SGD,58,0.2480874593142848
SGD,59,0.2236570870609162
SGD,60,0.3856984500245721
SGD,61,0.38217319290817736
SGD,62,0.3604324221661591
SGD,63,0.42619445934937916
SGD,64,0.3757298294939119
SGD,65,0.5070457530592244
SGD,66,0.414297456914622
SGD,67,0.4216797555375323
SGD,68,0.33274092305384056
SGD,69,0.45765472757571873
SGD,70,0.6249211608648159
SGD,71,0.7121316883259521
SGD,72,0.6479916466826711
SGD,73,0.7710442896121699
SGD,74,0.13505152039569954
SGD,75,0.3491046659468047
SGD,76,0.7559392825251604
SGD,77,0.38035587790362707
SGD,78,0.18935723145012795
SGD,79,0.5286634841813118
SGD,80,0.36639737059429367
SGD,81,0.3132937346003731
SGD,82,0.44339818067498526
SGD,83,0.44339818067498526
SGD,84,0.44339818067498526
SGD,85,0.4087717424392833
SGD,86,0.5070850469361747
SGD,87,0.7441406278176713
SGD,88,0.9923131449031583
SGD,89,0.8688320282458513
SGD,90,0.5700663431529921
SGD,91,0.39891602284443045
SGD,92,0.4062506421787689
SGD,93,0.5585287311047031
SGD,94,0.45113746659865944
SGD,95,0.49507334416289944
SGD,96,0.5338355007097787
SGD,97,0.45028537133816554
SGD,98,0.28520697845096404
SGD,99,0.237984766277795
SGD,100,0.40736148643680126
SGD,101,0.7302721066720681
SGD,102,0.9370775051905865
SGD,103,0.9370775051905865
SGD,104,0.9408255539699004
SGD,105,0.40343479622206413
SGD,106,0.40343479622206413
SGD,107,0.5587033227484872
SGD,108,0.5427597795544167
SGD,109,0.33661455116419287
SGD,110,0.39441437517897493
SGD,111,0.8355325813584208
SGD,112,0.782945674289148
SGD,113,0.937580733635764
SGD,114,0.9969636917192497
SGD,115,0.724267430670531
SGD,116,0.3062318264792756
SGD,117,0.344205084710482
SGD,118,0.831457672645214
SGD,119,0.8534486750481053
SGD,120,1.3708291502844705
SGD,121,1.3900565235159426
SGD,122,0.5953794095606755
SGD,123,0.5953794095606755
SGD,124,0.694266856450962
SGD,125,0.7152505145785012
SGD,126,0.6297187636297563
SGD,127,0.9265516174645737
SGD,128,0.4074359762210295
SGD,129,0.38055153092994864
SGD,130,0.9455002290944505
SGD,131,0.5251165273165653
SGD,132,0.8063254881875807
SGD,133,0.5316740128239211
SGD,134,0.7501137075154922
SGD,135,0.7501137075154922
SGD,136,0.7706164769303484
SGD,137,0.5931694797729009
SGD,138,0.5931694797729009
SGD,139,0.38061266442465835
SGD,140,0.36090104043199667
SGD,141,0.3349099648478146
SGD,142,0.36090104043199667
SGD,143,0.4305447380125249
SGD,144,0.40826806051312403
SGD,145,0.34734871791178634
SGD,146,0.34734871791178634
SGD,147,0.688586082662902
SGD,148,0.35992988984116453
SGD,149,0.688586082662902
SGD,150,0.8387441426289111
SGD,151,0.6467734822220073
SGD,152,0.7359521698082839
SGD,153,0.7359521698082839
SGD,154,0.6412982359929703
SGD,155,0.8594553110929423
SGD,156,0.6296780605473052
SGD,157,0.6744991892532999
SGD,158,0.581416248777462
SGD,159,0.581416248777462
SGD,160,0.5226934462738455
SGD,161,0.6808815245628614
SGD,162,0.2927476468061587
SGD,163,0.523858042193146
SGD,164,0.5196243714757445
SGD,165,0.554818084816033
SGD,166,0.6288804114191003
SGD,167,1.0731485918201404
SGD,168,0.4310891566141812
SGD,169,0.32327878695590434
SGD,170,0.6848362614896042
SGD,171,0.4128761150592677
SGD,172,0.4128761150592677
SGD,173,0.34502275474107874
SGD,174,0.2665335920402416
SGD,175,0.41330738172337905
SGD,176,0.42629958085521885
SGD,177,0.39894577611194204
SGD,178,0.9415247395411604
SGD,179,0.9791082384897588
SGD,180,0.6185088388979679
SGD,181,0.3761627494764406
SGD,182,0.2927967050368502
SGD,183,0.4499877867793204
SGD,184,0.5969732166746327
SGD,185,0.556361592024581
SGD,186,0.4655550019111464
SGD,187,0.4291347577138484
SGD,188,0.6065617307736487
SGD,189,1.3222366192849824
SGD,190,0.5888729920193188
SGD,191,1.1277359013293964
SGD,192,0.7476310525103925
SGD,193,0.6525508539933722
SGD,194,0.45708156195411787
SGD,195,0.6429242226117483
SGD,196,0.5176414071943001
SGD,197,0.5176414071943001
SGD,198,0.34081489696409906
SGD,199,0.5549187915369734
SGD,200,0.5181254996823015
SGD,201,0.5549187915369734
SGD,202,0.4683775968832954
SGD,203,0.4683775968832954
SGD,204,0.5862760985208824
SGD,205,0.4565996837156168
SGD,206,0.601775506728834
SGD,207,0.601775506728834
SGD,208,0.6830937982921256
SGD,209,0.7626678890089923
SGD,210,0.7626678890089923
SGD,211,1.219683921269652
SGD,212,0.5046661332909764
SGD,213,1.1114010811527362
SGD,214,1.1114010811527362
SGD,215,1.3102304704431296
SGD,216,0.7948568470430614
SGD,217,0.6767037567722839
SGD,218,0.53129294620704
SGD,219,0.8830494222915373
SGD,220,0.7316986995054322
SGD,221,0.6678963435475788
SGD,222,0.4347044375894246
SGD,223,0.8812305168910362
SGD,224,0.8825238086368085
SGD,225,0.42353636239612785
SGD,226,0.3555888017539503
SGD,227,0.5556574010665668
SGD,228,0.7821390261359381
SGD,229,0.8307720434837771
SGD,230,0.7775143044507142
SGD,231,0.9606871897804784
SGD,232,0.690198875121823
SGD,233,0.9606871897804784
SGD,234,0.6537158655801469
SGD,235,0.6436529581276282
SGD,236,0.720302582485965
SGD,237,0.8451046072555067
SGD,238,0.9045387293843317
SGD,239,0.7790480459165754
SGD,240,0.5235296900938822
SGD,241,0.3956446723540894
SGD,242,0.5907556966328904
SGD,243,0.28262355723056315
SGD,244,0.45273901260524363
SGD,245,0.7287576165886909
SGD,246,0.5318734768294189
SGD,247,0.7736672753482806
SGD,248,0.682840514782612
SGD,249,0.4527807618165889
SGD,250,0.36413154380892593
SGD,251,0.49772271075581936
SGD,252,0.39366014039336694
SGD,253,0.3395611671680463
SGD,254,0.2812628608660841
SGD,255,0.6388059573119378
SGD,256,0.5126453875671191
SGD,257,0.5562392482617569
SGD,258,0.6388059573119378
SGD,259,0.27762346281403094
SGD,260,0.8151676064440083
SGD,261,0.8151676064440083
SGD,262,1.3935865848813345
SGD,263,0.8506680663085405
SGD,264,0.8411802832358631
SGD,265,0.6961553273792093
SGD,266,0.6174013865602429
SGD,267,0.4450048151322651
SGD,268,0.42926513785182757
SGD,269,0.7310254523537937
SGD,270,0.7055423406511234
SGD,271,0.31187300602011914
SGD,272,0.3427530099895999
SGD,273,0.5025828713139148
SGD,274,1.0610651110296838
SGD,275,0.5889192265019253
SGD,276,0.7787127336233762
SGD,277,0.7644755669364279
SGD,278,0.5790354670168676
SGD,279,0.710582897125796
SGD,280,0.5106323870017414
SGD,281,0.6688115299188252
SGD,282,0.5378297686648451
SGD,283,0.5985893173945313
SGD,284,0.9467895292542963
SGD,285,0.7183836108298175
SGD,286,1.0115087471064925
SGD,287,0.3028232206948005
SGD,288,0.649029052531112
SGD,289,0.49988199300148345
SGD,290,0.7114828797470835
SGD,291,0.7181967796730645
SGD,292,0.632749806236907
SGD,293,0.5353928871152965
SGD,294,0.21038224030138503
SGD,295,0.21038224030138503
SGD,296,0.12790530105958328
SGD,297,0.18636131805205267
SGD,298,0.616897166855788
SGD,299,0.4726791887134545
SGD,300,0.34360541715499104
SGD,301,0.44108259717798803
SGD,302,0.44108259717798803
SGD,303,0.4488629131670294
SGD,304,0.6716945580630453
SGD,305,0.6716945580630453
SGD,306,0.40709515628385645
SGD,307,0.2082581813933829
SGD,308,0.6456585361632204
SGD,309,0.5801115623938053
SGD,310,0.5887534608477711
SGD,311,0.44259923978163845
SGD,312,1.8744242742574493
SGD,313,1.5674969027150787
SGD,314,0.6397698650580016
SGD,315,1.0909656297378298
SGD,316,0.5693628015446638
SGD,317,0.4435829900344047
SGD,318,0.2792507932643761
SGD,319,0.3793869854439421
SGD,320,0.41660394899708036
SGD,321,0.41660394899708036
SGD,322,0.6680447947746945
SGD,323,0.36019137642411686
SGD,324,0.5909104129830095
SGD,325,0.35206021254677344
SGD,326,0.6657145054910893
SGD,327,0.5417687434896774
SGD,328,0.5499357287008816
SGD,329,0.5033992229310067
SGD,330,0.6500053398952604
SGD,331,0.7522620739849702
SGD,332,0.32100679968276064
SGD,333,0.32100679968276064
SGD,334,0.5222506589444779
SGD,335,1.066888832079526
SGD,336,1.0405352896003015
SGD,337,0.2922563569407535
SGD,338,0.4609770728871821
SGD,339,0.9713684047401284
SGD,340,0.3679598151805687
SGD,341,0.7425524624584273
SGD,342,0.5843812713185713
SGD,343,0.6645759849521395
SGD,344,0.841319593292512
SGD,345,0.7215137463094413
SGD,346,0.6645759849521395
SGD,347,0.7956601752948176
SGD,348,0.4538685123882916
SGD,349,0.51528356285523
SGD,350,0.8583729168963887
SGD,351,1.1236033074787415
SGD,352,0.8583729168963887
SGD,353,0.5030227117981414
SGD,354,0.5757629199516894
SGD,355,0.6923411281022607
SGD,356,0.8753198642797144
SGD,357,1.483171669198117
SGD,358,0.9178937151271903
SGD,359,0.9185171349077744
SGD,360,0.5108489210829099
SGD,361,0.5171673081585431
SGD,362,0.43608906325847246
SGD,363,0.6828634301998485
SGD,364,0.5757512523457713
SGD,365,0.7436576678274809
SGD,366,0.848041574176191
SGD,367,0.8777455623739621
SGD,368,0.5325258310324389
SGD,369,0.5771391733392495
SGD,370,0.3854105619934103
SGD,371,0.3175365692828959
SGD,372,0.9357561255145744
SGD,373,0.8727766809892946
SGD,374,1.0545879463868013
SGD,375,1.4763370188321967
SGD,376,0.5457433462888539
SGD,377,0.5396799293644584
SGD,378,0.36908390680104913
SGD,379,0.3426788183692315
SGD,380,0.29356857112316653
SGD,381,0.3432371299034092
SGD,382,0.5922891201533
SGD,383,0.7016429562096193
SGD,384,0.9119598984028952
SGD,385,0.5439860063480503
SGD,386,0.2015524697236123
SGD,387,0.3643202369890236
SGD,388,0.42141391191324734
SGD,389,0.5109786611285423
SGD,390,0.7433681250022235
SGD,391,0.6296926757546545
SGD,392,0.44503210492931855
SGD,393,1.1092890387574312
SGD,394,0.7255221779219178
SGD,395,0.5544065164199834
SGD,396,1.1118505340360811
SGD,397,1.1118505340360811
SGD,398,0.40853964345936883
SGD,399,0.475659223227719
SGD,400,0.7126504016585932
SGD,401,0.5763344952189895
SGD,402,0.8188872938311061
SGD,403,0.8295013345214145
SGD,404,0.8462901106757045
SGD,405,0.7447534192126803
SGD,406,0.47588180507060723
SGD,407,0.5544937710616819
SGD,408,0.3101902317118594
SGD,409,0.3101902317118594
SGD,410,0.4363470294775705
SGD,411,0.5650445776318277
SGD,412,1.1805829712976699
SGD,413,1.164696509467124
SGD,414,1.0263277594316755
SGD,415,0.9383095367767612
SGD,416,0.4332054951994095
SGD,417,0.9383095367767612
SGD,418,0.6397767854563675
SGD,419,0.2103134365497861
SGD,420,0.36312742452684527
SGD,421,0.4989334777041734
SGD,422,0.4871559141558653
SGD,423,0.914445037132893
SGD,424,0.914445037132893
SGD,425,0.7750650225088374
SGD,426,0.7750650225088374
SGD,427,0.4147913104540778
SGD,428,0.4147913104540778
SGD,429,0.8296403339237052
SGD,430,1.2058505784043716
SGD,431,1.110319819739175
SGD,432,0.8005548186475124
SGD,433,0.7131653805236529
SGD,434,0.865796365543853
SGD,435,0.688757813810358
SGD,436,0.37282499367297944
SGD,437,0.43273331249522357
SGD,438,0.8469179585968105
SGD,439,0.7673569645292707
SGD,440,0.8386720240614848
SGD,441,0.7434379427963211
SGD,442,1.2329083988019158
SGD,443,1.2329083988019158
SGD,444,1.186193901637376
SGD,445,0.9460136598780786
SGD,446,0.8560647497895253
SGD,447,0.9703233375475065
SGD,448,0.9529086149431847
SGD,449,0.42692975512988524
SGD,450,0.3450365947203073
SGD,451,0.8233676918684006
SGD,452,0.8233676918684006
SGD,453,0.6480624451337031
SGD,454,1.2600924393773238
SGD,455,0.5787558797152501
SGD,456,0.5787558797152501
SGD,457,0.6080167436665144
SGD,458,0.7904595580915905
SGD,459,0.7904595580915905
SGD,460,0.823774804860463
SGD,461,1.2235610912499675
SGD,462,0.7044355060461613
SGD,463,0.3138838725372286
SGD,464,0.5009035789011762
SGD,465,0.7018902925233045
SGD,466,1.2347517001643098
SGD,467,0.543962806239836
SGD,468,0.37708823268933356
SGD,469,0.33477569830185316
SGD,470,0.39713082575621994
SGD,471,1.0956366330434197
SGD,472,1.4123765054763526
SGD,473,0.6871184120655425
SGD,474,0.7229747841689124
SGD,475,0.4816042686412366
SGD,476,0.5473316443682814
SGD,477,0.224202549416845
SGD,478,0.224202549416845
SGD,479,0.5159653660167742
SGD,480,0.450731651779197
SGD,481,0.8659161708510658
SGD,482,1.0574373972293654
SGD,483,1.1981590846021661
SGD,484,1.3901365995871062
SGD,485,1.1484578064033735
SGD,486,0.5205256332064505
SGD,487,0.5205256332064505
SGD,488,0.8720375962265351
SGD,489,0.8854269346286034
SGD,490,0.6679376072406971
SGD,491,0.3759136484317776
SGD,492,0.33046927347803406
SGD,493,0.398940199463096
SGD,494,0.398940199463096
SGD,495,0.5511280424545127
SGD,496,0.6332641585608406
SGD,497,0.3355119487106464
SGD,498,0.4317165898794639
SGD,499,0.873968250132077
SGD,500,0.9801579079573582
SGD,501,0.8780959213801914
SGD,502,0.972990752223235
SGD,503,0.8746720327746794
SGD,504,0.4210977143264151
SGD,505,0.7961643055608811
SGD,506,0.7961643055608811
SGD,507,0.523003452701568
SGD,508,0.7087266233743965
SGD,509,0.4211079457557643
SGD,510,0.3742220779219333
SGD,511,0.44518093476530385
SGD,512,0.45052889210769503
SGD,513,0.5866313275485591
SGD,514,0.7538045707903488
SGD,515,1.0256499651903528
SGD,516,0.7397551611821451
SGD,517,0.7397551611821451
SGD,518,0.7397551611821451
SGD,519,0.3900906110993393
SGD,520,0.6459979283733702
SGD,521,0.6370626073453776
SGD,522,0.49186320884335855
SGD,523,0.4120738579520529
SGD,524,0.2677170630605029
SGD,525,0.2464016195975654
SGD,526,0.2995404062478715
SGD,527,0.3692150098141143
SGD,528,0.3749224006747222
SGD,529,0.4675499490158878
SGD,530,1.1409168542569028
SGD,531,0.8545914487766721
SGD,532,0.9442148115524566
SGD,533,0.43277950158484874
SGD,534,0.8308142807579371
SGD,535,1.1226013963672452
SGD,536,1.400858528367671
SGD,537,0.8067722861119699
SGD,538,0.9619998078358596
SGD,539,0.9619998078358596
SGD,540,1.3085256420810032
SGD,541,0.4111216221032741
SGD,542,0.4495073658765247
SGD,543,0.41520401259504414
SGD,544,0.3825994896444448
SGD,545,0.7611872823742122
SGD,546,0.8593467661399576
SGD,547,0.8666705526777558
SGD,548,1.1292225850868185
SGD,549,1.0013520358158894
SGD,550,0.2209969756239822
SGD,551,0.2968574628940214
SGD,552,0.3028724978110047
SGD,553,1.178560600717517
SGD,554,0.527848807741263
SGD,555,0.43958016151681384
SGD,556,0.5130057233975343
SGD,557,0.35772444245152635
SGD,558,0.41948907028589255
SGD,559,0.8049084418188546
SGD,560,0.8049084418188546
SGD,561,0.5216508757436749
SGD,562,0.6197054938868491
SGD,563,0.6197054938868491
SGD,564,0.7033113078289451
SGD,565,0.7126517210595527
SGD,566,0.5558714474736118
SGD,567,0.5558714474736118
SGD,568,0.48598359418872084
SGD,569,0.39471598554767984
SGD,570,0.6171690139903501
SGD,571,0.5945762635520793
SGD,572,0.7348047546925697
SGD,573,0.8702642095467705
SGD,574,1.1876376731739118
SGD,575,0.6420649253757422
SGD,576,0.41715309659465605
SGD,577,0.8825818735934265
SGD,578,0.8511877021403806
SGD,579,1.2489092019815327
SGD,580,0.7509516829218191
SGD,581,0.5302822979167083
SGD,582,0.7509516829218191
SGD,583,0.5123282047760437
SGD,584,0.4966416866319012
SGD,585,0.4864331630601314
SGD,586,0.49371428408772716
SGD,587,0.9263411673037788
SGD,588,0.6278059435258405
SGD,589,0.7270016492537055
SGD,590,0.6961745050567487
SGD,591,0.3645561770318239
SGD,592,0.3645561770318239
SGD,593,0.8131358318107608
SGD,594,0.7769956191895008
SGD,595,0.49604442691513645
SGD,596,0.6055048289066198
SGD,597,0.7351712400933255
SGD,598,0.9623790491808761
SGD,599,0.8994485184963548
SGD,600,0.4088028551138791
SGD,601,0.7920045975061227
SGD,602,0.6626519240156981
SGD,603,0.6836075582636294
SGD,604,0.48993316526307856
SGD,605,0.2824327214285831
SGD,606,0.2824327214285831
SGD,607,0.36208515403072083
SGD,608,0.6824883524362981
SGD,609,0.4349770938206682
SGD,610,0.4033144215592856
SGD,611,0.66244361976062
SGD,612,0.9788227299637583
SGD,613,0.5439707439933666
SGD,614,0.7234342287139285
SGD,615,0.8503229566962069
SGD,616,0.7867484578508218
SGD,617,0.7509629544871373
SGD,618,0.7086083673094652
SGD,619,0.37751278922653986
SGD,620,0.6722928182339283
SGD,621,0.7852894689086579
SGD,622,0.25554595971912725
SGD,623,0.7950237508221019
SGD,624,0.7702933064058137
SGD,625,0.5293800500430949
SGD,626,0.7745392708169705
SGD,627,0.2560926629004818
SGD,628,0.6416244007790839
SGD,629,0.4031919715221258
SGD,630,1.270919318248439
SGD,631,0.629992966841996
SGD,632,0.9055162321390309
SGD,633,0.6091701541111814
SGD,634,0.4059593593004276
SGD,635,0.6343906770820872
SGD,636,0.7105771258480427
SGD,637,1.106239422682159
SGD,638,0.620729141476737
SGD,639,0.6869267220447015
SGD,640,0.9534810616026225
SGD,641,1.2326925021124584
SGD,642,1.1795930594894881
SGD,643,0.7655038850947466
SGD,644,0.6750303276723807
SGD,645,0.18532252518222403
SGD,646,0.7642119428984768
SGD,647,1.088132936782667
SGD,648,1.0107174977775173
SGD,649,0.8937515810538983
SGD,650,0.8320863345850634
SGD,651,0.5735773346019928
SGD,652,0.6117420053583871
SGD,653,0.6117420053583871
SGD,654,0.8631285588348346
SGD,655,0.38179521531015187
SGD,656,0.47273977207283174
SGD,657,0.48360319638044424
SGD,658,0.7829652587496178
SGD,659,0.534516327868499
SGD,660,0.498025906068753
SGD,661,0.498025906068753
SGD,662,0.6102851996064901
SGD,663,1.1174428876708027
SGD,664,0.8295401393005835
SGD,665,0.45697356892472485
SGD,666,0.9764963800889925
SGD,667,0.615418093063745
SGD,668,0.4796837014297305
SGD,669,1.0439647321690955
SGD,670,0.7527491357414609
SGD,671,0.4479187212110108
SGD,672,0.6946699323966224
SGD,673,1.1521788211895307
SGD,674,0.793391924115147
SGD,675,1.1877291363474136
SGD,676,0.4074277326118349
SGD,677,0.9884537222580073
SGD,678,0.36889822919648646
SGD,679,0.4252730020973484
SGD,680,0.5793917022347244
SGD,681,0.5826213746622583
SGD,682,0.30680544060603376
SGD,683,0.30680544060603376
SGD,684,0.5119476509358093
SGD,685,0.6107024368348966
SGD,686,0.8737796976665985
SGD,687,1.0559595446192016
SGD,688,0.9490066529005539
SGD,689,0.9303471456055774
SGD,690,1.3825972233486032
SGD,691,0.49056764178510986
SGD,692,0.7270920743562589
SGD,693,0.2680121745578058
SGD,694,0.25866047395687597
SGD,695,0.8760503843351672
SGD,696,0.38372533279191257
SGD,697,0.38372533279191257
SGD,698,0.5747405974462225
SGD,699,1.0164502465197638
SGD,700,0.9219170317280634
SGD,701,1.2274877003451312
SGD,702,0.6566828413644227
SGD,703,0.7526076687281903
SGD,704,1.8577397422706676
SGD,705,1.3730105648200746
SGD,706,1.3954504309305178
SGD,707,0.6393576932008336
SGD,708,1.1293775199211349
SGD,709,0.9349924464639472
SGD,710,0.3707455347681023
SGD,711,0.42294086275297516
SGD,712,0.5716430046733004
SGD,713,0.5416542344817089
SGD,714,0.8945150359878435
SGD,715,0.8945150359878435
SGD,716,1.2414883490495505
SGD,717,1.2280387842863583
SGD,718,0.9129533242533193
SGD,719,0.9129533242533193
SGD,720,1.4839728694356402
SGD,721,1.1098570621622075
SGD,722,0.7963096748630202
SGD,723,0.8818792939140274
SGD,724,0.8118630260350624
SGD,725,0.56547795265582
SGD,726,1.0997795884977903
SGD,727,0.5297754435008053
SGD,728,0.3183927438060962
SGD,729,0.8328109623701441
SGD,730,0.6014834052507427
SGD,731,0.9458285807044529
SGD,732,0.4104841889083914
SGD,733,1.0071728060627554
SGD,734,0.44356448248289193
SGD,735,0.5373669905521012
SGD,736,0.4185631074382006
SGD,737,0.4185631074382006
SGD,738,0.30735501699640455
SGD,739,0.38703547381163333
SGD,740,0.6193311639694802
SGD,741,0.731266696118499
SGD,742,0.731266696118499
SGD,743,0.8512432910748807
SGD,744,0.6652717982157498
SGD,745,0.7016388338411439
SGD,746,0.7016388338411439
SGD,747,1.049779867148011
SGD,748,1.4952906104586867
SGD,749,0.8854474305712965
SGD,750,0.8554569982664961
SGD,751,0.9137623253621168
SGD,752,1.016378421693066
SGD,753,0.7755122253838382
SGD,754,0.31798626210669156
SGD,755,0.32333976679399357
SGD,756,0.8659971601065178
SGD,757,0.5434552757462118
SGD,758,0.8058193469785327
SGD,759,0.41308055596406545
SGD,760,0.30221800846279934
SGD,761,0.2599382214824235
SGD,762,0.4981774063750617
SGD,763,0.6270350676199665
SGD,764,1.482171356139479
SGD,765,1.482171356139479
SGD,766,1.482171356139479
SGD,767,1.14093767391443
SGD,768,1.0689810117580358
SGD,769,0.7944623872897656
SGD,770,0.3884215540154808
SGD,771,0.3201333303320522
SGD,772,0.34604453601040885
SGD,773,0.2702747332611016
SGD,774,0.4499646482007819
SGD,775,0.660193404227852
SGD,776,1.1337692242989401
SGD,777,0.6427635171614159
SGD,778,0.6776272798558602
SGD,779,0.4159531774051225
SGD,780,0.34512442198282706
SGD,781,0.34512442198282706
SGD,782,0.29726442451002916
SGD,783,0.45126245663634856
SGD,784,0.45126245663634856
SGD,785,0.43744920061524273
SGD,786,0.2868849397722569
SGD,787,0.5968933508637916
SGD,788,0.6392748425657001
SGD,789,0.5199655111484721
SGD,790,0.4531425779425464
SGD,791,0.6714591565953051
SGD,792,0.7469549407035138
SGD,793,1.015268776248211
SGD,794,0.9006449978576044
SGD,795,0.5975185727402229
SGD,796,0.3355370228434602
SGD,797,0.2706769522328672
SGD,798,0.3628880942710204
SGD,799,0.543839019369953
SGD,800,0.732543234511804
SGD,801,0.9011713127513163
SGD,802,0.6066945389967684
SGD,803,0.4459918795606831
SGD,804,0.637787312936074
SGD,805,0.6379520401467974
SGD,806,1.1580781438620278
SGD,807,0.5550283672720694
SGD,808,0.6472254230455695
SGD,809,0.5218317380213973
SGD,810,0.8941972896282265
SGD,811,0.7373809308901375
SGD,812,0.27641161597443137
SGD,813,0.5694341977990295
SGD,814,0.5694341977990295
SGD,815,1.7067874228037883
SGD,816,0.5694341977990295
SGD,817,0.2858663596056766
SGD,818,0.2949892414543476
SGD,819,0.4705018922780209
SGD,820,0.3971580343260917
SGD,821,0.33825828184024803
SGD,822,0.4502149119192006
SGD,823,0.32369701899893344
SGD,824,0.4502149119192006
SGD,825,0.6950646605227894
SGD,826,0.9149684331037182
SGD,827,0.9149684331037182
SGD,828,0.32422990175243976
SGD,829,0.8357311230919808
SGD,830,0.5406605998232364
SGD,831,0.24034337126022462
SGD,832,0.22793015403995287
SGD,833,0.3862001304164653
SGD,834,0.6828050848573641
SGD,835,0.6343124035635944
SGD,836,0.7554573492597888
SGD,837,0.5761116393273422
SGD,838,0.561516579140107
SGD,839,0.6038918960217308
SGD,840,0.6878822019487695
SGD,841,0.4742114700357376
SGD,842,0.4742114700357376
SGD,843,0.4630080429298943
SGD,844,0.6927177820495459
SGD,845,0.7091599483136399
SGD,846,0.7964872477459406
SGD,847,0.8282604772401253
SGD,848,1.0034296719562745
SGD,849,1.6536288990146648
SGD,850,1.2150716266433028
SGD,851,1.008990262226533
SGD,852,1.094675688499573
SGD,853,0.9750649693605823
SGD,854,0.6801691694222156
SGD,855,0.8787284224644513
SGD,856,0.4516143235329039
SGD,857,0.47652611962362496
SGD,858,0.3108273883304711
SGD,859,1.231330072643268
SGD,860,0.7928240971874426
SGD,861,0.5588977712391971
SGD,862,0.5762330142182611
SGD,863,0.45116571823095925
SGD,864,0.5286463074115811
SGD,865,1.0489152745331771
SGD,866,1.1819191321310025
SGD,867,1.428753192749054
SGD,868,1.428753192749054
SGD,869,1.428753192749054
SGD,870,0.9503550804476321
SGD,871,1.1871674629133049
SGD,872,0.9503550804476321
SGD,873,0.8780055130794916
SGD,874,0.5790993511357717
SGD,875,0.5790993511357717
SGD,876,0.5790993511357717
SGD,877,0.7461840373674853
SGD,878,0.7303511220932778
SGD,879,0.7329604179477678
SGD,880,0.846271417702335
SGD,881,0.846271417702335
SGD,882,0.925075745202487
SGD,883,0.8509395768580946
SGD,884,0.346690744167557
SGD,885,0.9232624587320523
SGD,886,0.6940917175720626
SGD,887,0.4436603078478224
SGD,888,0.45297355030655906
SGD,889,1.0000719668561888
SGD,890,0.6440461941670226
SGD,891,0.7118618050700636
SGD,892,0.6391436532456231
SGD,893,0.6391436532456231
SGD,894,0.6391436532456231
SGD,895,0.6146414758078932
SGD,896,0.8543703906953855
SGD,897,0.7714950347726172
SGD,898,0.9977083584041985
SGD,899,0.7369487425560796
SGD,900,0.8113141331736503
SGD,901,0.9471827022283671
SGD,902,1.0163849220016536
SGD,903,0.5842661485969625
SGD,904,0.6451153403676322
SGD,905,0.35161708419763565
SGD,906,0.29105076352830606
SGD,907,0.5022977702211205
SGD,908,0.378103055013617
SGD,909,0.5206831143084818
SGD,910,0.34991183107783314
SGD,911,0.4784535115423354
SGD,912,0.5053061009790715
SGD,913,0.40607166715065196
SGD,914,1.0753211332824453
SGD,915,1.365572980912439
SGD,916,1.8708860106351155
SGD,917,1.065700294447354
SGD,918,0.5730196285630882
SGD,919,0.5049064582176203
SGD,920,0.45018661950095107
SGD,921,0.45018661950095107
SGD,922,0.7402491376785103
SGD,923,1.0887864909846692
SGD,924,0.6577333198415165
SGD,925,0.9713435451229008
SGD,926,1.384069101428901
SGD,927,1.192996665618933
SGD,928,0.5235604985712972
SGD,929,0.9869916469639548
SGD,930,0.9722107133173014
SGD,931,0.4998664664086036
SGD,932,0.6272008440376323
SGD,933,0.4632383634583767
SGD,934,1.418000443851081
SGD,935,1.418000443851081
SGD,936,1.2161592208387997
SGD,937,0.8233192249043988
SGD,938,0.6330864602666249
SGD,939,0.7739514808497507
SGD,940,0.40724680820742865
SGD,941,0.38933356707001043
SGD,942,0.38180978108968394
SGD,943,0.5590966362862557
SGD,944,0.5590966362862557
SGD,945,0.7859228974002882
SGD,946,0.3461151601320129
SGD,947,0.2935760659646969
SGD,948,0.7743737177848391
SGD,949,0.7743737177848391
SGD,950,0.7161798656858334
SGD,951,0.7620493097939087
SGD,952,0.5539813404521863
SGD,953,0.7980172915921576
SGD,954,0.9280486898246498
SGD,955,1.039392872699564
SGD,956,0.5302785337126974
SGD,957,0.6073024965265094
SGD,958,0.4840527309093277
SGD,959,0.45763952184295853
SGD,960,0.4783520068609072
SGD,961,0.5656933894519246
SGD,962,0.6297366970819029
SGD,963,0.5815354253764061
SGD,964,0.5815354253764061
SGD,965,0.761306602011473
SGD,966,0.7671562598032452
SGD,967,0.5439913587461804
SGD,968,0.38973793486593145
SGD,969,0.6881408524333332
SGD,970,0.3247523939153102
SGD,971,0.4349090373320619
SGD,972,0.643247742283473
SGD,973,0.5286603333399122
SGD,974,0.32074543076955386
SGD,975,0.5286603333399122
SGD,976,0.36971072904901753
SGD,977,0.43507907404988844
SGD,978,0.7099894081701139
SGD,979,0.7099894081701139
SGD,980,0.959398343488819
SGD,981,0.899434934880136
SGD,982,0.6287098958881084
SGD,983,0.7798929213112811
SGD,984,1.8385664995172883
SGD,985,1.2737240981963054
SGD,986,0.8788606920180079
SGD,987,0.8515591455885585
SGD,988,0.5365398539054747
SGD,989,0.5063641886171453
SGD,990,0.6836850265962955
SGD,991,0.7742711371842004
SGD,992,0.7742711371842004
SGD,993,0.6354327770739069
SGD,994,0.618588287297978
SGD,995,0.618588287297978
SGD,996,0.8313621355803121
SGD,997,0.5991036724785859
SGD,998,0.957624522836747
SGD,999,1.1497463101632794
SGD,1000,0.5285641953828418
SGD,1001,0.7317582187779221
SGD,1002,0.8593811822677734
SGD,1003,0.7243133334336095
SGD,1004,0.5545635948026914
SGD,1005,0.4500054923826541
SGD,1006,0.7886784268301505
SGD,1007,0.7886784268301505
SGD,1008,0.4823433230983391
SGD,1009,0.7547598008867596
SGD,1010,0.9060534060257077
SGD,1011,0.5204961280347996
SGD,1012,1.3082838125965548
SGD,1013,0.4217773890368656
SGD,1014,0.5366185741465587
SGD,1015,0.43257300876191024
SGD,1016,0.43257300876191024
SGD,1017,0.4544050556524507
SGD,1018,0.6343561661350894
SGD,1019,0.42520131902550967
SGD,1020,0.63013352520101
SGD,1021,0.5097512762930676
SGD,1022,0.4119676475072336
SGD,1023,0.3589809421696874
SGD,1024,0.45406979105162887
SGD,1025,0.43215416890351854
SGD,1026,0.7949211936497153
SGD,1027,0.6353029596706726
SGD,1028,0.6901983496907157
SGD,1029,0.8301519544545248
SGD,1030,0.5131188777922733
SGD,1031,0.3686570727055391
SGD,1032,0.7098109802270456
SGD,1033,0.7720195609462186
SGD,1034,0.8598182923272968
SGD,1035,0.6193383095739226
SGD,1036,0.61917186318405
SGD,1037,0.6383918101149608
SGD,1038,0.810688336166841
SGD,1039,0.7959379662259966
SGD,1040,0.7357108315268275
SGD,1041,0.2979348068998289
SGD,1042,0.4331494897241998
SGD,1043,0.8356327674282327
SGD,1044,1.3260650740781426
SGD,1045,1.2834500967167326
SGD,1046,0.8687557185014372
SGD,1047,1.318504733394823
SGD,1048,0.45882111132674
SGD,1049,0.8263009315167975
SGD,1050,0.728831777797169
SGD,1051,0.728831777797169
SGD,1052,0.5783334598583999
SGD,1053,0.8534835968979035
SGD,1054,0.830701787708589
SGD,1055,0.7377781714098335
SGD,1056,0.5040131136723833
SGD,1057,1.1574038351401046
SGD,1058,0.9624814471148645
SGD,1059,1.0917152561458356
SGD,1060,1.2752862730192192
SGD,1061,0.7595470783567316
SGD,1062,0.6972877506254582
SGD,1063,0.8122594504373467
SGD,1064,0.5766059171835705
SGD,1065,0.5766059171835705
SGD,1066,1.5966598540915264
SGD,1067,2.3295966925899445
SGD,1068,1.2212358763455406
SGD,1069,1.174146483168142
SGD,1070,1.2232022556189588
SGD,1071,0.8860969102530549
SGD,1072,0.3732606885375906
SGD,1073,0.5207414997611194
SGD,1074,0.6806916810682303
SGD,1075,0.5419709203782531
SGD,1076,0.58293156187669
SGD,1077,0.7608462815076958
SGD,1078,1.0049361353782644
SGD,1079,0.7371463425440762
SGD,1080,0.6503570412374848
SGD,1081,0.632961976149016
SGD,1082,0.7670162504102112
SGD,1083,0.7921271517079868
SGD,1084,0.7068181767959334
SGD,1085,0.8648359121584087
SGD,1086,0.8994144058068017
SGD,1087,1.568096513483712
SGD,1088,1.6985119748595168
SGD,1089,0.43395201477123624
SGD,1090,1.2892003498185303
SGD,1091,0.8058372705834987
SGD,1092,0.8058372705834987
SGD,1093,0.8058372705834987
SGD,1094,0.8776421807345524
SGD,1095,0.6067680296855855
SGD,1096,0.4878765534462338
SGD,1097,0.20737675537308312
SGD,1098,0.20737675537308312
SGD,1099,1.2342529025150528
SGD,1100,0.5363330862463009
SGD,1101,0.4751800114022676
SGD,1102,0.6171671784852428
SGD,1103,1.0537618110836648
SGD,1104,0.6653820940565847
SGD,1105,0.8697025796829123
SGD,1106,0.8697025796829123
SGD,1107,0.6653820940565847
SGD,1108,1.2594766856556225
SGD,1109,0.5164277289605079
SGD,1110,0.5051486894721845
SGD,1111,0.3019000685119776
SGD,1112,0.6233446570397765
SGD,1113,0.5149972933353072
SGD,1114,0.8138035100619493
SGD,1115,0.8737531971990408
SGD,1116,0.7227592721162596
SGD,1117,1.1414437369226846
SGD,1118,1.1414437369226846
SGD,1119,0.6602607430380503
SGD,1120,0.738962887137761
SGD,1121,0.2888959872653024
SGD,1122,0.3704654090853082
SGD,1123,1.0055184014523861
SGD,1124,0.3110995141196551
SGD,1125,0.3931736261003913
SGD,1126,1.0108166736468438
SGD,1127,0.5921540863212285
SGD,1128,0.540423897598316
SGD,1129,0.32669192704550765
SGD,1130,0.6036390436466149
SGD,1131,0.7406479977596051
SGD,1132,0.690615874423729
SGD,1133,0.6411814293431188
SGD,1134,0.6411814293431188
SGD,1135,1.092147480192466
SGD,1136,0.937930586470314
SGD,1137,0.39294822436845794
SGD,1138,0.39294822436845794
SGD,1139,0.4008169891657373
SGD,1140,0.4099976422717272
SGD,1141,0.5768321595575475
SGD,1142,0.6587103381257648
SGD,1143,0.5305803221279916
SGD,1144,0.945677643720077
SGD,1145,1.0654174771949574
SGD,1146,0.33235863567849566
SGD,1147,0.41160438091242957
SGD,1148,0.7139117299587786
SGD,1149,0.8387984505152449
SGD,1150,0.3576222236671151
SGD,1151,0.3576222236671151
SGD,1152,0.30161486545378924
SGD,1153,0.7251965428481693
SGD,1154,0.7251965428481693
SGD,1155,0.4916931881138408
SGD,1156,0.36003443800949514
SGD,1157,0.7394643762215514
SGD,1158,0.4555582246657857
SGD,1159,0.8756109459611856
SGD,1160,1.0441670354763435
SGD,1161,0.9408698358934274
SGD,1162,0.6102416211251874
SGD,1163,0.6102416211251874
SGD,1164,0.5063991917639756
SGD,1165,0.4467237389587348
SGD,1166,0.2752030306070329
SGD,1167,0.21841565848383954
SGD,1168,0.21841565848383954
SGD,1169,0.29084275156434586
SGD,1170,0.3837985553907918
SGD,1171,0.6391770765465283
SGD,1172,0.7382553752776824
SGD,1173,0.9193387101726677
SGD,1174,0.5688264271778042
SGD,1175,0.9908766642581444
SGD,1176,0.868359161535528
SGD,1177,0.9175491678681944
SGD,1178,0.7693309789591155
SGD,1179,0.8900063690578298
SGD,1180,0.5163074951329998
SGD,1181,0.5163074951329998
SGD,1182,0.37163968665229086
SGD,1183,0.7695558432074971
SGD,1184,0.6104665180917495
SGD,1185,0.8010087000827711
SGD,1186,0.6577192400936199
SGD,1187,0.9436275246582426
SGD,1188,0.8507786414993064
SGD,1189,0.6735140377579162
SGD,1190,0.4528321359764475
SGD,1191,0.4528321359764475
SGD,1192,0.22123343014005897
SGD,1193,0.25007448482596145
SGD,1194,0.4731658949316072
SGD,1195,0.7223473167175275
SGD,1196,0.6410111478936992
SGD,1197,0.4412242830598783
SGD,1198,0.8568301828268627
SGD,1199,0.6738797674711372
SGD,1200,0.930568622395783
SGD,1201,0.5033126388606094
SGD,1202,0.9274953447719069
SGD,1203,0.5033126388606094
SGD,1204,0.5400630823191876
SGD,1205,0.5671748582558461
SGD,1206,0.4494423960927258
SGD,1207,1.8228303229384755
SGD,1208,0.7492299316098641
SGD,1209,0.44134475863078254
SGD,1210,0.363985191919718
SGD,1211,0.8882432239473339
SGD,1212,0.5508277357826867
SGD,1213,0.9889512050940458
SGD,1214,0.5174202897850777
SGD,1215,0.5698133369586669
SGD,1216,0.6276478400042587
SGD,1217,0.722619478807081
SGD,1218,0.722619478807081
SGD,1219,1.13343128839127
SGD,1220,1.13343128839127
SGD,1221,1.3582406300032603
SGD,1222,0.9914848188527494
SGD,1223,1.4916305012243831
SGD,1224,1.3851259710364028
SGD,1225,0.9087625149517299
SGD,1226,1.070018519452458
SGD,1227,1.1753142007482305
SGD,1228,0.9049981394641161
SGD,1229,0.9049981394641161
SGD,1230,0.6483894551782436
SGD,1231,0.8296416103405987
SGD,1232,0.6022438462398702
SGD,1233,0.9809196279811548
SGD,1234,0.690979968492217
SGD,1235,0.6160458362165312
SGD,1236,1.470749029927484
SGD,1237,1.138159605310695
SGD,1238,0.786445397649241
SGD,1239,0.8148708821292908
SGD,1240,0.6153274058849709
SGD,1241,0.7894182588376023
SGD,1242,0.7017866006789136
SGD,1243,0.3016451662927597
SGD,1244,0.3016451662927597
SGD,1245,0.6690818393696973
SGD,1246,1.1039007891320562
SGD,1247,0.927510430058568
SGD,1248,0.767769123429232
SGD,1249,0.996331526509293
SGD,1250,0.996331526509293
SGD,1251,0.9304785797568069
SGD,1252,0.3219147371115437
SGD,1253,0.5110005030156585
SGD,1254,0.8610541772916085
SGD,1255,0.8161491949116815
SGD,1256,0.924047615568613
SGD,1257,0.924047615568613
SGD,1258,0.924047615568613
SGD,1259,0.9541967270256841
SGD,1260,1.3717150200921153
SGD,1261,0.6697714392621062
SGD,1262,0.8384678719640386
SGD,1263,0.5811453868740694
SGD,1264,0.5893362684569544
SGD,1265,0.45950018193851727
SGD,1266,0.28342239775269795
SGD,1267,0.8516508446896868
SGD,1268,0.8398670774507743
SGD,1269,0.8318955474169741
SGD,1270,0.9733897763467622
SGD,1271,1.8186956955505647
SGD,1272,1.0048523259953057
SGD,1273,1.6694556210338876
SGD,1274,0.6246143130212602
SGD,1275,0.5698872844511029
SGD,1276,0.705041260794048
SGD,1277,0.4060323336255633
SGD,1278,0.5195793778977632
SGD,1279,0.552009527206741
SGD,1280,0.991340025776916
SGD,1281,0.7957586966015691
SGD,1282,0.6927009937405658
SGD,1283,0.6927009937405658
SGD,1284,0.8078280981946344
SGD,1285,1.2302703134691508
SGD,1286,1.2302703134691508
SGD,1287,1.1174286671801967
SGD,1288,0.6843931597772401
SGD,1289,0.7018318584602453
SGD,1290,0.9607859238798094
SGD,1291,0.9607859238798094
SGD,1292,0.5476396191076038
SGD,1293,0.7887526903177194
SGD,1294,0.2525964421196291
SGD,1295,0.8551306361169253
SGD,1296,0.7981880086141415
SGD,1297,0.7331881351994549
SGD,1298,1.064794674719418
SGD,1299,0.5428314043958158
SGD,1300,0.974925914191162
SGD,1301,0.5898769117676074
SGD,1302,0.8293127220304622
SGD,1303,0.8594306978202184
SGD,1304,0.8220958922320574
SGD,1305,1.0551202824173378
SGD,1306,0.6325294131580417
SGD,1307,0.6841154256324882
SGD,1308,0.3343730637425542
SGD,1309,0.6484501747546364
SGD,1310,0.9523816336545803
SGD,1311,0.5310095584764186
SGD,1312,0.6544106307215772
SGD,1313,0.8315808003109302
SGD,1314,0.7078006191667301
SGD,1315,0.5874858279080276
SGD,1316,0.47103599855811695
SGD,1317,0.5534905154260762
SGD,1318,0.8908195249607671
SGD,1319,0.8743998392802378
SGD,1320,0.5534905154260762
SGD,1321,0.8097679164323885
SGD,1322,0.45404632581907595
SGD,1323,0.18359956795163052
SGD,1324,0.8464106759272508
SGD,1325,0.750754030151431
SGD,1326,0.964959480547489
SGD,1327,1.14914081760283
SGD,1328,0.5380542794362754
SGD,1329,0.5616809860853644
SGD,1330,0.4585031794038407
SGD,1331,0.45123963544306117
SGD,1332,0.48327881785520177
SGD,1333,0.7768534975019108
SGD,1334,0.3164542850397415
SGD,1335,1.0268844156017376
SGD,1336,0.9376064926884058
SGD,1337,0.19012888285072269
SGD,1338,0.7770475571656141
SGD,1339,0.9354199160377497
SGD,1340,0.9729988850984909
SGD,1341,0.9075943100564364
SGD,1342,1.27437643279251
SGD,1343,0.5249956124324224
SGD,1344,0.4947274749491935
SGD,1345,0.42937960145895276
SGD,1346,1.5832695233843779
SGD,1347,1.5529035141551573
SGD,1348,0.5522888832975452
SGD,1349,0.5204058061161992
SGD,1350,0.3594748852312783
SGD,1351,0.3687084317014446
SGD,1352,0.8500205999051063
SGD,1353,0.558709633991343
SGD,1354,0.9215239697974338
SGD,1355,1.129733065379374
SGD,1356,0.758440305540451
SGD,1357,0.8827529216624738
SGD,1358,1.2940885978167413
SGD,1359,1.4435586956464583
SGD,1360,0.8676316551030959
SGD,1361,0.8464307053884417
SGD,1362,0.6926484144797601
SGD,1363,1.6142724157076744
SGD,1364,0.5924727835017606
SGD,1365,0.4235061613954659
SGD,1366,0.44821429156658
SGD,1367,0.795193698665093
SGD,1368,0.9144854531276199
SGD,1369,0.9218662399380821
SGD,1370,0.7265550016173185
SGD,1371,0.8873013143959015
SGD,1372,0.7925771595306565
SGD,1373,0.7537187518121282
SGD,1374,0.8758060979548281
SGD,1375,0.8508039857417572
SGD,1376,0.8508039857417572
SGD,1377,0.9997837778680926
SGD,1378,0.9997837778680926
SGD,1379,0.8780205259176885
SGD,1380,0.8780205259176885
SGD,1381,0.8496967944018563
SGD,1382,0.24521651030024105
SGD,1383,0.42199951945802583
SGD,1384,0.3180890212681118
SGD,1385,0.30427983457347424
SGD,1386,1.5208203645255707
SGD,1387,1.5208203645255707
SGD,1388,1.4840500482336583
SGD,1389,0.7693657501535925
SGD,1390,0.6933980179454208
SGD,1391,0.5071506815748725
SGD,1392,0.3573163816571072
SGD,1393,0.5905283891490308
SGD,1394,0.5709234888397784
SGD,1395,0.549190274215749
SGD,1396,0.5443016102388305
SGD,1397,0.5443016102388305
SGD,1398,0.7955807257040342
SGD,1399,0.9237338184667903
SGD,1400,1.0573291053159588
SGD,1401,0.7754478529102637
SGD,1402,0.4565769977533616
SGD,1403,0.8437527922368766
SGD,1404,0.9429541313625375
SGD,1405,0.5868088060430471
SGD,1406,0.32371339342109057
SGD,1407,0.3853775572097472
SGD,1408,0.46410068857141307
SGD,1409,0.3853775572097472
SGD,1410,0.5503213181734475
SGD,1411,0.5503213181734475
SGD,1412,0.7368757806013763
SGD,1413,0.360124805858923
SGD,1414,0.33526936360264703
SGD,1415,0.34512668146849934
SGD,1416,0.6391497082716882
SGD,1417,0.9173754251443307
SGD,1418,0.45355273039138067
SGD,1419,0.523260728069189
SGD,1420,0.7163622774460379
SGD,1421,0.6224237105738504
SGD,1422,0.6777374498764142
SGD,1423,0.5847661328501602
SGD,1424,0.5847661328501602
SGD,1425,0.3588475427650394
SGD,1426,0.5847661328501602
SGD,1427,0.4802350642133366
SGD,1428,0.3436971259669339
SGD,1429,0.8413082190402457
SGD,1430,0.7803352596567085
SGD,1431,0.7803352596567085
SGD,1432,1.269303772740454
SGD,1433,1.269303772740454
SGD,1434,0.8687855997165155
SGD,1435,0.7706145287557047
SGD,1436,0.9847295285876545
SGD,1437,1.0274847269989174
SGD,1438,1.1348934674480553
SGD,1439,0.8168897961909337
SGD,1440,0.3359741372987564
SGD,1441,0.7272062062938071
SGD,1442,0.5893097377173921
SGD,1443,0.5893097377173921
SGD,1444,0.5893097377173921
SGD,1445,0.8031349147638949
SGD,1446,0.9771914222339911
SGD,1447,0.7925564423773269
SGD,1448,0.7925564423773269
SGD,1449,0.8169058867649777
SGD,1450,0.670973517458994
SGD,1451,0.3750352450480104
SGD,1452,0.6015967954211884
SGD,1453,0.680007374953718
SGD,1454,0.680007374953718
SGD,1455,0.447877643933447
SGD,1456,0.4565176398722505
SGD,1457,0.2713071958233229
SGD,1458,0.4072457118815091
SGD,1459,0.5266931756372804
SGD,1460,0.41437667869419187
SGD,1461,0.5733056858250374
SGD,1462,1.0336312161060641
SGD,1463,0.9271863918720498
SGD,1464,0.45145685338592056
SGD,1465,0.35176482949136
SGD,1466,0.35176482949136
SGD,1467,0.6391922840769922
SGD,1468,1.0572406062983608
SGD,1469,0.6313700492745694
SGD,1470,0.8612464653104838
SGD,1471,0.7996059018389907
SGD,1472,0.8612464653104838
SGD,1473,0.9865963817168817
SGD,1474,0.72623696484088
SGD,1475,0.963854127312159
SGD,1476,1.1518544260326113
SGD,1477,1.10471761620979
SGD,1478,0.9834423414157355
SGD,1479,1.2168117516549668
SGD,1480,1.2168117516549668
SGD,1481,1.2168117516549668
SGD,1482,0.6385964448457568
SGD,1483,0.9249854305609448
SGD,1484,0.9249854305609448
SGD,1485,0.36605424289478905
SGD,1486,0.7765558272490336
SGD,1487,1.1250886201599304
SGD,1488,1.103356149150204
SGD,1489,1.1573151563626791
SGD,1490,0.7750779840097538
SGD,1491,1.0017959412954875
SGD,1492,0.9288134990033486
SGD,1493,0.7277980857272748
SGD,1494,0.5865772955567061
SGD,1495,0.9614626959817751
