{"val_losses": {"MILO_LW_scale_factor_0.2": [[1.5018190811157226, 1.4925031019210815, 1.4878226221720379, 1.4814068346659341, 1.477729201189677, 1.473605036354065, 1.4709967588424682, 1.4677513739903767, 1.4648266862869264, 1.4624222893397014], [1.4549169064203897, 1.4478874831517536, 1.4452015027364096, 1.4431459758122762, 1.43962372824351, 1.4369202408472697, 1.434877352142334, 1.4328062542597453, 1.431024467722575, 1.4271735115687052]], "MILO_LW_scale_factor_0.1": [[1.4188259885787964, 1.4122494335810343, 1.4088939702351888, 1.4061834604263306, 1.4059699572881064, 1.4011714764912924, 1.3990656160990398, 1.3966979850769043, 1.3955884569803874, 1.393695669301351], [1.3968943517049153, 1.3883121581395468, 1.3844577242533367, 1.3805014483133953, 1.3779639252344766, 1.3761553990046183, 1.373779496574402, 1.372164704322815, 1.3709692660013835, 1.3685746592203776]], "MILO_LW_scale_factor_0.5": [[1.3625004741032918, 1.3591983919143678, 1.3559379182815552, 1.3538444422403972, 1.3537091086705526, 1.3502172876993814, 1.3486356330871583, 1.3455424662907918, 1.3449108815511068, 1.3422394976933798], [1.3418196753819784, 1.3363215933481851, 1.3336492502848307, 1.3322409609476726, 1.3319337233861288, 1.329265072631836, 1.328446166419983, 1.326344445292155, 1.3248883478800455, 1.3235762615839641]]}, "val_accuracies": {"MILO_LW_scale_factor_0.2": [[44.27, 44.75666666666667, 45.01, 45.12, 45.27166666666667, 45.333333333333336, 45.465, 45.595, 45.69, 45.74333333333333], [46.055, 46.10666666666667, 46.25333333333333, 46.388333333333335, 46.455, 46.54, 46.608333333333334, 46.695, 46.788333333333334, 46.846666666666664]], "MILO_LW_scale_factor_0.1": [[47.085, 47.428333333333335, 47.50333333333333, 47.54833333333333, 47.666666666666664, 47.71666666666667, 47.80166666666667, 47.85166666666667, 47.906666666666666, 47.928333333333335], [48.285, 48.343333333333334, 48.42166666666667, 48.46, 48.495, 48.58166666666666, 48.66166666666667, 48.715, 48.776666666666664, 48.83166666666666]], "MILO_LW_scale_factor_0.5": [[49.028333333333336, 49.14666666666667, 49.25, 49.32833333333333, 49.39833333333333, 49.45166666666667, 49.46, 49.47, 49.526666666666664, 49.568333333333335], [49.765, 49.791666666666664, 49.87, 49.95166666666667, 49.98166666666667, 50.013333333333335, 50.065, 50.07, 50.111666666666665, 50.126666666666665]]}, "val_f1_scores": {"MILO_LW_scale_factor_0.2": [[0.42703493421759725, 0.4365168586473134, 0.44062676242397203, 0.4424710687000536, 0.444708894157093, 0.44588074351766027, 0.4480078951632153, 0.44998516909157116, 0.45138620860721035, 0.4520779745797565], [0.45659259699755167, 0.45722569394959817, 0.45889062631672745, 0.46092203191820147, 0.4621542773393699, 0.4628090405870126, 0.4637569016913761, 0.4646107575322375, 0.4660633018636295, 0.466530316835904]], "MILO_LW_scale_factor_0.1": [[0.4708227665336963, 0.4726068192412331, 0.47343117709578875, 0.4740223381289358, 0.4754006910024703, 0.4758628923309738, 0.4767969758101976, 0.4772507072556822, 0.47786450874927217, 0.47822059190134497], [0.4816050289406338, 0.4821392952453779, 0.4829638031700383, 0.48346515604350415, 0.4839455512419436, 0.48480816138625454, 0.48558931017982526, 0.48625881804602444, 0.4869106719200775, 0.48748029354883765]], "MILO_LW_scale_factor_0.5": [[0.48927282553883067, 0.49052388147815423, 0.49147443978438093, 0.49230261154415567, 0.4929823202121101, 0.4933909585032934, 0.4935487506368064, 0.49357662913551714, 0.4941872188535357, 0.49459849354225016], [0.49634397207730874, 0.49661560691477646, 0.4972508824662656, 0.4980544349985411, 0.4984339486499074, 0.49866461859669603, 0.4991304847309538, 0.4993002645683001, 0.499572145185094, 0.49977423806419186]]}, "val_aucs": {"MILO_LW_scale_factor_0.2": [[0.7851338614354779, 0.7886687108878954, 0.7904983591915455, 0.7912463622231513, 0.7922070537789644, 0.7927460513021661, 0.7937052133610721, 0.7945653169579096, 0.7954264207980295, 0.795801876752068], [0.7976872704257391, 0.7979182016559413, 0.798856956865654, 0.800023140946841, 0.8005544926334253, 0.8009934649584796, 0.8017096818290893, 0.8021593277799596, 0.8028933894572269, 0.803192622524574]], "MILO_LW_scale_factor_0.1": [[0.8060975541200275, 0.807007307517258, 0.8076475059168734, 0.8080405101144233, 0.8087290134608379, 0.8090318794876419, 0.809719730534159, 0.8097205029143224, 0.8101578407804345, 0.8103510363622336], [0.8128355105312896, 0.8133083711812941, 0.8137075909131848, 0.8139582145252765, 0.8141594326776677, 0.8148515556022226, 0.8152273471606207, 0.8156411765196723, 0.8161025668891361, 0.8164129978858263]], "MILO_LW_scale_factor_0.5": [[0.8173515336348718, 0.8183974191197627, 0.8190876021901167, 0.819778166694906, 0.820355531049888, 0.8204744852716933, 0.8207029432201998, 0.8205941492081223, 0.8212949997155448, 0.8213618719026241], [0.8227848160042072, 0.8228263461869144, 0.8230729821827728, 0.8240338785383645, 0.8243162630211678, 0.8244040286401143, 0.8247247613761738, 0.8248676477789287, 0.8249129083949714, 0.8250746856912766]]}}