{"val_losses": {"MILO_momentum_0.9": [[0.0043285442585596365, 0.0024797292211909345, 0.001870976531161835, 0.0016063611229254363, 0.0013578153345354073, 0.0011099830976661832, 0.000999113319139024, 0.0008431793712753295, 0.0007635842980149738, 0.0006227154420558273], [0.001793448721559244, 0.0007467412061702498, 0.0005666227253654525, 0.0005192596213830745, 0.0004945707163517497, 0.00041747441696559934, 0.00038578881200055157, 0.0003558775290177309, 0.0003247143561723644, 0.00031311122849529173]], "MILO_momentum_0.0": [[0.00033964418249490504, 0.0002913220709856256, 0.0002758112684206799, 0.00027076574172131665, 0.00026438879157859093, 0.000262540519338065, 0.0002505317972667187, 0.00024567485054501683, 0.0002422174753020015, 0.00024575466874966924], [0.0006882161396224352, 0.00025195317079040907, 0.0002463504813685142, 0.0002353715804489987, 0.00023326796747601648, 0.0002265375094731296, 0.00022746937368178972, 0.00022193143572945835, 0.00021940744146793835, 0.00021600129761324]], "MILO_momentum_0.45": [[0.0009238396322248157, 0.0002640588676092714, 0.0002493550144038872, 0.00023763530136927986, 0.00023246181267860553, 0.00022670942772385784, 0.00022071057308953605, 0.00021690159858778096, 0.00021263192954653468, 0.0002084724950630611], [0.00043734932188125154, 0.0002598466731869423, 0.00024841128856347084, 0.0002383721862093959, 0.0002311502596636417, 0.00022841799509822706, 0.0002250535235834865, 0.0002192353152165899, 0.00021604400334532308, 0.00021175123418213542]]}, "val_accuracies": {"MILO_momentum_0.9": [[99.915, 99.94833333333334, 99.95833333333333, 99.96666666666667, 99.97166666666666, 99.975, 99.97333333333333, 99.97833333333334, 99.97666666666667, 99.98], [99.95, 99.97833333333334, 99.98333333333333, 99.985, 99.98333333333333, 99.98333333333333, 99.985, 99.98666666666666, 99.98833333333333, 99.98666666666666]], "MILO_momentum_0.0": [[99.985, 99.98666666666666, 99.98666666666666, 99.99, 99.98833333333333, 99.99166666666666, 99.99, 99.99166666666666, 99.99166666666666, 99.99166666666666], [99.985, 99.98666666666666, 99.98833333333333, 99.99, 99.98666666666666, 99.99, 99.98666666666666, 99.99, 99.99, 99.99]], "MILO_momentum_0.45": [[99.97666666666667, 99.98833333333333, 99.99, 99.99, 99.99, 99.99, 99.99, 99.99, 99.99166666666666, 99.99], [99.985, 99.98833333333333, 99.98833333333333, 99.98833333333333, 99.98833333333333, 99.98833333333333, 99.98833333333333, 99.99, 99.98833333333333, 99.99]]}, "val_f1_scores": {"MILO_momentum_0.9": [[0.999141730225326, 0.9994747398046199, 0.999577278692049, 0.9996617964347333, 0.9997131267659827, 0.9997470923231333, 0.999728664508077, 0.9997801623300433, 0.9997640602634192, 0.9997969917936269], [0.9994990228626579, 0.9997845646071527, 0.999832317867777, 0.9998495531316951, 0.9998322838294594, 0.9998326027873967, 0.9998492682120755, 0.9998665813997898, 0.9998842097085457, 0.9998665813997898]], "MILO_momentum_0.0": [[0.9998486797333559, 0.9998665445118438, 0.9998661955723408, 0.9999008163975294, 0.9998838238810969, 0.9999165680515872, 0.999900348520223, 0.9999165680515872, 0.9999159198783453, 0.9999165680515872], [0.9998502122270183, 0.9998670395188446, 0.9998833543115857, 0.9998996048524301, 0.9998674268053245, 0.9998989256697077, 0.9998674268053245, 0.9998996048524301, 0.9998996048524301, 0.9998996048524301]], "MILO_momentum_0.45": [[0.9997648857150001, 0.9998828119373048, 0.9999008275323338, 0.9999004402461796, 0.9999008275323338, 0.9999004402461796, 0.9999008275323338, 0.9999008275323338, 0.9999163988904558, 0.9999004402461796], [0.9998504321498928, 0.9998838640716439, 0.9998840334943081, 0.9998834767854896, 0.9998836462081538, 0.9998838640716439, 0.9998836462081538, 0.9998994354297659, 0.9998836462081538, 0.9998994354297659]]}, "val_aucs": {"MILO_momentum_0.9": [[0.9999968970205003, 0.9999985770514037, 0.9999995376716205, 0.9999997120821076, 0.9999998181004358, 0.999999902136168, 0.9999999466426963, 0.9999999630880853, 0.9999999764969513, 0.99999998073431], [0.9999998114243457, 0.9999999593199561, 0.9999999825833052, 0.9999999873004055, 0.9999999888077541, 0.9999999903328117, 0.9999999922008695, 0.9999999943974578, 0.9999999937681678, 0.9999999947118734]], "MILO_momentum_0.0": [[0.999999994443227, 0.9999999962770456, 0.9999999962547694, 0.9999999959648367, 0.999999996879188, 0.9999999962513477, 0.9999999965669787, 0.9999999968697605, 0.9999999965669787, 0.9999999968663384], [0.9999998927235799, 0.9999999968779727, 0.999999995618795, 0.999999997188967, 0.9999999968733361, 0.999999997188967, 0.9999999968733361, 0.9999999974917488, 0.9999999971839122, 0.9999999978023248]], "MILO_momentum_0.45": [[0.9999997408813425, 0.9999999962935643, 0.9999999963241288, 0.9999999969425415, 0.9999999971967612, 0.9999999974901158, 0.999999997187334, 0.999999996871703, 0.999999997187334, 0.9999999978025599], [0.9999999904318664, 0.9999999966043406, 0.9999999965722651, 0.9999999968731791, 0.9999999971856232, 0.9999999965672105, 0.9999999978008489, 0.9999999965672105, 0.9999999978008489, 0.9999999971856232]]}}