{"val_losses": {"milo_adaptive_True": [[1.3067116592407226, 1.015793468093872, 0.8189321188926697, 0.7335649277687073, 0.6788391954421997, 0.6103219407081604, 0.5659759139060974, 0.5370125183105469, 0.5058423542022705, 0.5019910362243653, 0.481257298374176, 0.47610826539993284, 0.4616839243888855, 0.4523875419616699, 0.4334116044044495], [1.2006125328063966, 0.9205536853790284, 0.760937021446228, 0.6659451042175293, 0.6093174494743347, 0.5961867234230042, 0.5313438758850098, 0.49907955741882326, 0.47049289045333864, 0.44851482701301576, 0.44267281575202944, 0.42810935230255126, 0.42252112712860107, 0.41157764463424684, 0.39952315015792844], [1.3192363800048827, 1.0742049818038941, 0.8845938817977905, 0.8187800667762757, 0.746908639907837, 0.6990860872268677, 0.643579717540741, 0.604337226486206, 0.5712707301139831, 0.5878672472953796, 0.5342679710388184, 0.5020513467311859, 0.5016304162979126, 0.4844070330619812, 0.4697762239933014]], "milo_adaptive_False": [[10.654512553405763, 96.05936431274414, 162.77957724609374, 165.5504766845703, 367.719435546875, 337.2370609375, 271.1989962890625, 916.36572265625, 499.574482421875, 362.243978515625, 326.37444140625, 908.98517578125, 535.260905859375, 400.756870703125, 1108.46416328125], [8.58885256652832, 168.1219994140625, 172.21999226074217, 305.1850142578125, 877.44519296875, 582.655540234375, 408.974800390625, 494.0034953125, 430.983595703125, 354.55068540039065, 734.7077828125, 1576.35996875, 1255.23959140625, 529.459297265625, 521.963034765625], [14.554197637939453, 66.6691817565918, 256.49372924804686, 110.91314345703125, 123.11586025390625, 130.91703935546875, 138.08763026123046, 215.6341025390625, 341.3719583984375, 406.76188779296876, 297.846371875, 311.0615048828125, 410.576870703125, 309.85808017578125, 394.9592716796875]]}, "val_accuracies": {"milo_adaptive_True": [[52.06, 63.5, 71.19, 74.24, 76.24, 78.58, 80.77, 81.65, 82.71, 82.94, 83.52, 84.08, 84.4, 85.18, 85.75], [56.83, 67.43, 73.42, 76.86, 78.98, 79.59, 81.63, 82.9, 83.75, 84.67, 84.79, 85.55, 85.72, 85.94, 86.79], [51.21, 61.73, 68.26, 70.82, 73.55, 75.08, 77.28, 79.02, 80.29, 79.89, 81.78, 82.81, 82.51, 83.44, 84.15]], "milo_adaptive_False": [[20.63, 16.47, 21.86, 32.19, 31.96, 34.76, 45.95, 23.08, 38.17, 45.78, 54.43, 31.54, 53.62, 56.38, 37.84], [16.34, 18.65, 26.95, 30.72, 28.6, 29.36, 40.38, 41.39, 53.58, 51.81, 46.17, 41.66, 34.54, 62.74, 57.27], [12.75, 16.91, 21.38, 34.58, 34.62, 48.74, 47.51, 42.36, 37.88, 41.16, 50.27, 54.24, 51.02, 55.11, 52.41]]}, "val_f1_scores": {"milo_adaptive_True": [[0.5183780957397277, 0.6280244863415969, 0.7093976326363511, 0.7426221154208716, 0.7613868189219748, 0.7848426789621586, 0.807350869375482, 0.8160148158002313, 0.826390850201415, 0.8280735958169176, 0.834856000406047, 0.8396388179018042, 0.8422421375439353, 0.8505610115894389, 0.8574611128587648], [0.5676371343361194, 0.6702053467820488, 0.7302051269990846, 0.767327853488273, 0.7879734633097976, 0.7934809780953241, 0.8144374675087439, 0.8278606831793255, 0.8368341434099037, 0.8470407408545627, 0.8464869871523909, 0.8553619178838895, 0.8565264345128346, 0.8603117075740905, 0.8674913072289965], [0.5069823058928122, 0.6134603087115746, 0.6808693704967879, 0.7080094436483184, 0.7337013110858558, 0.7509485454238904, 0.7731028684667732, 0.7895946936200878, 0.8029093948900472, 0.8002454627385098, 0.8161983817860193, 0.8272515343667107, 0.8235831076117585, 0.8338203630154792, 0.8415070865625098]], "milo_adaptive_False": [[0.10738255621730901, 0.09149734790514318, 0.1581570103443779, 0.28375137314681315, 0.20603400189152848, 0.284183022863426, 0.4271480370432462, 0.15369662373557047, 0.34656054610589004, 0.41360520586483485, 0.49238148527367287, 0.27799093967051386, 0.476197039432094, 0.5128096988062939, 0.360640737208603], [0.10959084287671092, 0.08481224203738594, 0.22574906099926456, 0.24725916504792286, 0.2101349459474305, 0.2439801084936332, 0.33119606290895937, 0.3943531147095951, 0.5163023833312612, 0.4996160908579717, 0.40275145863104295, 0.3384387317545247, 0.3343246440852306, 0.5809383896244926, 0.5622330361763924], [0.056000796685987855, 0.08782028241362896, 0.13196327237136185, 0.27196868905290184, 0.2874732320777661, 0.4808934326335842, 0.4256634642150362, 0.33928677369802906, 0.3355136364047976, 0.3676762081980414, 0.4752052802705614, 0.5246615389164428, 0.48161353243759814, 0.5308052031947413, 0.4979095324184207]]}, "val_aucs": {"milo_adaptive_True": [[0.0, 0.0, 0.0, 0.0, 0.0, 0.0, 0.0, 0.0, 0.0, 0.0, 0.0, 0.0, 0.0, 0.0, 0.0], [0.0, 0.0, 0.0, 0.0, 0.0, 0.0, 0.0, 0.0, 0.0, 0.0, 0.0, 0.0, 0.0, 0.0, 0.0], [0.0, 0.0, 0.0, 0.0, 0.0, 0.0, 0.0, 0.0, 0.0, 0.0, 0.0, 0.0, 0.0, 0.0, 0.0]], "milo_adaptive_False": [[0.0, 0.0, 0.0, 0.0, 0.0, 0.0, 0.0, 0.0, 0.0, 0.0, 0.0, 0.0, 0.0, 0.0, 0.0], [0.0, 0.0, 0.0, 0.0, 0.0, 0.0, 0.0, 0.0, 0.0, 0.0, 0.0, 0.0, 0.0, 0.0, 0.0], [0.0, 0.0, 0.0, 0.0, 0.0, 0.0, 0.0, 0.0, 0.0, 0.0, 0.0, 0.0, 0.0, 0.0, 0.0]]}}