{"val_losses": {"MILO_LW_weight_decay_0.0001": [[0.16259284778436026, 0.1505982829451561, 0.14451726649403573, 0.14126059608062108, 0.13924080989472568, 0.13659317004680632, 0.1348842152238254, 0.1334020605603613, 0.1319439402136331, 0.13131806655526163], [0.16720269246896108, 0.15239239004453023, 0.1458651627043883, 0.14141896976344967, 0.1394655357480049, 0.13746479954222837, 0.13642884225646126, 0.13522670048475266, 0.1345689141869545, 0.13384916811337075]], "MILO_LW_weight_decay_0.001": [[0.16040902846455574, 0.14732149579922357, 0.14169109796682994, 0.13853583800594013, 0.1360188480714957, 0.13388930179476738, 0.13286694672107696, 0.13202868497172993, 0.1311258309384187, 0.13039092716574668], [0.1533314531048139, 0.14100325838923455, 0.13558437987565994, 0.13348648309707642, 0.13129147476489259, 0.12987058623234432, 0.12914865651130678, 0.1277691166003545, 0.12690571204007137, 0.1267057964980602]], "MILO_LW_weight_decay_0.0": [[0.16625731954574585, 0.15042727168798448, 0.1431061151266098, 0.13946914979219438, 0.13796370859146118, 0.13589382498462996, 0.13471598940690357, 0.1337045189499855, 0.13301664672014457, 0.1324298454562823], [0.1820741297562917, 0.16485963451470403, 0.1546415599346161, 0.15084550159374874, 0.14844218153158822, 0.14659874340295792, 0.1441300128976504, 0.143268919022878, 0.14169334142605464, 0.1406752276941125]]}, "val_accuracies": {"MILO_LW_weight_decay_0.0001": [[95.93333333333334, 96.00166666666667, 96.045, 96.07, 96.09, 96.11, 96.11666666666666, 96.135, 96.14333333333333, 96.15333333333334], [95.35833333333333, 95.69833333333334, 95.78166666666667, 95.835, 95.865, 95.88, 95.88666666666667, 95.90166666666667, 95.905, 95.91666666666667]], "MILO_LW_weight_decay_0.001": [[95.31833333333333, 95.58833333333334, 95.69833333333334, 95.745, 95.80666666666667, 95.82166666666667, 95.84, 95.85166666666667, 95.86, 95.875], [95.43, 95.68833333333333, 95.74333333333334, 95.805, 95.83166666666666, 95.85, 95.88166666666666, 95.90166666666667, 95.91333333333333, 95.91666666666667]], "MILO_LW_weight_decay_0.0": [[95.04666666666667, 95.42333333333333, 95.55833333333334, 95.62, 95.64666666666666, 95.69166666666666, 95.69666666666667, 95.72333333333333, 95.72666666666667, 95.73333333333333], [94.58833333333334, 94.995, 95.215, 95.25666666666666, 95.31333333333333, 95.36833333333334, 95.4, 95.42166666666667, 95.44833333333334, 95.47333333333333]]}, "val_f1_scores": {"MILO_LW_weight_decay_0.0001": [[0.961290917744889, 0.9619688160674149, 0.9623460005597751, 0.9626017655850287, 0.9627967131923697, 0.9630023442497826, 0.9630531324109342, 0.9632297913098788, 0.96331275955988, 0.9633996973069596], [0.9563096430020085, 0.9592848162234136, 0.9600501687930556, 0.9605479071586356, 0.9608139975931677, 0.9610085100212563, 0.9610589098686857, 0.96118217849905, 0.9612314446083742, 0.9613006594739195]], "MILO_LW_weight_decay_0.001": [[0.955922077437284, 0.9583769852554964, 0.9593478707042398, 0.9597865558926983, 0.9603188480181194, 0.960463261827152, 0.9606684380112667, 0.9607364970365971, 0.9608108630739899, 0.9609525686541611], [0.9568940874407177, 0.9592138538225363, 0.9597867978854613, 0.9603224186854359, 0.9605556319170713, 0.960757421308425, 0.9609753658718232, 0.9611971319011949, 0.9612938478434007, 0.9613157439624901]], "MILO_LW_weight_decay_0.0": [[0.9536751390534363, 0.9569192867672383, 0.9581338092479555, 0.9587197247095901, 0.9589090333556861, 0.9593098390975967, 0.9593789557478898, 0.9596064574615821, 0.9596362681754522, 0.9596919519890712], [0.949746439915401, 0.9531908479508079, 0.9551053250120098, 0.9555466815028885, 0.9559920757024758, 0.956443216899442, 0.95675126196609, 0.9569489639339404, 0.9571699749634718, 0.9574404713378973]]}, "val_aucs": {"MILO_LW_weight_decay_0.0001": [[0.9985153327466281, 0.9985614295922925, 0.998616181354952, 0.9986299277151172, 0.9986546548221005, 0.998670534494439, 0.998685001575572, 0.9986935613836841, 0.998704845556464, 0.9987200333605448], [0.9981622913730923, 0.9984080491507517, 0.9984654429610602, 0.9985118161241001, 0.9985367805015357, 0.9985463666303594, 0.9985589387242179, 0.9985676428843361, 0.9985778565419311, 0.9985869072198886]], "MILO_LW_weight_decay_0.001": [[0.9981455897044155, 0.9983375219636855, 0.9984451819070266, 0.9984872543424368, 0.9985240733183776, 0.9985356994415637, 0.9985526591645935, 0.9985640194104013, 0.9985732814505826, 0.9985821851740111], [0.9982686500492919, 0.998436802879304, 0.9984889496064812, 0.9985299052038721, 0.9985453665212332, 0.9985743881236028, 0.9985874052890849, 0.9986027440603369, 0.9986154025048879, 0.9986143752192197]], "MILO_LW_weight_decay_0.0": [[0.9979785506115844, 0.998268458490436, 0.9983683083824151, 0.9984161340063691, 0.9984550004423234, 0.9984805069474048, 0.998489779210818, 0.9985103990913304, 0.9985137546689147, 0.998515133788956], [0.9976613865288917, 0.997988837682225, 0.9981570418307854, 0.9981928897396152, 0.998239719665845, 0.9982771323032391, 0.9983003775690692, 0.9983202665742775, 0.9983381604527324, 0.9983538239274724]]}}