{"val_losses": {"milo_LW_weight_decay_0.0001": [[1.5370945620727539, 1.1750053075790405, 1.0210643259429932, 0.9305125102043151, 0.7927078107833863, 0.6972690146827698, 0.6533810747528076, 0.6023859782218933, 0.5589386008262635, 0.5063764012527466, 0.4818620532035828, 0.46270109424591066, 0.4229554833984375, 0.407472659778595, 0.3838878370332718], [0.5672999446678162, 0.4713389545059204, 0.41029803236961365, 0.37623662111282347, 0.34200862253189085, 0.3301279690742493, 0.3013156699943543, 0.2885325539779663, 0.2520804505443573, 0.24465032643318177, 0.2337290576839447, 0.23394865168571471, 0.2241686193180084, 0.21226024482727052, 0.19373459935188295], [0.3900166763114929, 0.309650800743103, 0.24776187515258788, 0.22486977809906006, 0.20249421931743622, 0.1923932232093811, 0.171012802362442, 0.15865820578575135, 0.15533231540679932, 0.14280987595796585, 0.13199292211055755, 0.12306640258550644, 0.12124197090864182, 0.10561457090854645, 0.11492359718799591]], "milo_LW_weight_decay_0.001": [[0.2841468139266968, 0.21156272966384887, 0.1632185477924347, 0.14971655238151552, 0.12037276539564133, 0.11951368954658509, 0.10603957136631012, 0.09745155364990235, 0.09101501855850219, 0.08498961085796357, 0.0787506763958931, 0.06163985127687454, 0.06059247685194016, 0.05537475377559662, 0.05484703354239464], [0.20616388625144957, 0.15911722121715546, 0.1123501276063919, 0.10270416318416596, 0.08968403866767884, 0.09079366609811783, 0.09221840623736381, 0.059265944973230365, 0.05358526093006134, 0.04824142705321312, 0.04760768785595894, 0.03882652920842171, 0.039889822593927385, 0.03503558192789555, 0.03027364512503147], [0.17516475677490234, 0.10889533721446991, 0.10552289663791657, 0.06675339703559875, 0.059330543353557585, 0.04843150983452797, 0.04196401914089918, 0.04819991928935051, 0.03307302801057696, 0.030108978978991507, 0.02809263830319047, 0.03498674107208848, 0.027038668436706065, 0.024032450542896985, 0.024703390960395335]], "milo_LW_weight_decay_0.0": [[0.1502808526992798, 0.07997398512601853, 0.09311117524623871, 0.05114637099504471, 0.0398376043125987, 0.034013608489632606, 0.038410707734823225, 0.02693626648068428, 0.024546836811602114, 0.02468042811498046, 0.019548718636631966, 0.01514008943401277, 0.0156325100402534, 0.014712223410084843, 0.01313138649955392], [0.13087036901950835, 0.0945397830247879, 0.061633147923946384, 0.04119878226399422, 0.032640540332496165, 0.03366836119234562, 0.030630096157193185, 0.025129090062081815, 0.024218879813849927, 0.01718964185990393, 0.015679785912558437, 0.01104418859180063, 0.010483049631644972, 0.009502665776312352, 0.010533481563301757], [0.10982666625261307, 0.055069099816083905, 0.04474504952549934, 0.03092080877363682, 0.0283280191385746, 0.019090828587338328, 0.01754515725813806, 0.015857426817677916, 0.017830761176245286, 0.01423547856675461, 0.011856877720747143, 0.011079600590635091, 0.010873774854242802, 0.009163207481615246, 0.007725158872073516]]}, "val_accuracies": {"milo_LW_weight_decay_0.0001": [[43.512, 57.446, 63.306, 66.886, 72.062, 75.194, 76.926, 79.096, 80.426, 82.138, 83.014, 83.854, 85.052, 85.674, 86.622], [80.262, 83.388, 85.832, 86.804, 88.082, 88.28, 89.504, 89.826, 91.22, 91.54, 91.806, 91.718, 92.148, 92.588, 93.212], [86.348, 89.334, 91.494, 92.144, 92.888, 93.118, 93.916, 94.46, 94.506, 94.88, 95.356, 95.674, 95.602, 96.264, 96.002]], "milo_LW_weight_decay_0.001": [[90.158, 92.418, 94.236, 94.71, 95.718, 95.784, 96.224, 96.616, 96.73, 97.016, 97.158, 97.858, 97.878, 98.052, 98.048], [92.84, 94.336, 95.912, 96.288, 96.838, 96.726, 96.51, 97.878, 98.094, 98.354, 98.28, 98.632, 98.632, 98.724, 98.97], [93.78, 96.102, 96.154, 97.58, 97.806, 98.222, 98.518, 98.276, 98.888, 98.984, 99.022, 98.748, 99.046, 99.172, 99.092]], "milo_LW_weight_decay_0.0": [[94.664, 97.094, 96.652, 98.132, 98.588, 98.79, 98.626, 99.03, 99.11, 99.074, 99.318, 99.482, 99.442, 99.492, 99.526], [95.204, 96.616, 97.976, 98.552, 98.826, 98.798, 98.926, 99.1, 99.108, 99.366, 99.442, 99.63, 99.648, 99.658, 99.624], [96.154, 98.004, 98.386, 98.884, 98.988, 99.342, 99.386, 99.478, 99.374, 99.53, 99.578, 99.656, 99.632, 99.69, 99.718]]}, "val_f1_scores": {"milo_LW_weight_decay_0.0001": [[0.43660414451430996, 0.5577544582069391, 0.6264554253825896, 0.6606457174450584, 0.7125479710878968, 0.7469623095627842, 0.7710969240181715, 0.7928592983179665, 0.8043389339602817, 0.8209529807231863, 0.828902251881833, 0.8401127162783485, 0.8506952791141946, 0.85646205449123, 0.8663383981757793], [0.7986694352807782, 0.8330321172292262, 0.8571303139734022, 0.8679001950836442, 0.8803605321891981, 0.8819807203674959, 0.8948538544448535, 0.8994172702611095, 0.9121371559346338, 0.9151300455114253, 0.917978648959702, 0.9171486792964167, 0.9214239765604761, 0.9261791522324059, 0.9316558031695076], [0.862733747402312, 0.8939474629461974, 0.9145971351696366, 0.9220045362002016, 0.9289811707663045, 0.9312879283123229, 0.9388508704898626, 0.9444957952395792, 0.9452824118880605, 0.9490825909141771, 0.9535870997923652, 0.9567134487396123, 0.9559793080487922, 0.9626665300381598, 0.9599847956537442]], "milo_LW_weight_decay_0.001": [[0.9018241903135229, 0.9239926062029437, 0.9424605618858187, 0.9472719174544603, 0.9572451339384038, 0.9577789672209637, 0.9621773312624576, 0.9663405348688773, 0.9672141180065943, 0.9702548419981113, 0.971474488264897, 0.978621543612296, 0.9788269661719238, 0.9805221682070282, 0.9804448070737164], [0.9279768226746283, 0.9428926734347632, 0.9592100258810504, 0.962818486714694, 0.9684244454948582, 0.9672546226714583, 0.9652087169869693, 0.9787995528645247, 0.980944155666492, 0.9835499446470696, 0.9827400509583246, 0.9863500692962756, 0.9863056666821347, 0.987235917145718, 0.9896888370090833], [0.9379507142385389, 0.9610480514578331, 0.9613296098427593, 0.9758029380994199, 0.978107016645062, 0.9821758586238151, 0.9851783535983557, 0.9827868214809345, 0.9888830887891373, 0.9898395526652968, 0.9902224743692344, 0.9874850097723573, 0.9904461876997397, 0.9917224325750729, 0.9909470187000281]], "milo_LW_weight_decay_0.0": [[0.9470574880956756, 0.9709989551365853, 0.9663520441106522, 0.981285031559225, 0.9858719117099486, 0.9878926039771148, 0.9862351411749412, 0.99030403644093, 0.9911123644183446, 0.990735904662244, 0.99318126752331, 0.9948184747278777, 0.9944204286518861, 0.9949207405861861, 0.9952599589460925], [0.952049835044073, 0.966238909446667, 0.9797307712283645, 0.98551057141157, 0.9882499306093344, 0.9879894285990936, 0.9892416401362055, 0.9909947025348241, 0.9910774744462152, 0.9936527018661989, 0.9944148764157049, 0.9963019691660708, 0.9964797981900148, 0.9965799617511509, 0.9962403468441003], [0.9615611464369328, 0.9800416183326506, 0.9838651873881709, 0.9888619663576821, 0.9898852780516899, 0.9934196524584398, 0.9938567602005186, 0.9947815061802816, 0.9937364153549286, 0.9952998102853792, 0.9957802427102056, 0.9965605952625094, 0.9963216355670073, 0.996900914598801, 0.9971811038468161]]}, "val_aucs": {"milo_LW_weight_decay_0.0001": [[0.8723115126666666, 0.9212054286666668, 0.9398588100000002, 0.9516603048888888, 0.9636681228888888, 0.9697908724444444, 0.9738505255555557, 0.9772378935555557, 0.9803471344444447, 0.9834475993333334, 0.9849260642222223, 0.9862437688888889, 0.9884781186666667, 0.9892821824444444, 0.9900045286666666], [0.9802085075555557, 0.9864626631111111, 0.9888520075555556, 0.9908567486666667, 0.9920903355555556, 0.9929837773333332, 0.993719606222222, 0.9946513366666666, 0.995360784888889, 0.9956525577777778, 0.9960355866666666, 0.996147436, 0.9964725635555556, 0.9968939535555557, 0.9973234855555557], [0.9907269648888889, 0.9939257135555556, 0.9956510902222222, 0.9964783784444444, 0.9971806482222222, 0.9973987397777778, 0.9978351639999999, 0.9981227215555556, 0.9982830726666666, 0.998427812888889, 0.9987196286666664, 0.9988341935555555, 0.9989619035555555, 0.9991725773333334, 0.9991103462222222]],