{"val_losses": {"MILO_eps_1e-05": [[0.07028803526878356, 0.06668252502083778, 0.048051014890670776, 0.04631892796278, 0.043265687308311464, 0.041133771304488184, 0.04096798959553242, 0.03649389476001263, 0.03272752612531185, 0.03298476184718311], [0.07744614850282669, 0.06006625569820404, 0.05479901920378208, 0.041976535675525666, 0.039274468732178214, 0.03508454645752907, 0.03325288954213262, 0.02957380030095577, 0.03070954062908888, 0.027436774048805238]], "MILO_eps_0.005": [[0.06786800453186036, 0.054249269626140594, 0.03680812723696232, 0.03408364855110645, 0.03471760455429554, 0.028784907894432544, 0.032777798905968665, 0.02651815769046545, 0.025461912796273828, 0.025758978707790373], [0.0735929376578331, 0.04656268622338772, 0.03491929808795452, 0.03786453535437584, 0.03269849985897541, 0.026119737412035465, 0.024156968072652815, 0.027173420016616583, 0.025043964509665968, 0.02283905522197485]], "MILO_eps_0.05": [[0.07756019402980804, 0.04813122011065483, 0.04666368589013815, 0.03502231986343861, 0.036284305480718614, 0.03690801119238138, 0.03443167477309704, 0.03863370370417833, 0.02657835800230503, 0.04668157691240311], [0.07936333656430244, 0.05896359934866428, 0.05110284645199776, 0.0411720461845398, 0.04547284954831004, 0.048164070581495765, 0.045091311740875245, 0.04275611781418324, 0.0339260839471221, 0.04068812094509602]]}, "val_accuracies": {"MILO_eps_1e-05": [[97.432, 97.548, 98.274, 98.248, 98.466, 98.468, 98.568, 98.698, 98.846, 98.812], [97.262, 97.94, 98.078, 98.48, 98.62, 98.816, 98.794, 98.956, 98.942, 99.006]], "MILO_eps_0.005": [[97.618, 98.102, 98.666, 98.758, 98.77, 99.042, 98.848, 99.092, 99.126, 99.076], [97.456, 98.37, 98.796, 98.648, 98.772, 99.068, 99.122, 99.086, 99.054, 99.174]], "MILO_eps_0.05": [[97.454, 98.382, 98.334, 98.748, 98.744, 98.66, 98.778, 98.646, 99.066, 98.414], [97.356, 97.866, 98.164, 98.512, 98.386, 98.252, 98.38, 98.426, 98.822, 98.582]]}, "val_f1_scores": {"MILO_eps_1e-05": [[0.9743319463918632, 0.9754551222935948, 0.9827107647014242, 0.9824371317630399, 0.9846280148174367, 0.9846814891392492, 0.9857054889687659, 0.9869893818361708, 0.9884537928920226, 0.9881260624613578], [0.9725996560557162, 0.9794505064707668, 0.9807583456384232, 0.9847823812124034, 0.9862046548937228, 0.9881658610626249, 0.9879247881171798, 0.9895600423654665, 0.9894145854118959, 0.9900703319472741]], "MILO_eps_0.005": [[0.9761301764373886, 0.981078581524554, 0.9866529632187593, 0.987590563319199, 0.9876889619859102, 0.9904284772379881, 0.9885133479320809, 0.9909238875854042, 0.9912554107022599, 0.9907559870024851], [0.9744940976510907, 0.9837242720068456, 0.9879564214045976, 0.9865343047667977, 0.9876823733915174, 0.9906778182512763, 0.991222155254488, 0.9908616270296035, 0.9905317739390286, 0.991735958543695]], "MILO_eps_0.05": [[0.9746459408966347, 0.9838390423152292, 0.9832611413380512, 0.9874749176506977, 0.9874561099211749, 0.9866293502222824, 0.9878013565342231, 0.9865013125854001, 0.9906610792678965, 0.9840829939243436], [0.9736210502782054, 0.9785946282488448, 0.9816730527031388, 0.9850973516619291, 0.9838849223259503, 0.9825203324507592, 0.9837775638175094, 0.9842830148911956, 0.9882566403288408, 0.9858796918294793]]}, "val_aucs": {"MILO_eps_1e-05": [[0.9995975042222222, 0.999697598, 0.9998015413333334, 0.9998117248888889, 0.9998539577777776, 0.9998539308888889, 0.9998467282222222, 0.9998774508888889, 0.9998936124444444, 0.9998923628888889], [0.9995886204444446, 0.9997365313333333, 0.9998210757777777, 0.9998633226666666, 0.999885896, 0.9998800608888889, 0.999903228, 0.9999168817777777, 0.9999017431111111, 0.9999298075555556]], "MILO_eps_0.005": [[0.9997452075555555, 0.9998098006666666, 0.9998858431111112, 0.9999014382222222, 0.999902371111111, 0.9999278457777777, 0.9999201051111111, 0.999932076, 0.9999309324444445, 0.9999465644444443], [0.9997232504444444, 0.9998565408888889, 0.9998981002222223, 0.99989716, 0.999921, 0.9999349286666668, 0.9999463684444445, 0.9999412324444444, 0.9999485184444445, 0.9999543035555556]], "MILO_eps_0.05": [[0.9997422028888889, 0.9998423677777778, 0.9998801304444445, 0.9999046424444445, 0.9999042953333334, 0.999905486, 0.999911, 0.9999204237777779, 0.9999390448888889, 0.9999039599999999], [0.9996046604444444, 0.9997594464444444, 0.999824095111111, 0.9998633800000002, 0.9998641386666668, 0.9998784088888888, 0.9998699357777777, 0.9998739664444445, 0.9999114137777779, 0.9999053328888887]]}}