{"losses": {"milo_LW_normalize_True": [[0.37639316784858706, 0.24503973994731904, 0.2110950419139862, 0.19282988339424134, 0.18245596387863158, 0.17665991982460022, 0.16761485127449036, 0.1634639895105362, 0.15745715967655183, 0.14700966143608094, 0.14841807869911194, 0.14321698259353638, 0.14160832305431367, 0.13818973101615906, 0.13894661106109618], [0.3637831734752655, 0.24180834750175476, 0.20072946932792662, 0.1830829765844345, 0.17623315502166748, 0.1709258687877655, 0.16355274740695952, 0.1568805643224716, 0.15107864946842195, 0.1473018740463257, 0.14383669855594636, 0.14512340267658233, 0.13855709136009217, 0.13381205163002013, 0.13392582706212997], [0.3539066609168053, 0.23366645491600035, 0.19962701413154602, 0.1821680211544037, 0.16687426039218903, 0.1600121589565277, 0.1543343536400795, 0.15028072226524353, 0.1501922913789749, 0.14089416204452515, 0.1371775248003006, 0.13512571518778801, 0.13222670885801316, 0.12850110508441925, 0.1273317597436905]], "milo_LW_normalize_False": [[0.3138901652908325, 0.21449349243164062, 0.19053805282354355, 0.18038230486392975, 0.17521475573062897, 0.17118825787067413, 0.16805957790851592, 0.16470395113945008, 0.16129957114219665, 0.16102250888347625, 0.15599572167396544, 0.155743375082016, 0.15170767407894134, 0.1519528870487213, 0.15032093220949172], [0.438730048418045, 0.29323034208297727, 0.25241320815086365, 0.22885702876091005, 0.2192342315864563, 0.20649727076530455, 0.19709444793701172, 0.1931687020134926, 0.1881679663515091, 0.1814796478652954, 0.17217195506095886, 0.17340077490329742, 0.169287932806015, 0.167713604991436, 0.16168543016433715], [0.4888202816963196, 0.32234155579566953, 0.2743304966545105, 0.25149952809333803, 0.23566922252178193, 0.22548124987602233, 0.21950715434074403, 0.20739275440216065, 0.19958136783599853, 0.19432126540660857, 0.18703922357082367, 0.18562135069847108, 0.17858988097190856, 0.1740465178966522, 0.17108576724767685]]}, "accuracies": {"milo_LW_normalize_True": [[87.562, 91.734, 92.744, 93.126, 93.686, 93.874, 94.192, 94.304, 94.448, 94.848, 94.85, 94.884, 95.096, 95.03, 95.18], [88.022, 91.834, 93.076, 93.67, 94.012, 94.124, 94.426, 94.398, 94.7, 94.872, 94.878, 94.85, 95.14, 95.368, 95.31], [88.488, 91.966, 93.208, 93.712, 94.302, 94.538, 94.578, 94.752, 94.864, 95.106, 95.202, 95.294, 95.404, 95.468, 95.498]], "milo_LW_normalize_False": [[89.546, 92.492, 93.454, 93.63, 93.91, 94.048, 94.05, 94.28, 94.312, 94.404, 94.572, 94.552, 94.708, 94.752, 94.718], [85.342, 89.984, 91.166, 92.01, 92.358, 92.83, 93.088, 93.334, 93.432, 93.64, 93.964, 94.002, 94.126, 94.066, 94.378], [83.772, 88.934, 90.492, 91.388, 91.856, 92.082, 92.404, 92.954, 93.046, 93.218, 93.448, 93.624, 93.768, 93.976, 94.004]]}, "f1_scores": {"milo_LW_normalize_True": [[0.8757554747215245, 0.9173633788425496, 0.9274528692916082, 0.9312824628846954, 0.9368574736179305, 0.9387408531766418, 0.941963901075416, 0.9430361568254815, 0.9444803518174606, 0.9484547811271288, 0.9485006177553942, 0.9488412377968981, 0.9509781570761083, 0.9502864324385625, 0.9517966568733349], [0.8803533858526611, 0.9183639518425692, 0.9307855730699355, 0.936709665584328, 0.940171790323079, 0.9412645030107043, 0.9442514822398262, 0.9440230989535048, 0.9470170421453247, 0.9487270166733637, 0.9487975583454136, 0.9485143698823022, 0.9514133905572166, 0.9536979962500449, 0.9531057295117566], [0.8850004666890923, 0.9197250711051517, 0.9321202684558898, 0.9371455327843009, 0.9430395999208419, 0.9454241616055761, 0.9457964619659134, 0.9475030575400606, 0.9486410667192396, 0.9510745181952235, 0.9520221596219409, 0.952955440934736, 0.9540411163488673, 0.9547020019506001, 0.9549943957000215]], "milo_LW_normalize_False": [[0.8955653040825282, 0.9249609694587072, 0.9345756114109804, 0.9363019486503795, 0.9391097466703018, 0.9404681501266282, 0.9405244445426048, 0.9428151871782242, 0.9431207828772326, 0.9440373577460776, 0.9457191555956308, 0.9455269462126779, 0.9470844457968234, 0.9475327436730308, 0.9472012035406504], [0.8535429600492865, 0.8998517877653335, 0.911667808475365, 0.9200809458823536, 0.9235688542400426, 0.9283309100503819, 0.9308765865343164, 0.9333074631000056, 0.9343283817857184, 0.9363972087844126, 0.9396234942258668, 0.9400199847159076, 0.9412685565007728, 0.9406704058363271, 0.943760203368516], [0.8379789946324927, 0.889376819899858, 0.9049293960529587, 0.9139086922190083, 0.9185438881199183, 0.9208247173914966, 0.9240392547651817, 0.9295209480558004, 0.9304443453606522, 0.9321548269522676, 0.9344595154955867, 0.9362587972134957, 0.9376787720277558, 0.9397510733457283, 0.9400385609511691]]}}