{"lr": 0.0028850098709688925, "lr_decay": 0.011672818604275204, "weight_decay": 0.0005150536103618078, "eps": 4.035813545944358e-07}