{"lr": 0.010902490738765359, "betas": [0.9, 0.98], "weight_decay": 0.0009862467793612653}