{"lr": 0.002896186158894085, "weight_decay": 0.0005127298574431272, "betas": [0.95, 0.99]}