{"lr": 0.004322751955330776, "momentum": 0.9243888834851457, "weight_decay": 0.0007372179800210986}