{"lr": 0.006286766705578023, "betas": [0.9, 0.98], "weight_decay": 0.001743218868544122}