{"lr": 0.0013284190648269844, "weight_decay": 0.0008181914254752851, "betas": [0.95, 0.99]}