{"lr": 0.024208948380582317, "lr_decay": 0.056726770795938034, "weight_decay": 0.000794307692533354, "eps": 7.2903296481874466e-09}