{"lr": 0.039339330820679634, "momentum": 0.8998094246549302, "weight_decay": 0.000662839548718804}