{"lr": 0.03355771956633547, "momentum": 0.9034502356202967, "weight_decay": 0.0009499778117067644}