{"lr": 0.00443251385378245, "weight_decay": 0.0008843088627515674, "betas": [0.9, 0.98]}