{"lr": 0.0826128618686826, "lr_decay": 0.01638547525241285, "weight_decay": 0.0008781516037165359}