{"lr": 0.017742404224804963, "betas": [0.9, 0.98], "weight_decay": 0.0012790436384218147}