{"lr": 0.016132142705007842, "momentum": 0.7934733244263732, "weight_decay": 0.00261537343333295}