{"lr": 0.010797196053270336, "betas": [0.95, 0.99], "weight_decay": 0.0006555151297952681}