{"lr": 0.007342088949363189, "weight_decay": 0.0005981898437781064, "betas": [0.9, 0.98]}