{"lr": 0.007809622309952696, "lr_decay": 0.011408429774526819, "weight_decay": 0.003819719064834646, "eps": 3.8311481724371695e-10}