{"losses": {"milo_LW_weight_decay_0.0001": [[0.03655165289136354, 0.0022077888468383, 0.0002992121929747031, 1.6515668946117283e-05, 1.5754281609630994e-06, 5.367067347441671e-07, 4.0771288014755193e-07, 3.5919627173891895e-07, 3.297452958541669e-07, 3.0581355669418997e-07, 2.8745623685667945e-07, 2.7234110354352007e-07, 2.596775829888524e-07, 2.482954378709934e-07, 2.3919818312236884e-07], [0.06111046807172395, 0.00482622069934637, 0.0002961673847734267, 2.1925550794139306e-05, 1.7117429862873715e-06, 5.632721133441265e-07, 4.406597898857001e-07, 3.8871349514314107e-07, 3.5302093419543233e-07, 3.2704683651208676e-07, 3.0609313038887366e-07, 2.888066372360498e-07, 2.742937425445291e-07, 2.6163221881922993e-07, 2.5078657704658746e-07], [0.06491405109681823, 0.006158602889948674, 0.0014244905324345628, 0.00015895900227841532, 8.084240650888219e-06, 9.918217017546026e-07, 4.706193218262674e-07, 4.0484338765930754e-07, 3.638767092602061e-07, 3.3580072497147263e-07, 3.139927434691714e-07, 2.9707976062513333e-07, 2.8219915071202216e-07, 2.694462842595631e-07, 2.592940653325826e-07]], "milo_LW_weight_decay_0.001": [[0.06404196832317371, 0.0063906536681647115, 0.0014130741468936113, 0.0004134411086588462, 3.0020549200852287e-05, 1.098850255481428e-06, 6.647415689959265e-07, 5.70595151565693e-07, 5.143575529018563e-07, 4.802155478024872e-07, 4.497249404620855e-07, 4.286643697607673e-07, 4.1185095081175406e-07, 3.9755502982229036e-07, 3.8255765321923247e-07], [0.07807614313392351, 0.008173035061080502, 0.0016696624309013109, 0.00028897413091567495, 9.822480232217738e-06, 1.3488563687883944e-06, 7.339930217127014e-07, 6.172320959463443e-07, 5.667557915432534e-07, 5.267613049255715e-07, 5.010435089406684e-07, 4.7635931207992143e-07, 4.5813712910399337e-07, 4.407737975468488e-07, 4.267594376205608e-07], [0.06626238612973011, 0.006671658760154303, 0.001037087818956656, 0.00015276954177050232, 2.660143224285451e-05, 1.2774846752805047e-06, 7.465426894482855e-07, 6.168136050170858e-07, 5.628404867837371e-07, 5.230632751090999e-07, 4.933252874270266e-07, 4.719881416844392e-07, 4.509184586710309e-07, 4.3898842839998527e-07, 4.2414207043274625e-07]], "milo_LW_weight_decay_0.0": [[0.05336700921858754, 0.004768407273705458, 0.000967508940162612, 0.0001871762181090709, 3.463346926331686e-06, 8.611473271057453e-07, 6.171899492137811e-07, 4.912137404508835e-07, 4.449090172980637e-07, 4.089489038369957e-07, 3.8179688897320335e-07, 3.5926980181741896e-07, 3.4170532077162364e-07, 3.259726295568773e-07, 3.1142591601422966e-07], [0.08812761388663845, 0.008957672222013342, 0.0020440109720142427, 0.0001245999897435418, 7.45660205981204e-05, 1.109036842197971e-06, 5.818752418428848e-07, 4.929047590218024e-07, 4.3983829229337817e-07, 4.0117384482663e-07, 3.749260223968302e-07, 3.50758028420491e-07, 3.3292130828132354e-07, 3.149555807065478e-07, 3.006632437426049e-07], [0.06067115901241831, 0.007154227260073371, 0.001808644928990826, 0.0005100448147778437, 3.4139503361804677e-06, 5.795243978042208e-07, 4.2130682053039457e-07, 3.6207045180548885e-07, 3.304008802795503e-07, 3.041248614071179e-07, 2.84810072468981e-07, 2.6924411639051014e-07, 2.5493772185960495e-07, 2.4298162279272615e-07, 2.3230090319685814e-07]]}, "accuracies": {"milo_LW_weight_decay_0.0001": [[99.345, 99.925, 99.99, 100.0, 100.0, 100.0, 100.0, 100.0, 100.0, 100.0, 100.0, 100.0, 100.0, 100.0, 100.0], [99.17, 99.89166666666667, 99.99166666666666, 100.0, 100.0, 100.0, 100.0, 100.0, 100.0, 100.0, 100.0, 100.0, 100.0, 100.0, 100.0], [99.16333333333333, 99.87333333333333, 99.97166666666666, 99.99666666666667, 100.0, 100.0, 100.0, 100.0, 100.0, 100.0, 100.0, 100.0, 100.0, 100.0, 100.0]], "milo_LW_weight_decay_0.001": [[99.14166666666667, 99.85833333333333, 99.97166666666666, 99.99666666666667, 99.99833333333333, 100.0, 100.0, 100.0, 100.0, 100.0, 100.0, 100.0, 100.0, 100.0, 100.0], [99.07166666666667, 99.855, 99.95833333333333, 99.99, 100.0, 100.0, 100.0, 100.0, 100.0, 100.0, 100.0, 100.0, 100.0, 100.0, 100.0], [99.13, 99.855, 99.97, 99.995, 99.99833333333333, 100.0, 100.0, 100.0, 100.0, 100.0, 100.0, 100.0, 100.0, 100.0, 100.0]], "milo_LW_weight_decay_0.0": [[99.20666666666666, 99.88833333333334, 99.97333333333333, 99.99333333333334, 100.0, 100.0, 100.0, 100.0, 100.0, 100.0, 100.0, 100.0, 100.0, 100.0, 100.0], [99.11166666666666, 99.84666666666666, 99.96333333333334, 99.99833333333333, 99.99666666666667, 100.0, 100.0, 100.0, 100.0, 100.0, 100.0, 100.0, 100.0, 100.0, 100.0], [99.30166666666666, 99.88166666666666, 99.97333333333333, 99.99166666666666, 100.0, 100.0, 100.0, 100.0, 100.0, 100.0, 100.0, 100.0, 100.0, 100.0, 100.0]]}, "f1_scores": {"milo_LW_weight_decay_0.0001": [[0.9933821414917224, 0.9992485304197475, 0.9998995156906828, 1.0, 1.0, 1.0, 1.0, 1.0, 1.0, 1.0, 1.0, 1.0, 1.0, 1.0, 1.0], [0.991618236860132, 0.9989041509329961, 0.9999160434095984, 1.0, 1.0, 1.0, 1.0, 1.0, 1.0, 1.0, 1.0, 1.0, 1.0, 1.0, 1.0], [0.9915364148636259, 0.9987283590728568, 0.9997193942956064, 0.9999655748372028, 1.0, 1.0, 1.0, 1.0, 1.0, 1.0, 1.0, 1.0, 1.0, 1.0, 1.0]], "milo_LW_weight_decay_0.001": [[0.9913547262781174, 0.9985761804094858, 0.9997153799961478, 0.9999660553375792, 0.9999835774101673, 1.0, 1.0, 1.0, 1.0, 1.0, 1.0, 1.0, 1.0, 1.0, 1.0], [0.9906174553613724, 0.9985359959004606, 0.9995819240287702, 0.9998979191614161, 1.0, 1.0, 1.0, 1.0, 1.0, 1.0, 1.0, 1.0, 1.0, 1.0, 1.0], [0.9912373861273164, 0.9985446287019183, 0.9996963287613466, 0.9999486636932149, 0.9999830365393102, 1.0, 1.0, 1.0, 1.0, 1.0, 1.0, 1.0, 1.0, 1.0, 1.0]], "milo_LW_weight_decay_0.0": [[0.9920180344174009, 0.9988701866197701, 0.9997303069035457, 0.9999309459370161, 1.0, 1.0, 1.0, 1.0, 1.0, 1.0, 1.0, 1.0, 1.0, 1.0, 1.0], [0.9910107875109169, 0.9984587340442326, 0.9996271729936396, 0.999983863849315, 0.9999657877640897, 1.0, 1.0, 1.0, 1.0, 1.0, 1.0, 1.0, 1.0, 1.0, 1.0], [0.9929345503947109, 0.9988080030963185, 0.9997292840081571, 0.9999157599060586, 1.0, 1.0, 1.0, 1.0, 1.0, 1.0, 1.0, 1.0, 1.0, 1.0, 1.0]]}}