{"val_losses": {"milo_eps_1e-05": [[1.3104639686584472, 1.0263762767791749, 0.8582020984649659, 0.7445035667419434, 0.6985793940544128, 0.6137746524810791, 0.610288222026825, 0.5719215035438537, 0.5283224784851074, 0.5206121584892273, 0.4834899706363678, 0.4906338005065918, 0.45740735664367677, 0.45876115260124206, 0.45066204652786257], [1.2529169694900513, 0.9504736398696899, 0.8449128786087036, 0.725752878189087, 0.6635111684799194, 0.6004184768676758, 0.5562894964218139, 0.5422128903388977, 0.5255407551288604, 0.4721144673347473, 0.4781952263832092, 0.47615420980453493, 0.4459564277648926, 0.4395113112926483, 0.4329399302959442], [1.3631513635635375, 1.0897057357788087, 0.9239746886253357, 0.7902881966590881, 0.6915642512321473, 0.647997682762146, 0.6015795063972473, 0.5710589281082153, 0.5245180150032044, 0.5132140449523925, 0.5027531011581421, 0.46576837525367737, 0.44380622968673705, 0.4433107829093933, 0.4269496588230133]], "milo_eps_0.005": [[1.3652109294891357, 1.0484105829238892, 0.9106640491485596, 0.8128670379638672, 0.6685109245300292, 0.6181169872283936, 0.5504586720466613, 0.5350710463523864, 0.52470825881958, 0.48073036990165713, 0.47670535364151, 0.4439893009662628, 0.4344210590362549, 0.4133068256378174, 0.4232901808738708], [1.380483406829834, 1.0708548517227172, 0.9516287910461426, 0.7826202188491821, 0.7495188245773315, 0.6432196213722229, 0.6125748685836792, 0.559126325893402, 0.5189596667289734, 0.5082570189476013, 0.4707504005432129, 0.4702233054637909, 0.45690549116134643, 0.42348274250030515, 0.4164145648956299], [1.3370341945648194, 1.0147589710235596, 0.8308496044158935, 0.7500278322219849, 0.711733153629303, 0.5924411858558655, 0.5273529253005982, 0.5407461192131042, 0.4786011157989502, 0.4545756720542908, 0.4537289232492447, 0.4297134431838989, 0.4223106345176697, 0.4293202162742615, 0.38681166744232176]], "milo_eps_0.05": [[1.424010606765747, 1.1059084497451783, 0.9519319777488708, 0.8178487132072448, 0.7037454736709595, 0.6022957012176514, 0.5545340727806092, 0.5204597948074341, 0.5043812175750733, 0.4538293468475342, 0.4636818653821945, 0.42043978915214536, 0.423950535774231, 0.4070690680503845, 0.3950244442939758], [1.3949169324874877, 1.0376099776268006, 0.9029652221679687, 0.8072045263290405, 0.6847325650215149, 0.6223716938972473, 0.5725923951625824, 0.5411944826602936, 0.5038514290809631, 0.4960112550735474, 0.46029290170669557, 0.4494332785606384, 0.42389223642349244, 0.41200429553985596, 0.42807756562232974], [1.3818993797302246, 1.075105542564392, 0.8742664215087891, 0.7630298007965088, 0.6549415370941162, 0.6016327067375183, 0.5349356931686401, 0.5168753759384155, 0.49777916326522825, 0.47792906951904296, 0.45429172258377076, 0.4417119879722595, 0.40769485130310057, 0.40512868847846983, 0.39102782979011536]]}, "val_accuracies": {"milo_eps_1e-05": [[51.64, 63.12, 69.54, 73.65, 75.71, 78.78, 79.32, 80.58, 81.83, 82.48, 83.65, 83.02, 84.33, 84.8, 84.98], [55.0, 65.79, 69.91, 74.91, 77.24, 79.26, 81.18, 81.39, 81.86, 83.77, 83.69, 84.05, 85.07, 85.14, 85.62], [50.02, 60.41, 67.26, 72.14, 75.64, 77.16, 79.22, 80.53, 82.16, 82.58, 82.69, 83.74, 85.28, 85.0, 85.78]], "milo_eps_0.005": [[49.43, 62.48, 67.08, 71.29, 76.63, 78.65, 80.87, 81.63, 81.62, 83.4, 83.83, 85.04, 85.61, 86.54, 85.82], [48.98, 61.26, 66.16, 72.41, 73.36, 77.72, 78.07, 80.88, 81.92, 82.81, 83.87, 83.64, 84.55, 85.66, 85.88], [51.35, 63.55, 70.43, 73.82, 75.68, 79.47, 82.23, 81.6, 83.57, 84.58, 84.62, 86.09, 85.89, 85.55, 86.7]], "milo_eps_0.05": [[47.6, 60.78, 66.67, 71.16, 74.93, 79.16, 80.97, 81.91, 82.92, 84.73, 84.06, 85.42, 85.75, 85.99, 86.68], [48.98, 62.41, 68.27, 70.73, 76.08, 78.25, 80.07, 81.19, 82.76, 83.2, 84.29, 84.67, 85.47, 85.9, 85.68], [49.74, 61.75, 69.02, 73.34, 76.97, 78.9, 81.47, 82.42, 83.01, 83.73, 84.45, 85.11, 86.52, 86.23, 86.87]]}, "val_f1_scores": {"milo_eps_1e-05": [[0.505113038593262, 0.6254538647540162, 0.6929173002118713, 0.737080100930854, 0.7570627389405563, 0.7864567006551846, 0.7918805686437294, 0.805871064632527, 0.8183802136368516, 0.8228576986117803, 0.8370834209809288, 0.8299634191758363, 0.8429639936341106, 0.847324743618864, 0.849437396537901], [0.54660785006559, 0.6548432749649213, 0.6938936147668284, 0.7467069821170341, 0.7710783600023807, 0.7904890139496817, 0.8103553619578191, 0.814677048309553, 0.817228299291133, 0.837263605999573, 0.835001392983466, 0.8401955805368899, 0.8500840701040115, 0.8510036497347455, 0.8554546822413849], [0.47954851050530467, 0.6038211974149936, 0.6721046777936401, 0.7199715581485264, 0.7551543069979675, 0.7712763522416262, 0.7909896036274442, 0.8046498750548221, 0.8217622709838249, 0.8253735658988945, 0.8265616627278007, 0.8371285350175233, 0.851903360727366, 0.8497443407762738, 0.8576039079641609]], "milo_eps_0.005": [[0.4933591065805536, 0.6240327339440148, 0.6749975238802064, 0.7116012738947252, 0.7667367931680119, 0.7861652752257621, 0.8076433826046081, 0.8153333795031802, 0.8148554949086172, 0.8342722657667665, 0.8387029516855099, 0.8491127309681481, 0.8556594399912811, 0.8646575661015437, 0.8572701052538181], [0.4802300873820128, 0.6075220848657186, 0.6634355723218024, 0.7195106001784752, 0.7323963136795598, 0.776690831476229, 0.7806840749474302, 0.8062281555221282, 0.8176925890070127, 0.8293674342912105, 0.8373976363716359, 0.8358603088176826, 0.8466664026668116, 0.8556416969098185, 0.8568137510745195], [0.5054534228889527, 0.6254925498872922, 0.699996061123199, 0.7345402814753694, 0.7545912629732296, 0.7961912464687613, 0.8211237192015881, 0.8130601157094361, 0.8358152727574456, 0.8457348052633902, 0.8455562155447293, 0.861311077360288, 0.8576275916539264, 0.8574429445029474, 0.8667479459531364]], "milo_eps_0.05": [[0.46848750258478483, 0.6060065550062423, 0.6637126319599519, 0.7102826669611444, 0.7514892939097821, 0.7893426900249024, 0.8089642894377123, 0.8186950217918106, 0.8278461485997919, 0.8477918039255616, 0.8413817713030991, 0.8541341794519994, 0.8576970490509849, 0.8601457048451406, 0.8668002747632302], [0.4721283916166792, 0.6176159063242432, 0.6816238724916277, 0.7070605079214733, 0.7611353894655507, 0.7794932574222413, 0.8027805251451715, 0.8121323053882612, 0.8270586594554894, 0.8307102094895136, 0.8428620299635826, 0.8473084475048914, 0.854599020413332, 0.858757885697188, 0.8551884812035867], [0.47169339737946825, 0.6123787280658746, 0.6870586078291318, 0.7309724971348606, 0.7684482459612518, 0.7880191767462252, 0.8145385437925621, 0.824196519515555, 0.8293038598953549, 0.8378187988609005, 0.846111606911658, 0.8521641671937472, 0.8652142525089859, 0.8612817761728012, 0.867563765184264]]}, "val_aucs": {"milo_eps_1e-05": [[0.0, 0.0, 0.0, 0.0, 0.0, 0.0, 0.0, 0.0, 0.0, 0.0, 0.0, 0.0, 0.0, 0.0, 0.0], [0.0, 0.0, 0.0, 0.0, 0.0, 0.0, 0.0, 0.0, 0.0, 0.0, 0.0, 0.0, 0.0, 0.0, 0.0], [0.0, 0.0, 0.0, 0.0, 0.0, 0.0, 0.0, 0.0, 0.0, 0.0, 0.0, 0.0, 0.0, 0.0, 0.0]], "milo_eps_0.005": [[0.0, 0.0, 0.0, 0.0, 0.0, 0.0, 0.0, 0.0, 0.0, 0.0, 0.0, 0.0, 0.0, 0.0, 0.0], [0.0, 0.0, 0.0, 0.0, 0.0, 0.0, 0.0, 0.0, 0.0, 0.0, 0.0, 0.0, 0.0, 0.0, 0.0], [0.0, 0.0, 0.0, 0.0, 0.0, 0.0, 0.0, 0.0, 0.0, 0.0, 0.0, 0.0, 0.0, 0.0, 0.0]], "milo_eps_0.05": [[0.0, 0.0, 0.0, 0.0, 0.0, 0.0, 0.0, 0.0, 0.0, 0.0, 0.0, 0.0, 0.0, 0.0, 0.0], [0.0, 0.0, 0.0, 0.0, 0.0, 0.0, 0.0, 0.0, 0.0, 0.0, 0.0, 0.0, 0.0, 0.0, 0.0], [0.0, 0.0, 0.0, 0.0, 0.0, 0.0, 0.0, 0.0, 0.0, 0.0, 0.0, 0.0, 0.0, 0.0, 0.0]]}}