{"val_losses": {"MILO_LW_lr_0.01": [[0.27262788812120753, 0.19966585771143436, 0.16854337911407133, 0.1526617228726546, 0.14359995159708586, 0.1360332513252894, 0.1315034447545695, 0.12824763644653747, 0.1240877792015029, 0.12075734993098304], [0.15074814975659054, 0.1396441878918015, 0.13190647941430408, 0.12617441215117772, 0.12328807787895203, 0.12099747866298276, 0.11899773379365604, 0.11761375579237938, 0.11610947203437487, 0.11410877700845401]], "MILO_LW_lr_0.1": [[0.5461001352071763, 0.2865137124180794, 0.16871644113063813, 0.1317618997911612, 0.12479050452609854, 0.10148132593138143, 0.1065799912743074, 0.08984238813963408, 0.08793763918841423, 0.0827259047029074], [0.26191663130521775, 0.17317606520255407, 0.15454108791351318, 0.12166044062773386, 0.11077675778644624, 0.11293660061955452, 0.10654267051991385, 0.09497617787319268, 0.0931754694720444, 0.08798401676157179]], "MILO_LW_lr_0.001": [[0.08672210918654649, 0.08625670971204527, 0.08596877049590888, 0.08585198302467664, 0.08554905937669027, 0.08539041539454678, 0.08526743514140447, 0.08513965654137622, 0.08503675092367532, 0.0849499064027293], [0.08624392597170082, 0.08589132884048728, 0.08561243636806806, 0.0854185156728141, 0.08525248120018895, 0.0850355944131889, 0.08487815641945538, 0.08476238415787547, 0.08466814468188677, 0.0846052640876888]]}, "val_accuracies": {"MILO_LW_lr_0.01": [[96.65, 96.68833333333333, 96.77833333333334, 96.84333333333333, 96.85666666666667, 96.895, 96.93833333333333, 96.95666666666666, 96.95666666666666, 96.99833333333333], [95.94, 96.29666666666667, 96.42833333333333, 96.46833333333333, 96.53166666666667, 96.55666666666667, 96.59333333333333, 96.62, 96.645, 96.655]], "MILO_LW_lr_0.1": [[94.26, 96.08833333333334, 96.46666666666667, 96.785, 97.01666666666667, 97.25666666666666, 97.25166666666667, 97.44333333333333, 97.50833333333334, 97.58833333333334], [94.82333333333334, 95.82, 96.305, 96.56666666666666, 96.76, 96.97166666666666, 96.91166666666666, 97.01166666666667, 97.09333333333333, 97.20333333333333]], "MILO_LW_lr_0.001": [[97.16666666666667, 97.17833333333333, 97.18333333333334, 97.185, 97.19666666666667, 97.195, 97.19833333333334, 97.2, 97.20333333333333, 97.20333333333333], [97.16833333333334, 97.17, 97.17833333333333, 97.18, 97.18333333333334, 97.185, 97.19166666666666, 97.19333333333333, 97.195, 97.19666666666667]]}, "val_f1_scores": {"MILO_LW_lr_0.01": [[0.9671654938858669, 0.967741526032641, 0.9687333503532642, 0.9693839189279478, 0.9695819145630958, 0.9699368486402923, 0.9703854643361653, 0.9705360609763304, 0.9705466133634086, 0.970967299860836], [0.9614727662183252, 0.9646839836420792, 0.965886494104985, 0.9662627321529242, 0.9668379680256152, 0.9670503236999244, 0.9674113838060053, 0.9676222290674399, 0.9678764311199938, 0.9679367167349767]], "MILO_LW_lr_0.1": [[0.9453271366325113, 0.962191085000972, 0.9660311113918185, 0.9689647790679057, 0.9710366767985967, 0.973361509927569, 0.9733184810313986, 0.9751515421301334, 0.9757949661099985, 0.9765481592074053], [0.9510624789175935, 0.9600721390442646, 0.9644680457595063, 0.9670540935974012, 0.9688430289140074, 0.9706897088038218, 0.9702331322603108, 0.9711903411270935, 0.971975513144737, 0.9729983330160363]], "MILO_LW_lr_0.001": [[0.9726847978727984, 0.9727894577013199, 0.9728356890200921, 0.9728523588676085, 0.9729560974830159, 0.9729331240794753, 0.9729663075730739, 0.9729804042749082, 0.9730122940813859, 0.9730122940813859], [0.9727182439690907, 0.9727236695357757, 0.9727988842068489, 0.9728104240719807, 0.9728434898331495, 0.9728548996438697, 0.9729224018428484, 0.9729366274075477, 0.9729534450064031, 0.972966923537107]]}, "val_aucs": {"MILO_LW_lr_0.01": [[0.9986367624253291, 0.9988161537071927, 0.9988890934179728, 0.9989399224342387, 0.9989642543953344, 0.9990017885094584, 0.9990200638993354, 0.9990379491101145, 0.9990481140750145, 0.9990628615275939], [0.9984129778987952, 0.998649095715653, 0.9987462881600253, 0.9987812669387909, 0.9988141920695867, 0.9988351467083122, 0.9988633915514752, 0.9988763687996582, 0.9988940312846875, 0.998906594218629]], "MILO_LW_lr_0.1": [[0.9960767681994854, 0.9982106342648533, 0.9987160949061256, 0.9989696047120479, 0.9991078786240383, 0.9992829893274825, 0.9992832578210018, 0.9993719745476911, 0.9994045794279138, 0.9994347254171464], [0.9974446738547161, 0.9982979680248396, 0.9986856326589324, 0.9989135714192809, 0.999009942014081, 0.9991307729012096, 0.9991337027855514, 0.9992008885669035, 0.9992272683174136, 0.9992896911774141]], "MILO_LW_lr_0.001": [[0.9992748975423342, 0.9992785294808669, 0.9992824218027646, 0.999284584199328, 0.9992901318987555, 0.9992907592040015, 0.9992935200007812, 0.9992937524456117, 0.9992949451888464, 0.9992976611968174], [0.9992775592321708, 0.9992819788073934, 0.9992856583954876, 0.9992885395044973, 0.9992890393212519, 0.9992919420310493, 0.9992924609612114, 0.9992932148706158, 0.9992948095829064, 0.9992948744332819]]}}