{"losses": {"milo_LW_scale_aware_True": [[6.44791904006958, 5.50188657623291, 5.437974799194336, 5.455128842163086, 5.377371633605957, 5.346303499450683, 5.317939593048096, 5.255654314575195, 5.227805837707519, 5.207513064270019, 5.201300512237549, 5.151670567779541, 5.1472132255554195, 5.117141239776611, 5.045102975463867], [5.202860165863037, 4.137108968200684, 4.028837400970459, 3.9368851348876954, 3.8506867306518555, 3.794766246795654, 3.787831743927002, 3.743133997879028, 3.6677885676574706, 3.657933657684326, 3.6254214373779297, 3.568554754486084, 3.545573941040039, 3.530103712158203, 3.495415291442871], [4.119878657150268, 3.4215830071258546, 3.316906253814697, 3.276687095489502, 3.2031330143737793, 3.2129657592773437, 3.147449124908447, 3.1550509700775144, 3.098476043167114, 3.0601928716278075, 3.013154882659912, 3.000349811553955, 2.9943193749237063, 2.9832068994903564, 2.95418088973999]], "milo_LW_scale_aware_False": [[3.0927482238769533, 2.885444076461792, 2.842842228012085, 2.7686301859283446, 2.7097322271728514, 2.7928487154388426, 2.686203458251953, 2.657756615600586, 2.6404716850280763, 2.5942679902648926, 2.584547426071167, 2.5790633974456787, 2.5456436457824707, 2.552288428955078, 2.5286450467681885], [2.6285974488830566, 2.499970494384766, 2.5083916834259035, 2.436916839675903, 2.394331468505859, 3.1097557316589355, 2.119162251586914, 2.0295641851806643, 1.9955981741333009, 1.945185156288147, 1.9459582522583008, 1.9290380642318725, 1.9206616970062256, 1.905573314590454, 1.896427578125], [2.154321365432739, 1.9188741524505615, 1.7818744143676757, 1.7135304933929443, 1.6843255850601195, 1.792304983444214, 1.6395699557495118, 1.5807876263046265, 1.5353681064605713, 1.512607792892456, 1.4846921532821655, 1.4595447208023071, 1.4429306223297118, 1.415841617126465, 1.39953951171875]]}, "accuracies": {"milo_LW_scale_aware_True": [[11.222, 12.542, 13.064, 13.38, 14.172, 14.424, 14.856, 15.206, 15.378, 15.38, 15.29, 15.702, 15.68, 15.486, 15.752], [13.664, 15.276, 15.718, 16.632, 17.028, 17.184, 17.346, 17.54, 17.88, 17.684, 18.176, 18.242, 18.636, 18.486, 18.83], [16.674, 18.324, 19.024, 19.464, 19.754, 19.752, 20.214, 20.392, 20.546, 20.836, 20.936, 21.046, 21.156, 21.376, 21.406]], "milo_LW_scale_aware_False": [[19.256, 20.532, 20.964, 21.506, 22.166, 22.396, 22.22, 22.29, 22.434, 22.85, 23.048, 23.16, 23.336, 23.194, 23.528], [20.764, 22.038, 22.552, 22.77, 23.314, 23.504, 28.224, 30.59, 31.158, 31.896, 32.2, 32.806, 32.61, 33.608, 33.606], [28.11, 33.524, 37.198, 39.89, 41.104, 42.216, 42.618, 44.558, 45.888, 46.694, 47.49, 48.682, 48.9, 50.208, 50.974]]}, "f1_scores": {"milo_LW_scale_aware_True": [[0.08010248513404304, 0.09298730481253575, 0.09457218765591646, 0.09753991851406728, 0.10733507165899348, 0.10801460244064091, 0.11486109669557268, 0.11831113329348794, 0.1173790237463527, 0.11843009692361661, 0.11786157283165066, 0.12057994403142598, 0.12209061686800957, 0.11997980130974135, 0.1226850649207061], [0.11015069456668133, 0.1205959203742126, 0.12002191587654165, 0.1279117478892299, 0.12993964341215247, 0.12868414328210742, 0.13330140758229897, 0.1334116466832701, 0.1355183948616528, 0.13254868591516816, 0.13458313600444904, 0.13989022887918712, 0.1421094471372854, 0.1422381293026093, 0.14842818851865044], [0.13703245511127343, 0.1489961414468898, 0.1541654652732388, 0.1598575045254311, 0.16491561943952723, 0.16276533741034396, 0.16505081671809432, 0.1711286179254079, 0.17143792098908264, 0.17454243617681436, 0.17491967466850983, 0.17710863374160538, 0.17666254565648398, 0.17959830519778436, 0.180116781547508]], "milo_LW_scale_aware_False": [[0.1587485968231327, 0.1712165586584498, 0.1741676189618942, 0.17974594579655562, 0.1872036364770041, 0.19074875613032063, 0.1886737970900518, 0.18810740356995298, 0.18932293249691023, 0.19328601292430472, 0.19661955529420597, 0.19766527061863287, 0.19844166082474507, 0.19808841503510402, 0.20030518878808606], [0.16584432350457076, 0.17999851770752656, 0.1870516774488387, 0.18431381571282804, 0.1840177614316993, 0.18706911216304425, 0.23500035606424138, 0.25791568406336207, 0.26492547040106307, 0.2714615184966021, 0.2765226572208458, 0.2849191035228864, 0.28090447377428407, 0.29333260246604514, 0.2948483450229555], [0.24601877067907632, 0.29828633623992024, 0.34102880758229803, 0.36979008625034676, 0.38329371049760136, 0.3956774528197933, 0.4012471599085107, 0.4264998600458383, 0.44078057769129975, 0.4493130039725674, 0.4582235079534788, 0.4724525460244742, 0.47420284794885736, 0.48687001818164316, 0.4937809534051015]]}}