{"losses": {"milo_LW_weight_decay_0.0001": [[1.0143398934936523, 0.759188980293274, 0.7021808974266053, 0.6730889613342285, 0.6414127117919922, 0.6282998982429504, 0.6168043294143677, 0.6027302229690552, 0.5918495734977722, 0.5798002274703979, 0.5747392292404174, 0.566833175907135, 0.5622883590888977, 0.5564682415771485, 0.5506467907714844], [0.801277170715332, 0.6415071969985962, 0.6771657799148559, 0.5738915915870666, 0.5581306739234925, 0.5457509916305542, 0.5276720864486695, 0.5209085914421081, 0.5176166327667236, 0.5063661212825775, 0.500187697467804, 0.4981370007324219, 0.4887041460227966, 0.48435101779937745, 0.47814132740020754], [0.7222262738800049, 0.5883987558937073, 0.5482880980300904, 0.5150299635314941, 0.49538814178466795, 0.48000892751693724, 0.47408835333824156, 0.46657328468322756, 0.46145026825904845, 0.4458018996715546, 0.4505427388000488, 0.4406316524887085, 0.44148079124450684, 0.43272536231040953, 0.42628293218612673]], "milo_LW_weight_decay_0.001": [[0.646373123254776, 0.5161538751220703, 0.47923169631958007, 0.4606843516254425, 0.44415708068847654, 0.4396443846988678, 0.4271861507415772, 0.42168194728851316, 0.41190477937698367, 0.4095027287006378, 0.40336245677947996, 0.3985588992977142, 0.39026064098358154, 0.38684093955993654, 0.37773171133995054], [0.6020981116104126, 0.46015749298095704, 0.42301914507865906, 0.4017354440879822, 0.3799273707008362, 0.3683904012489319, 0.3593620296669006, 0.3494677635574341, 0.34568123205184936, 0.3387347108268738, 0.33262163173675535, 0.32773241779327394, 0.3239710126686096, 0.3153682519340515, 0.3139306084728241], [0.5562870435905457, 0.41336960869789124, 0.3805772718334198, 0.3576119163322449, 0.34234767820358275, 0.33138848660469056, 0.32435114609718324, 0.3122130974006653, 0.30564713262557985, 0.29564400752067566, 0.2944319905662537, 0.2930673984861374, 0.28573229488372803, 0.2821105013751984, 0.2804925568008423]], "milo_LW_weight_decay_0.0": [[0.5121447033023834, 0.3770817819213867, 0.34666673253536223, 0.32153364912986754, 0.31039993842601776, 0.29868080224990845, 0.28942980735778806, 0.2866277002906799, 0.2785867076969147, 0.27236336404561995, 0.26642675025939944, 0.2633983349990845, 0.25753362431526183, 0.2564450372982025, 0.24844270219802855], [0.4928306262874603, 0.3520568724155426, 0.31848787140369417, 0.3010919584274292, 0.29526587827682493, 0.2810036813545227, 0.27366667624473573, 0.26506114246368406, 0.25525578894615175, 0.2510933891677856, 0.24677543955802916, 0.24466981112003328, 0.242693675365448, 0.2408189306640625, 0.23461832445621492], [0.46859098474502564, 0.33887687364578245, 0.29948054760932924, 0.28065452116012574, 0.26990371616840364, 0.2610190941810608, 0.2528767712879181, 0.24163179976463317, 0.24282391925811767, 0.2394487846660614, 0.2333946984767914, 0.2286718407535553, 0.22652977474212646, 0.22582640552520752, 0.22225624291419982]]}, "accuracies": {"milo_LW_weight_decay_0.0001": [[65.902, 74.522, 76.764, 77.424, 78.436, 78.978, 79.562, 79.876, 80.262, 80.668, 80.874, 81.244, 81.21, 81.676, 81.586], [73.358, 78.636, 80.128, 81.058, 81.54, 81.854, 82.476, 82.654, 82.906, 83.164, 83.23, 83.496, 83.784, 83.89, 84.034], [76.406, 81.138, 82.24, 83.03, 83.634, 84.01, 84.206, 84.624, 84.748, 85.248, 85.208, 85.444, 85.47, 85.7, 85.886]], "milo_LW_weight_decay_0.001": [[78.604, 82.85, 84.28, 84.764, 85.426, 85.458, 86.002, 86.072, 86.358, 86.52, 86.572, 86.676, 87.024, 87.072, 87.256], [80.074, 84.556, 85.634, 86.37, 87.088, 87.388, 87.672, 87.894, 88.258, 88.394, 88.62, 88.566, 88.842, 89.164, 89.136], [81.466, 86.106, 87.108, 87.714, 88.246, 88.652, 88.78, 89.094, 89.422, 89.774, 89.744, 89.956, 90.046, 90.268, 90.192]], "milo_LW_weight_decay_0.0": [[82.968, 87.2, 88.106, 88.782, 89.412, 89.778, 89.89, 90.094, 90.266, 90.554, 90.798, 90.916, 91.084, 91.07, 91.248], [83.582, 88.006, 89.044, 89.556, 89.83, 90.248, 90.596, 90.832, 91.22, 91.33, 91.418, 91.466, 91.466, 91.68, 91.828], [84.416, 88.478, 89.6, 90.214, 90.646, 90.994, 91.132, 91.618, 91.6, 91.664, 92.006, 91.968, 92.082, 92.004, 92.128]]}, "f1_scores": {"milo_LW_weight_decay_0.0001": [[0.6598159287991858, 0.7456537492697776, 0.767719654245257, 0.7743502960466431, 0.7844525432453864, 0.789985735736355, 0.7956936068371621, 0.7988545941079062, 0.8025247909782511, 0.8066259590265684, 0.8087942568779034, 0.8124095737359249, 0.8121584328544122, 0.8168415901569102, 0.8159225039696173], [0.7340085518225475, 0.7865951759354466, 0.8012839850692796, 0.8107161419345401, 0.815517401401676, 0.8187720260807249, 0.8248678287331741, 0.8266594338083795, 0.8292130683576717, 0.831734434679649, 0.8323406787198409, 0.835075917902962, 0.8378961577932476, 0.8390012017510109, 0.8404870899200553], [0.7647807553923565, 0.8115855297590736, 0.8224881755762375, 0.8303892093812291, 0.8364055008019013, 0.8402046623225472, 0.8420330264879808, 0.8462457174807213, 0.8475217824361584, 0.8525381790203952, 0.8521336471978602, 0.8543631499125721, 0.8546775754331039, 0.8569426274156304, 0.8588802578391237]], "milo_LW_weight_decay_0.001": [[0.7863797153973427, 0.8285611499925739, 0.8427986046244864, 0.8476263178119294, 0.854286279688575, 0.8546494420382273, 0.8600783200408699, 0.8607864966273983, 0.8636644189832363, 0.8652545444784441, 0.8657383717645099, 0.866775861046003, 0.8703222060743686, 0.8706511061655713, 0.872530136092271], [0.8010009976611266, 0.8455280078579637, 0.856404494703861, 0.8636812249425532, 0.8709164726653038, 0.8738038874073529, 0.8766462845512443, 0.8789460546882781, 0.8826066569677063, 0.8838505939573403, 0.8861178272302291, 0.8856499977799699, 0.8883866239649834, 0.8915669909736806, 0.8913485435387946], [0.8148249419908936, 0.8610247260774756, 0.8710414811115941, 0.8771775246153807, 0.8823771366878971, 0.8864503133858708, 0.8876968836093158, 0.8909200420641774, 0.8941948755985111, 0.8977239706885018, 0.8974426701018249, 0.8995207564184449, 0.9004287366891859, 0.902629437784146, 0.9018502463619775]], "milo_LW_weight_decay_0.0": [[0.8297972215996452, 0.8719915304192931, 0.8810541689517539, 0.8878520008988691, 0.8940716029633015, 0.8977961982963677, 0.8988981881297251, 0.9008960897211729, 0.9026443178836013, 0.9055062568742933, 0.907968742501434, 0.9091381331142614, 0.9107847091348351, 0.9106566462548468, 0.9124755901316111], [0.8358628748753547, 0.8800434081955244, 0.8903831747830677, 0.8955901583343092, 0.8982989543995619, 0.9024460468552871, 0.9059908483204124, 0.9083163233882727, 0.9121810784076644, 0.9133157481750513, 0.914166200740911, 0.9146396364672412, 0.9146543107661707, 0.9167953539769773, 0.9182852082762247], [0.8443415308067175, 0.8847884190049495, 0.8959552338572948, 0.9021508137156227, 0.9064550437131083, 0.9098834578142541, 0.9113383648241509, 0.9162196753655432, 0.9159844004042885, 0.916612404941846, 0.920046982387176, 0.919711323681575, 0.9208239385837947, 0.9199897313791594, 0.921275155401575]]}}