{"losses": {"milo_baseline_normalize": [[0.02448775256271346, 0.0015694442377189412, 9.507322812889296e-05, 8.837394432163528e-05, 8.668714433663721e-05, 8.524110867781426e-05, 8.392869711549326e-05, 8.43763360520389e-05, 8.373625342398725e-05, 8.143615351183833e-05, 8.19838488140776e-05, 7.956905301413251e-05, 8.01324414026233e-05, 7.977099410556458e-05, 7.749271131921311e-05], [0.03855791286723617, 0.0013305949598709412, 0.0002560158060787658, 8.577921091934837e-05, 6.854123107286038e-05, 6.415257444780522e-05, 6.354339021916704e-05, 7.501060058895597e-05, 6.648588284514977e-05, 7.389550914864315e-05, 6.24757395357045e-05, 5.7518472498455015e-05, 6.757078405541309e-05, 5.8499283912491746e-05, 6.662869416483279e-05], [0.033647708630169484, 0.0007081764766018661, 6.55490363072469e-05, 6.466029738409643e-05, 5.971452766810224e-05, 6.101730868394254e-05, 6.0289826906338465e-05, 5.8594391939452825e-05, 5.856049915385206e-05, 5.655692550996096e-05, 5.315668717397178e-05, 5.238357407724171e-05, 5.418693928669794e-05, 5.34618341465657e-05, 5.251167752216664e-05]], "milo_normalize_False": [[0.02562616695296711, 0.004472010239843662, 0.0016216810102495619, 0.0007509604747948806, 0.0009587752433900748, 0.000613063172522768, 0.0007231081331699185, 0.0012048504288141109, 0.0009517349461171875, 0.001166209945578468, 0.0010624706876730054, 0.000954333225371848, 0.0007810369122029139, 0.0008783318384359821, 0.001071282942510201], [0.06453590440007052, 0.010946635932922315, 0.004732033394313233, 0.0019391865604304864, 0.0015452758406618765, 0.0015094611234002212, 0.0016727611363865436, 0.0017903644628007897, 0.0019473417776743494, 0.002031864101750155, 0.0022828807339033423, 0.002358237343134048, 0.002332293119095266, 0.002388014818964681, 0.002504449742496945], [0.06612793598758678, 0.01229654946004351, 0.006363938217051327, 0.004612228385172785, 0.004034371555193017, 0.0038680703070946036, 0.004008390733972192, 0.004229999834485352, 0.004292539534904063, 0.004463888359069824, 0.004672553591243923, 0.004895541467828056, 0.004959601263950268, 0.005041171708454689, 0.005195310819024841]]}, "accuracies": {"milo_baseline_normalize": [[99.79166666666667, 99.98166666666667, 99.99833333333333, 99.99666666666667, 99.99666666666667, 99.99666666666667, 99.99833333333333, 99.99666666666667, 99.99833333333333, 99.99666666666667, 99.99833333333333, 99.99666666666667, 99.99833333333333, 99.99833333333333, 99.99833333333333], [99.71166666666667, 99.975, 99.99333333333334, 99.99666666666667, 99.99666666666667, 99.99833333333333, 99.99833333333333, 99.99666666666667, 99.99666666666667, 99.99666666666667, 99.99666666666667, 99.99833333333333, 99.99666666666667, 99.99833333333333, 99.99666666666667], [99.75, 99.985, 99.99666666666667, 99.99666666666667, 99.99833333333333, 99.99833333333333, 99.99833333333333, 99.99833333333333, 99.99833333333333, 99.99833333333333, 99.99833333333333, 99.99833333333333, 99.99833333333333, 99.99833333333333, 99.99833333333333]], "milo_normalize_False": [[99.64833333333333, 99.895, 99.95166666666667, 99.97833333333334, 99.97, 99.98166666666667, 99.98333333333333, 99.96333333333334, 99.98, 99.96333333333334, 99.98, 99.98833333333333, 99.99833333333333, 99.99833333333333, 99.99166666666666], [98.84333333333333, 99.665, 99.85166666666667, 99.965, 99.99166666666666, 99.99666666666667, 99.995, 99.99833333333333, 99.99833333333333, 99.99666666666667, 99.99166666666666, 99.99, 99.99833333333333, 99.99666666666667, 100.0], [98.365, 99.58833333333334, 99.855, 99.94333333333333, 99.96666666666667, 99.98333333333333, 99.98166666666667, 99.98666666666666, 99.98833333333333, 99.98333333333333, 99.98333333333333, 99.98, 99.98666666666666, 99.98833333333333, 99.98666666666666]]}, "f1_scores": {"milo_baseline_normalize": [[0.9979011653308205, 0.9998147108445105, 0.9999832991104712, 0.9999667022134602, 0.9999667022134602, 0.9999667022134602, 0.9999832991104712, 0.9999667022134602, 0.9999832991104712, 0.9999667022134602, 0.9999832991104712, 0.9999667022134602, 0.9999832991104712, 0.9999832991104712, 0.9999832991104712], [0.9970887844106194, 0.9997486731011446, 0.9999338501818628, 0.9999667022134602, 0.9999667022134602, 0.9999832991104712, 0.9999832991104712, 0.9999667022134602, 0.9999667022134602, 0.9999667022134602, 0.9999667022134602, 0.9999832991104712, 0.9999667022134602, 0.9999832991104712, 0.9999667022134602], [0.9974831089475653, 0.9998485909981888, 0.9999667022134602, 0.9999667022134602, 0.9999832991104712, 0.9999832991104712, 0.9999832991104712, 0.9999832991104712, 0.9999832991104712, 0.9999832991104712, 0.9999832991104712, 0.9999832991104712, 0.9999832991104712, 0.9999832991104712, 0.9999832991104712]], "milo_normalize_False": [[0.9964601571684751, 0.9989443320888436, 0.999513796341129, 0.9997865595108794, 0.999696575381372, 0.9998184783021709, 0.999834319948792, 0.9996265887040258, 0.9997995916248934, 0.9996297813206866, 0.9997979373140989, 0.9998825817749181, 0.9999831662622766, 0.9999846030439038, 0.9999170459531875], [0.9883453075156504, 0.9966124536780991, 0.9985089111577945, 0.9996446594275217, 0.9999153604005582, 0.9999666595826782, 0.9999506650432641, 0.9999826211472611, 0.9999826211472611, 0.9999656576865712, 0.9999148998437501, 0.9998990315052634, 0.9999831095303309, 0.9999660816839849, 1.0], [0.9834912855915231, 0.9958472168040864, 0.998546209489847, 0.9994285936928471, 0.9996678788484307, 0.999832159900443, 0.9998128514149591, 0.9998672882790819, 0.999883106701135, 0.9998339942165803, 0.9998333746331645, 0.9997984174994302, 0.9998659264879006, 0.9998836857460212, 0.9998683057959701]]}}