{"losses": {"milo_LW_lr_0.01": [[2.8137425871276855, 2.302787979812622, 2.3028315092468263, 2.3027236167907716, 2.302706619949341, 2.3026801094818117, 2.302700174789429, 2.302677468338013, 2.3026774166870116, 2.3026610385894775, 2.302668995285034, 2.302658677444458, 2.3026605125427246, 2.3026613021087647, 2.3026598731994627], [2.855937275695801, 2.3027653755187987, 2.303985699005127, 2.302707899017334, 2.3026958529663086, 2.3026747603607176, 2.3026936189270018, 2.3026743937683105, 2.302682530975342, 2.3026722061920166, 2.3026670738220214, 2.3026587100982665, 2.302652322769165, 2.3026503176879882, 2.3026549353027344], [2.304234039916992, 2.302796288146973, 2.3027209844970704, 2.3027366458129883, 2.3027141871643066, 2.3027108728027343, 2.3026766329956057, 2.302680080871582, 2.3026788780212404, 2.302655400238037, 2.3026702755737305, 2.3026544776153566, 2.3026642734527587, 2.302663892211914, 2.3026478284454344]], "milo_LW_lr_0.1": [[42.834615937652586, 2.3040190586853027, 2.3034481718444826, 2.303572915420532, 2.303239408721924, 2.303117853164673, 2.30332575630188, 2.303063386306763, 2.30324525390625, 2.3032215057373047, 2.303055266952515, 2.3031436250305175, 2.3031310813903807, 2.303067276535034, 2.3030263513183593], [8.088786538085937, 2.3041997504425047, 2.3036803759002686, 2.3033222817993164, 2.30337265914917, 2.3034642810821535, 2.3031933305358887, 2.303253034362793, 2.3032441915130617, 96.34734674819946, 2.3031567194366453, 2.303076287612915, 2.3030359661102295, 2.3031571559906006, 2.303153733520508], [17.026376171188353, 2.3039497648620606, 2.3036058807373045, 2.303472346343994, 10.680657119140625, 2.3033133747863768, 2.3033743216705322, 2.3031602181243898, 2.303164163284302, 2.303225474395752, 2.303195635070801, 2.3031900198364257, 2.3030591275024412, 2.3030531859588623, 2.30295783454895]], "milo_LW_lr_0.001": [[2.3027829414367678, 2.3026742906188966, 2.302646137084961, 2.302948677597046, 2.3026214402770995, 2.3026133195495606, 2.3026067915344237, 2.302603500366211, 2.3026031897735595, 2.3026009965515137, 2.302598472137451, 2.302597431335449, 2.3025959550476074, 2.302597152252197, 2.3025946565246582], [2.3065118687438964, 2.302738419494629, 2.3026119564056398, 2.3026073514556886, 2.302599877090454, 2.2948658350372315, 2.2568131854248046, 2.239358335494995, 2.2301561584472656, 2.220005340423584, 2.21666628616333, 2.2060602409362793, 2.202098342895508, 2.196171533126831, 2.1940726832580566], [2.185822055206299, 2.166924912109375, 2.1604987031555174, 2.151773943634033, 2.147806258392334, 2.14219239692688, 2.137276345291138, 2.135205272979736, 2.1297697724914553, 2.1271477435302732, 2.126276096801758, 2.1227891123199463, 2.1197571701812743, 2.117116586227417, 2.1160017636871338]]}, "accuracies": {"milo_LW_lr_0.01": [[9.836, 9.83, 9.728, 9.622, 9.84, 9.814, 9.692, 9.812, 9.86, 9.806, 9.824, 9.716, 9.938, 9.738, 9.85], [9.746, 9.818, 9.754, 9.806, 9.77, 9.854, 9.616, 9.82, 9.668, 9.778, 9.87, 9.776, 9.718, 9.92, 9.634], [9.958, 9.878, 9.836, 9.76, 9.658, 9.878, 9.71, 9.832, 9.644, 9.822, 9.706, 9.942, 9.852, 9.818, 9.758]], "milo_LW_lr_0.1": [[9.842, 10.174, 10.03, 9.892, 9.97, 10.088, 9.964, 9.792, 10.04, 9.978, 9.956, 9.93, 9.794, 9.832, 10.014], [9.8, 9.892, 9.858, 10.05, 9.972, 9.746, 9.934, 9.74, 9.628, 9.894, 9.9, 9.998, 9.96, 9.662, 9.812], [9.788, 9.904, 10.09, 9.824, 9.834, 9.994, 9.726, 9.996, 9.928, 9.69, 9.942, 9.754, 9.9, 9.912, 10.144]], "milo_LW_lr_0.001": [[10.0, 10.0, 10.0, 10.0, 10.0, 10.0, 10.0, 10.0, 10.0, 10.0, 10.0, 10.0, 10.0, 10.0, 10.0], [9.904, 9.956, 10.0, 10.0, 10.0, 9.958, 13.516, 14.868, 15.072, 15.134, 15.524, 16.342, 16.524, 16.692, 16.656], [16.956, 17.452, 17.436, 17.478, 17.412, 17.29, 17.384, 17.526, 17.646, 17.494, 17.56, 17.48, 17.6, 17.456, 17.664]]}, "f1_scores": {"milo_LW_lr_0.01": [[0.05401049435265726, 0.07159199479698827, 0.06855932105332273, 0.08273588407056123, 0.07765060674354442, 0.05793507022998355, 0.04364549571777363, 0.048581802098874846, 0.06050686113059424, 0.06669989532002046, 0.05435602580135458, 0.06666523428768864, 0.042432043774635435, 0.0592343104195052, 0.050111611935143706], [0.0711305824605297, 0.07860669482134239, 0.06333194417769532, 0.054393299260916385, 0.05886091542480608, 0.06717780357545895, 0.06743977672102568, 0.06144910678071901, 0.06869643853729471, 0.06163864897694519, 0.0706082717817321, 0.0665514491926347, 0.06899856051058048, 0.05126484478815778, 0.06313638399959025], [0.07361369287726308, 0.0673243734062528, 0.06771522855506615, 0.06382618156636517, 0.06711167701916723, 0.061271623684720944, 0.054841089886184725, 0.05006729038296167, 0.07580575468924147, 0.06233947037208214, 0.06808402278129816, 0.035011328552501206, 0.051708054612963086, 0.046740742394798994, 0.04658714885124482]], "milo_LW_lr_0.1": [[0.09700155887788713, 0.0896848875662838, 0.09206635754002443, 0.08687466298040596, 0.08775213397584061, 0.09009337470160018, 0.09222110107181827, 0.08571396075797573, 0.09148931531077402, 0.08678431284771404, 0.0904985247756906, 0.08451182222850522, 0.08237759479711794, 0.08457033684457207, 0.08594604427306972], [0.09315803462910258, 0.08585488516270154, 0.09200207600121102, 0.0928168208143922, 0.08840332721803854, 0.0834243389100787, 0.0904586389002845, 0.08951216073249224, 0.08415866221432958, 0.07918955590276192, 0.08756269284012978, 0.0865477827966295, 0.08647900742784488, 0.08726879547363894, 0.08490767679475224], [0.09503581881328385, 0.09123843174371345, 0.08533198552113176, 0.0918628141765214, 0.08348664114041222, 0.0746277811313879, 0.08839175723136927, 0.09422418980422884, 0.0853666958275672, 0.08393171403656471, 0.08522084198559197, 0.08008952462744132, 0.08734152145557728, 0.08403008978655074, 0.08320714551416186]], "milo_LW_lr_0.001": [[0.01818181818181818, 0.01818181818181818, 0.01818181818181818, 0.01821882687341079, 0.01818181818181818, 0.01818181818181818, 0.01818181818181818, 0.01818181818181818, 0.01818181818181818, 0.01818181818181818, 0.01818181818181818, 0.01818181818181818, 0.01818181818181818, 0.01818181818181818, 0.01818181818181818], [0.02944358976010032, 0.03154739522983553, 0.01818181818181818, 0.01818181818181818, 0.01818181818181818, 0.03365397481451551, 0.05715108945090471, 0.05291985513258446, 0.054446543763950084, 0.05525849041002329, 0.07375073345974607, 0.07773657522761104, 0.07982449284009105, 0.08096790089596823, 0.08163244354669497], [0.08864334209021336, 0.09676799834021171, 0.09921980271721799, 0.10045371370348175, 0.10073683817425616, 0.10027387577091149, 0.10231082905645277, 0.10528984911863966, 0.10405703845170636, 0.10261842128672778, 0.10403187842599933, 0.10270492683603524, 0.10181967824380081, 0.10194590577533517, 0.1042789929377543]]}}