{"val_losses": {"AdamW": [[0.3606838559939977, 0.34784872339565515, 0.3386440221244794, 0.33289554433485935, 0.338491606318084]]}, "val_accuracies": {"AdamW": [[0.639876052499876, 0.6526105366906657, 0.6618041038790571, 0.6674193395696078, 0.6622450009427152]]}, "val_f1_scores": {"AdamW": [[0.0, 0.0, 0.0, 0.0, 0.0]]}, "val_aucs": {"AdamW": [[0.0, 0.0, 0.0, 0.0, 0.0]]}}