optimizer,step,value
ADAMW,5,1.0
ADAMW,6,0.8297176248963448
ADAMW,7,0.6936691852125385
ADAMW,8,0.48115636479377405
ADAMW,9,0.547860931400031
ADAMW,10,0.6115995310534967
ADAMW,11,0.49619231894824484
ADAMW,12,0.3113468652049973
ADAMW,13,0.3309474284133839
ADAMW,14,0.35850988429058644
ADAMW,15,0.36856091504151106
ADAMW,16,0.19337371673473702
ADAMW,17,0.09155585755620149
ADAMW,18,0.09317866754805149
ADAMW,19,0.13099218127836276
ADAMW,20,0.280913224630174
ADAMW,21,0.2967716336492804
ADAMW,22,0.3688317953741
ADAMW,23,0.10220090349869913
ADAMW,24,0.05442539335093894
ADAMW,25,0.06338101990630218
ADAMW,26,0.11404752469133468
ADAMW,27,0.1631068714253486
ADAMW,28,0.13117260341234338
ADAMW,29,0.0005823512093623468
ADAMW,30,0.1340534298469501
ADAMW,31,0.13465063110762712
ADAMW,32,0.1754057614940177
ADAMW,33,0.06504120019138836
ADAMW,34,0.06504120019138836
ADAMW,35,0.035649082837797524
ADAMW,36,0.11715408153511297
ADAMW,37,0.029760323674274253
ADAMW,38,0.1400290241274045
ADAMW,39,0.14386103094368685
ADAMW,40,0.07067355763893897
ADAMW,41,0.0825626077527483
ADAMW,42,0.15568119773508257
ADAMW,43,0.21599658046375556
ADAMW,44,0.1667122383081822
ADAMW,45,0.0561341659633905
ADAMW,46,0.025075784591231748
ADAMW,47,0.025075784591231748
ADAMW,48,0.01967837629484279
ADAMW,49,0.1453020607721563
ADAMW,50,0.125462709174245
ADAMW,51,0.12253821175837785
ADAMW,52,0.09509574881814065
ADAMW,53,0.047931635031739146
ADAMW,54,0.08504808382117932
ADAMW,55,0.08504808382117932
ADAMW,56,0.10065067945036793
ADAMW,57,0.0635922020986921
ADAMW,58,0.08175912876722992
ADAMW,59,0.08305077924554358
ADAMW,60,0.05130567331790447
ADAMW,61,0.13226686860295297
ADAMW,62,0.14244774191105547
ADAMW,63,0.17783534584906024
ADAMW,64,0.10873655401074747
ADAMW,65,0.10873655401074747
ADAMW,66,0.06929849165300335
ADAMW,67,0.07538459718345777
ADAMW,68,0.13532958325882036
ADAMW,69,0.14328189811310235
ADAMW,70,0.11900402346399606
ADAMW,71,0.007759145817754567
ADAMW,72,0.06344777934216715
ADAMW,73,0.04553855006181853
ADAMW,74,0.08213426582114888
ADAMW,75,0.16463134477896885
ADAMW,76,0.2081428128660071
ADAMW,77,0.1385780060886123
ADAMW,78,0.109350846844877
ADAMW,79,0.1045809134526996
ADAMW,80,0.09444633892964721
ADAMW,81,0.1031191762023603
ADAMW,82,0.05227107861179518
ADAMW,83,0.049869863801882255
ADAMW,84,0.05227107861179518
ADAMW,85,0.10301950317668407
ADAMW,86,0.22572556397085328
ADAMW,87,0.26664987767445475
ADAMW,88,0.30833541144988386
ADAMW,89,0.30833541144988386
ADAMW,90,0.30833541144988386
ADAMW,91,0.041532843985524245
ADAMW,92,0.018703901622458906
ADAMW,93,0.018703901622458906
ADAMW,94,0.02849489131129424
ADAMW,95,0.29179805978787976
ADAMW,96,0.05959368115663548
ADAMW,97,0.05959368115663548
ADAMW,98,0.07831554319898924
ADAMW,99,0.11940682287324778
ADAMW,100,0.09424007052067906
ADAMW,101,0.09596032361949822
ADAMW,102,0.14665288013802302
ADAMW,103,0.1653915486359142
ADAMW,104,0.2945789992164468
ADAMW,105,0.21362203671620025
ADAMW,106,0.21362203671620025
ADAMW,107,0.24101717517254628
ADAMW,108,0.3276601995443943
ADAMW,109,0.22111950076750606
ADAMW,110,0.22111950076750606
ADAMW,111,0.22111950076750606
ADAMW,112,0.1883820226253382
ADAMW,113,0.2982312377445987
ADAMW,114,0.16807259423850096
ADAMW,115,0.06744508203963316
ADAMW,116,0.09655731571130022
ADAMW,117,0.09481578604782322
ADAMW,118,0.15807819412844437
ADAMW,119,0.15807819412844437
ADAMW,120,0.09148072599306445
ADAMW,121,0.16086413166183652
ADAMW,122,0.09137802763109602
ADAMW,123,0.09299448409268789
ADAMW,124,0.09506243036657551
ADAMW,125,0.06707470028606226
ADAMW,126,0.06707470028606226
ADAMW,127,0.06647681916068124
ADAMW,128,0.06794158118380597
ADAMW,129,0.13426193906443926
ADAMW,130,0.1824237998416136
ADAMW,131,0.1824237998416136
ADAMW,132,0.1824237998416136
ADAMW,133,0.2955468213905963
ADAMW,134,0.22832911923182797
ADAMW,135,0.12901090713993016
ADAMW,136,0.035874691151393655
ADAMW,137,0.0445648349534117
ADAMW,138,0.09066471809927383
ADAMW,139,0.16788200449217458
ADAMW,140,0.057683073157299695
ADAMW,141,0.057683073157299695
ADAMW,142,0.11623846920766308
ADAMW,143,0.2504510942970848
ADAMW,144,0.29483179693497413
ADAMW,145,0.01652722116220981
ADAMW,146,0.01454122968784734
ADAMW,147,0.01454122968784734
ADAMW,148,0.10126054130296946
ADAMW,149,0.1069541441300175
ADAMW,150,0.07636387071267549
ADAMW,151,0.07636387071267549
ADAMW,152,0.152531843340251
ADAMW,153,0.08870646077957754
ADAMW,154,0.0758435211539758
ADAMW,155,0.07695375210406567
ADAMW,156,0.037775278536933826
ADAMW,157,0.10007479389100414
ADAMW,158,0.12992962558006313
ADAMW,159,0.22263240327542647
ADAMW,160,0.1172365058473489
ADAMW,161,0.1512538646496586
ADAMW,162,0.175547643826089
ADAMW,163,0.18560710650823936
ADAMW,164,0.04247641472077591
ADAMW,165,0.15695094947155921
ADAMW,166,0.13789350993477664
ADAMW,167,0.08765526341874146
ADAMW,168,0.08765526341874146
ADAMW,169,0.11281330198063404
ADAMW,170,0.18680004066803266
ADAMW,171,0.10517831938101121
ADAMW,172,0.09501996492231314
ADAMW,173,0.08159636374104336
ADAMW,174,0.1714599992012267
ADAMW,175,0.1714599992012267
ADAMW,176,0.148233436221225
ADAMW,177,0.007312988444860033
ADAMW,178,0.007312988444860033
ADAMW,179,0.01723917828223239
ADAMW,180,0.04032118702516496
ADAMW,181,0.04032118702516496
ADAMW,182,0.04032118702516496
ADAMW,183,0.04032118702516496
ADAMW,184,0.08381622020839626
ADAMW,185,0.09902894001759477
ADAMW,186,0.09902894001759477
ADAMW,187,0.12677446268753909
ADAMW,188,0.24437308738538263
ADAMW,189,0.3154005708829151
ADAMW,190,0.2861197281572896
ADAMW,191,0.11614738374627602
ADAMW,192,0.11614738374627602
ADAMW,193,0.11614738374627602
ADAMW,194,0.20471889625277695
ADAMW,195,0.19704546820868887
ADAMW,196,0.3219987871458521
ADAMW,197,0.4239333896789909
ADAMW,198,0.34377735931299
ADAMW,199,0.28943597306052243
ADAMW,200,0.2599428466560297
ADAMW,201,0.27372332601395444
ADAMW,202,0.322073389976119
ADAMW,203,0.27372332601395444
ADAMW,204,0.341973974415719
ADAMW,205,0.3731813311916598
ADAMW,206,0.09687147882165621
ADAMW,207,0.09687147882165621
ADAMW,208,0.09687147882165621
ADAMW,209,0.27168330531255047
ADAMW,210,0.16595751486370017
ADAMW,211,0.16595751486370017
ADAMW,212,0.21638070033495713
ADAMW,213,0.05671546123355184
ADAMW,214,0.05671546123355184
ADAMW,215,0.03728250973548102
ADAMW,216,0.03728250973548102
ADAMW,217,0.12418314745952179
ADAMW,218,0.09826179575477353
ADAMW,219,0.10258864097215951
ADAMW,220,0.08302539097376846
ADAMW,221,0.08302539097376846
ADAMW,222,0.05813017844052607
ADAMW,223,0.08435768669664435
ADAMW,224,0.17617143007603497
ADAMW,225,0.2204555764367637
ADAMW,226,0.09976934634203695
ADAMW,227,0.2329690965975758
ADAMW,228,0.22308289134647383
ADAMW,229,0.13067955681934051
ADAMW,230,0.12750986897083877
ADAMW,231,0.4819587768965868
ADAMW,232,0.264225805114072
ADAMW,233,0.20398734805050892
ADAMW,234,0.20398734805050892
ADAMW,235,0.2635195553547233
ADAMW,236,0.2777549653495705
ADAMW,237,0.2932489582232457
ADAMW,238,0.17084744517045025
ADAMW,239,0.15031229333107263
ADAMW,240,0.027182028533219302
ADAMW,241,0.027182028533219302
ADAMW,242,0.14229283338905307
ADAMW,243,0.05398656362722591
ADAMW,244,0.11634798221224339
ADAMW,245,0.1932126266795415
ADAMW,246,0.1932126266795415
ADAMW,247,0.006445860015522412
ADAMW,248,0.004777240036974777
ADAMW,249,0.16719648801560136
ADAMW,250,0.16204275620742095
ADAMW,251,0.0879817327695381
ADAMW,252,0.05663333301158058
ADAMW,253,0.10093104613954695
ADAMW,254,0.14886987742186408
ADAMW,255,0.1616472506837057
ADAMW,256,0.13793949169499312
ADAMW,257,0.11983099111061339
ADAMW,258,0.07546918006562958
ADAMW,259,0.07440107521836718
ADAMW,260,0.06445057655531937
ADAMW,261,0.19253611491747458
ADAMW,262,0.21938801526222312
ADAMW,263,0.3364388555536752
ADAMW,264,0.3032944424991554
ADAMW,265,0.3218640156202572
ADAMW,266,0.3046591545788392
ADAMW,267,0.2212753912864109
ADAMW,268,0.13842560392837272
ADAMW,269,0.2212753912864109
ADAMW,270,0.1870346918473158
ADAMW,271,0.1870346918473158
ADAMW,272,0.42833913497848125
ADAMW,273,0.1868069296446558
ADAMW,274,0.13106269640602836
ADAMW,275,0.06992311083176311
ADAMW,276,0.11075686314674428
ADAMW,277,0.07086569872558675
ADAMW,278,0.053868203130991
ADAMW,279,0.05442590641546526
ADAMW,280,0.04565629099925978
ADAMW,281,0.1321136592973818
ADAMW,282,0.28469856843541663
ADAMW,283,0.34437328575946
ADAMW,284,0.4987783708357682
ADAMW,285,0.4972457469389745
ADAMW,286,0.21707044724357707
ADAMW,287,0.10106573464105452
ADAMW,288,0.10106573464105452
ADAMW,289,0.10106573464105452
ADAMW,290,0.16733935702430222
ADAMW,291,0.15780166822100558
ADAMW,292,0.21937625867926203
ADAMW,293,0.1556075165077633
ADAMW,294,0.14835212583272137
ADAMW,295,0.1346554184160948
ADAMW,296,0.0741170834890491
ADAMW,297,0.13819524491565838
ADAMW,298,0.11279438124612297
ADAMW,299,0.06562540033519396
ADAMW,300,0.06562540033519396
ADAMW,301,0.06562540033519396
ADAMW,302,0.12933793032183405
ADAMW,303,0.13741893252043766
ADAMW,304,0.20537397547769304
ADAMW,305,0.19682125617293844
ADAMW,306,0.18991530728856781
ADAMW,307,0.19058680205855913
ADAMW,308,0.16391881032322114
ADAMW,309,0.14095070212216854
ADAMW,310,0.10433647536803964
ADAMW,311,0.041737255545275416
ADAMW,312,0.057190102635986825
ADAMW,313,0.057190102635986825
ADAMW,314,0.057190102635986825
ADAMW,315,0.15994171043773342
ADAMW,316,0.23312314031476333
ADAMW,317,0.2954425348425062
ADAMW,318,0.1824459446521949
ADAMW,319,0.1824459446521949
ADAMW,320,0.10274308683740313
ADAMW,321,0.0900795049398123
ADAMW,322,0.04954761953837945
ADAMW,323,0.05668735590095343
ADAMW,324,0.05668735590095343
ADAMW,325,0.22977749833451364
ADAMW,326,0.1880769236951585
ADAMW,327,0.28509682647262835
ADAMW,328,0.28509682647262835
ADAMW,329,0.13203833096702464
ADAMW,330,0.13203833096702464
ADAMW,331,0.16790472143718438
ADAMW,332,0.16790472143718438
ADAMW,333,0.11196540757845337
ADAMW,334,0.2618327280607826
ADAMW,335,0.2618327280607826
ADAMW,336,0.4068833903620568
ADAMW,337,0.30350484977336956
ADAMW,338,0.30350484977336956
ADAMW,339,0.30350484977336956
ADAMW,340,0.31139325521323286
ADAMW,341,0.31139325521323286
ADAMW,342,0.31139325521323286
ADAMW,343,0.07078934556417338
ADAMW,344,0.1393223994233446
ADAMW,345,0.32691079039715504
ADAMW,346,0.25599535620067293
ADAMW,347,0.3077716299721897
ADAMW,348,0.24410816010487468
ADAMW,349,0.1614245486335658
ADAMW,350,0.04732288980203297
ADAMW,351,0.02727584299180921
ADAMW,352,0.04775275744326011
ADAMW,353,0.2572918333022628
ADAMW,354,0.12798851417783186
ADAMW,355,0.11527215652494413
ADAMW,356,0.08838252036217105
ADAMW,357,0.2718545007706357
ADAMW,358,0.428303593403802
ADAMW,359,0.5606719780422937
ADAMW,360,0.22243810005200665
ADAMW,361,0.06688580288099742
ADAMW,362,0.06688580288099742
ADAMW,363,0.06774777661844152
ADAMW,364,0.06774777661844152
ADAMW,365,0.1444586183068511
ADAMW,366,0.20145292669002865
ADAMW,367,0.20145292669002865
ADAMW,368,0.23045148341926242
ADAMW,369,0.1965483537544061
ADAMW,370,0.14107962953991565
ADAMW,371,0.08147680464044454
ADAMW,372,0.18930660493500187
ADAMW,373,0.23001187269638013
ADAMW,374,0.12633103694178488
ADAMW,375,0.08004304669428203
ADAMW,376,0.05297810613110105
ADAMW,377,0.05297810613110105
ADAMW,378,0.2754625768467613
ADAMW,379,0.3513386799293062
ADAMW,380,0.1525874603815099
ADAMW,381,0.0955782298986538
ADAMW,382,0.1529065396633823
ADAMW,383,0.19608389685677285
ADAMW,384,0.30296258269005205
ADAMW,385,0.23527533215063046
ADAMW,386,0.44630840858743326
ADAMW,387,0.6420406934777326
ADAMW,388,0.4645970289460137
ADAMW,389,0.28810405261766814
ADAMW,390,0.09112114540805573
ADAMW,391,0.08173740445452832
ADAMW,392,0.09272844633809732
ADAMW,393,0.12347845276872615
ADAMW,394,0.5690592121753599
ADAMW,395,0.504183451053122
ADAMW,396,0.15731234379679948
ADAMW,397,0.06253355100021774
ADAMW,398,0.06253355100021774
ADAMW,399,0.11982239775111203
ADAMW,400,0.07688760796503173
ADAMW,401,0.07683800947705757
ADAMW,402,0.07802884690418273
ADAMW,403,0.267864473042279
ADAMW,404,0.18200718194901142
ADAMW,405,0.18200718194901142
ADAMW,406,0.43481735929716225
ADAMW,407,0.34908269669671793
ADAMW,408,0.2630918296323884
ADAMW,409,0.2630918296323884
ADAMW,410,0.4225841603406892
ADAMW,411,0.4066705919525577
ADAMW,412,0.4066705919525577
ADAMW,413,0.3714293882349094
ADAMW,414,0.36378602678608146
ADAMW,415,0.21156846590269884
ADAMW,416,0.15141986022002524
ADAMW,417,0.15141986022002524
ADAMW,418,0.11330151039856834
ADAMW,419,0.11330151039856834
ADAMW,420,0.267617175188564
ADAMW,421,0.18403471695204265
ADAMW,422,0.15836242369209624
ADAMW,423,0.19071109243975073
ADAMW,424,0.09074673401671558
ADAMW,425,0.045938963281849016
ADAMW,426,0.045938963281849016
ADAMW,427,0.10172026287514913
ADAMW,428,0.2683413759406694
ADAMW,429,0.2594365805388057
ADAMW,430,0.2594365805388057
ADAMW,431,0.19111798735234212
ADAMW,432,0.08550723913114947
ADAMW,433,0.08550723913114947
ADAMW,434,0.19111798735234212
ADAMW,435,0.5214689037561083
ADAMW,436,0.28722471982733666
ADAMW,437,0.28722471982733666
ADAMW,438,0.3192360613022131
ADAMW,439,0.207737762204721
ADAMW,440,0.11748532191985325
ADAMW,441,0.11623352668541656
ADAMW,442,0.34611169407414566
ADAMW,443,0.34611169407414566
ADAMW,444,0.19012537012574526
ADAMW,445,0.1281147607832735
ADAMW,446,0.29788543436238973
ADAMW,447,0.29788543436238973
ADAMW,448,0.1726369177870417
ADAMW,449,0.16478088292273024
ADAMW,450,0.0973524836377595
ADAMW,451,0.1231666449670093
ADAMW,452,0.1231666449670093
ADAMW,453,0.1425689458966587
ADAMW,454,0.09746899950114317
ADAMW,455,0.09746899950114317
ADAMW,456,0.14278898600901865
ADAMW,457,0.26024513740635213
ADAMW,458,0.4909038255785722
ADAMW,459,0.39639505783918944
ADAMW,460,0.4909038255785722
ADAMW,461,0.2836653480818303
ADAMW,462,0.13652423773758632
ADAMW,463,0.13652423773758632
ADAMW,464,0.07326650139702524
ADAMW,465,0.07326650139702524
ADAMW,466,0.17262481685694983
ADAMW,467,0.11163389430185874
ADAMW,468,0.11163389430185874
ADAMW,469,0.24992021842210446
ADAMW,470,0.24629632841334073
ADAMW,471,0.14601164677354467
ADAMW,472,0.20171182839286803
ADAMW,473,0.19425806724402112
ADAMW,474,0.1537725718604029
ADAMW,475,0.1537725718604029
ADAMW,476,0.18317647130429104
ADAMW,477,0.18425981285215945
ADAMW,478,0.24487374180712884
ADAMW,479,0.24487374180712884
ADAMW,480,0.21919762672472742
ADAMW,481,0.21919762672472742
ADAMW,482,0.44747941853034545
ADAMW,483,0.35606171479879467
ADAMW,484,0.35606171479879467
ADAMW,485,0.6986434688874241
ADAMW,486,0.48211318331247743
ADAMW,487,0.48211318331247743
ADAMW,488,0.48211318331247743
ADAMW,489,0.335789783978344
ADAMW,490,0.19472658922189665
ADAMW,491,0.09493867554816526
ADAMW,492,0.19276730756387514
ADAMW,493,0.14946667054910462
ADAMW,494,0.09272530899174779
ADAMW,495,0.09050102372391962
ADAMW,496,0.09050102372391962
ADAMW,497,0.010477373436188899
ADAMW,498,0.09223218224502894
ADAMW,499,0.09223218224502894
ADAMW,500,0.13555979345964775
ADAMW,501,0.2169680692207195
ADAMW,502,0.11281528123740096
ADAMW,503,0.10002452491796708
ADAMW,504,0.002849204279646419
ADAMW,505,0.004064546613822574
ADAMW,506,0.004064546613822574
ADAMW,507,0.004064546613822574
ADAMW,508,0.009170835592637844
ADAMW,509,0.06458394050224518
ADAMW,510,0.0638001298801108
ADAMW,511,0.06976442042456113
ADAMW,512,0.17153145312697865
ADAMW,513,0.17153145312697865
ADAMW,514,0.1912094375540406
ADAMW,515,0.03364987606680709
ADAMW,516,0.1546325252253503
ADAMW,517,0.18107587192671143
ADAMW,518,0.18107587192671143
ADAMW,519,0.18107587192671143
ADAMW,520,0.23848787175757866
ADAMW,521,0.16722751619107198
ADAMW,522,0.155135928069487
ADAMW,523,0.061729886821720294
ADAMW,524,0.09158435780390072
ADAMW,525,0.0882369378934226
ADAMW,526,0.0882369378934226
ADAMW,527,0.18135851834848862
ADAMW,528,0.1741486288053891
ADAMW,529,0.12812351695397428
ADAMW,530,0.0443094766969911
ADAMW,531,0.06538629106072724
ADAMW,532,0.04393912607510426
ADAMW,533,0.09885346535647467
ADAMW,534,0.08709137088789184
ADAMW,535,0.11758438167484232
ADAMW,536,0.10099319840762218
ADAMW,537,0.07136444097801137
ADAMW,538,0.04820749429927182
ADAMW,539,0.08856193093354656
ADAMW,540,0.15085486383810848
ADAMW,541,0.2278812967572973
ADAMW,542,0.2278812967572973
ADAMW,543,0.2278812967572973
ADAMW,544,0.42657393076496225
ADAMW,545,0.2478690940904257
ADAMW,546,0.21911087020460682
ADAMW,547,0.11018648423305828
ADAMW,548,0.14287797107455802
ADAMW,549,0.3098711876102188
ADAMW,550,0.3098711876102188
ADAMW,551,0.18780722183737683
ADAMW,552,0.07175443191912452
ADAMW,553,0.10270743670097925
ADAMW,554,0.24774060950850008
ADAMW,555,0.10553684344081539
ADAMW,556,0.10553684344081539
ADAMW,557,0.23328442409726002
ADAMW,558,0.23328442409726002
ADAMW,559,0.2743979129073658
ADAMW,560,0.2743979129073658
ADAMW,561,0.14081078192562094
ADAMW,562,0.14081078192562094
ADAMW,563,0.1217531197173238
ADAMW,564,0.24460726445560718
ADAMW,565,0.2426953799254522
ADAMW,566,0.25948590665157834
ADAMW,567,0.25948590665157834
ADAMW,568,0.25948590665157834
ADAMW,569,0.24440093362819418
ADAMW,570,0.1781813829391333
ADAMW,571,0.1296955549500627
ADAMW,572,0.08646946011600375
ADAMW,573,0.08791554390364768
ADAMW,574,0.07755963788910622
ADAMW,575,0.06191845077600077
ADAMW,576,0.06265644140883231
ADAMW,577,0.06265644140883231
ADAMW,578,0.13644274933084083
ADAMW,579,0.09002923713092004
ADAMW,580,0.07414362662636928
ADAMW,581,0.08851338251641538
ADAMW,582,0.38709746171624104
ADAMW,583,0.2975196807957231
ADAMW,584,0.3153770433249788
ADAMW,585,0.27265382070332106
ADAMW,586,0.31467363039989044
ADAMW,587,0.14486512958971806
ADAMW,588,0.1423140073608435
ADAMW,589,0.14627386363615516
ADAMW,590,0.08001538051023387
ADAMW,591,0.08391606843299029
ADAMW,592,0.14456715675797557
ADAMW,593,0.10090752821508013
ADAMW,594,0.27368760775235584
ADAMW,595,0.046434598273715204
ADAMW,596,0.25062880562585754
ADAMW,597,0.2548851252797839
ADAMW,598,0.1993607603946844
ADAMW,599,0.13678910749414203
ADAMW,600,0.22564939592907723
ADAMW,601,0.20087147688526044
ADAMW,602,0.25841675414898296
ADAMW,603,0.3011299562049605
ADAMW,604,0.3062271869015609
ADAMW,605,0.19320776224773925
ADAMW,606,0.060291671537924786
ADAMW,607,0.11570192675483804
ADAMW,608,0.12001022736241378
ADAMW,609,0.1782306237258509
ADAMW,610,0.34368001132043047
ADAMW,611,0.32038412484153056
ADAMW,612,0.2213714818835831
ADAMW,613,0.2213714818835831
ADAMW,614,0.2311032737568092
ADAMW,615,0.14427544913683105
ADAMW,616,0.14427544913683105
ADAMW,617,0.3071131847555563
ADAMW,618,0.11864139135545751
ADAMW,619,0.08018505789248837
ADAMW,620,0.03653948290616011
ADAMW,621,0.08018505789248837
ADAMW,622,0.12090420515916932
ADAMW,623,0.12090420515916932
ADAMW,624,0.3087623854317919
ADAMW,625,0.4238683187972963
ADAMW,626,0.14678980498070235
ADAMW,627,0.03697045155597362
ADAMW,628,0.05789588862572344
ADAMW,629,0.08727729370170596
ADAMW,630,0.13724027525786006
ADAMW,631,0.2972428411631913
ADAMW,632,0.25736589226768436
ADAMW,633,0.17214394007433748
ADAMW,634,0.17214394007433748
ADAMW,635,0.30240110511359686
ADAMW,636,0.20744532533761056
ADAMW,637,0.20744532533761056
ADAMW,638,0.19286117466601363
ADAMW,639,0.07531841493119336
ADAMW,640,0.10139450058623684
ADAMW,641,0.18130465704148122
ADAMW,642,0.1866419719929123
ADAMW,643,0.059703473892573154
ADAMW,644,0.059703473892573154
ADAMW,645,0.06656820884828517
ADAMW,646,0.1422808739387641
ADAMW,647,0.21087652810345575
ADAMW,648,0.21087652810345575
ADAMW,649,0.22911849667110865
ADAMW,650,0.2668236558545413
ADAMW,651,0.20072443844430957
ADAMW,652,0.06366820109568846
ADAMW,653,0.06366820109568846
ADAMW,654,0.06366820109568846
ADAMW,655,0.3045139979886925
ADAMW,656,0.373987738723695
ADAMW,657,0.2513229422139605
ADAMW,658,0.14054426243023144
ADAMW,659,0.14054426243023144
ADAMW,660,0.3470433699095261
ADAMW,661,0.07480880363391022
ADAMW,662,0.05233159423742738
ADAMW,663,0.05233159423742738
ADAMW,664,0.0708332458404257
ADAMW,665,0.19361952963135254
ADAMW,666,0.21767102303627678
ADAMW,667,0.28317081279987055
ADAMW,668,0.09914290867164895
ADAMW,669,0.09914290867164895
ADAMW,670,0.08450004434387623
ADAMW,671,0.08450004434387623
ADAMW,672,0.10760760474215461
ADAMW,673,0.3853327988508623
ADAMW,674,0.18694422691119603
ADAMW,675,0.37224678418029195
ADAMW,676,0.3243408527857421
ADAMW,677,0.1902897017651154
ADAMW,678,0.1902897017651154
ADAMW,679,0.1902897017651154
ADAMW,680,0.34994831466259774
ADAMW,681,0.3396570676731419
ADAMW,682,0.3396570676731419
ADAMW,683,0.32903724579926896
ADAMW,684,0.18703559274673426
ADAMW,685,0.1598207668728248
ADAMW,686,0.0606989151749269
ADAMW,687,0.0661211818732008
ADAMW,688,0.09834280659381829
ADAMW,689,0.16089952941390684
ADAMW,690,0.1382732293612732
ADAMW,691,0.1729805670744688
ADAMW,692,0.1729805670744688
ADAMW,693,0.10185505192685305
ADAMW,694,0.06954903458461657
ADAMW,695,0.09991909317037277
ADAMW,696,0.12315899448302528
ADAMW,697,0.11139243621660182
ADAMW,698,0.12315899448302528
ADAMW,699,0.30993721760661114
ADAMW,700,0.17804079517805207
ADAMW,701,0.17804079517805207
ADAMW,702,0.12969712542443385
ADAMW,703,0.13845878261443767
ADAMW,704,0.07490694950621836
ADAMW,705,0.10503756678835692
ADAMW,706,0.2352428762542658
ADAMW,707,0.35595079575162814
ADAMW,708,0.16613620779629648
ADAMW,709,0.08355835699212692
ADAMW,710,0.0830195371635824
ADAMW,711,0.16694176051738774
ADAMW,712,0.3267119937694022
ADAMW,713,0.21050422470704602
ADAMW,714,0.02476886798570043
ADAMW,715,0.029401037866987362
ADAMW,716,0.21460795089269838
ADAMW,717,0.27842360951474593
ADAMW,718,0.27842360951474593
ADAMW,719,0.24888439245977162
ADAMW,720,0.08846124280448761
ADAMW,721,0.12704237509072408
ADAMW,722,0.24588862771421527
ADAMW,723,0.13902524183343273
ADAMW,724,0.13902524183343273
ADAMW,725,0.10852756245800542
ADAMW,726,0.10852756245800542
ADAMW,727,0.11081529257071403
ADAMW,728,0.17569975875632735
ADAMW,729,0.12411143273728358
ADAMW,730,0.18177509888889493
ADAMW,731,0.18177509888889493
ADAMW,732,0.16122262319060635
ADAMW,733,0.027411421752011937
ADAMW,734,0.027411421752011937
ADAMW,735,0.10809947622625478
ADAMW,736,0.10809947622625478
ADAMW,737,0.14840293545678665
ADAMW,738,0.14923765262869582
ADAMW,739,0.18144561487432234
ADAMW,740,0.1791448221798877
ADAMW,741,0.22283978919488093
ADAMW,742,0.38503192670604053
ADAMW,743,0.04135270914643425
ADAMW,744,0.04135270914643425
ADAMW,745,0.04135270914643425
ADAMW,746,0.4430304895436875
ADAMW,747,0.47826133450871966
ADAMW,748,0.18322528980679967
ADAMW,749,0.11240666226085215
ADAMW,750,0.09472200267849762
ADAMW,751,0.07149171242266097
ADAMW,752,0.0802648454517037
ADAMW,753,0.11958982169064057
ADAMW,754,0.25024447980752246
ADAMW,755,0.04520980534943334
ADAMW,756,0.02914103674411387
ADAMW,757,0.02914103674411387
ADAMW,758,0.19878018594624913
ADAMW,759,0.21961690598278985
ADAMW,760,0.38114926342287186
ADAMW,761,0.3553827049317255
ADAMW,762,0.3150470824286894
ADAMW,763,0.2972340033666961
ADAMW,764,0.22278123996177857
ADAMW,765,0.1008142733653138
ADAMW,766,0.1047389045490523
ADAMW,767,0.10269286815969367
ADAMW,768,0.04892693384824359
ADAMW,769,0.04892693384824359
ADAMW,770,0.04892693384824359
ADAMW,771,0.2636567622014868
ADAMW,772,0.24831821935314918
ADAMW,773,0.2628473482152563
ADAMW,774,0.254856455768096
ADAMW,775,0.15112144159024354
ADAMW,776,0.1453646731605589
ADAMW,777,0.15559429642419553
ADAMW,778,0.07849549238012139
ADAMW,779,0.043417872411107616
ADAMW,780,0.1021483688063965
ADAMW,781,0.13175142128459982
ADAMW,782,0.1384560955153927
ADAMW,783,0.1384560955153927
ADAMW,784,0.22865821020664134
ADAMW,785,0.22865821020664134
ADAMW,786,0.16675030680486067
ADAMW,787,0.16675030680486067
ADAMW,788,0.14557799865529178
ADAMW,789,0.14557799865529178
ADAMW,790,0.22113638352856377
ADAMW,791,0.18693812400584023
ADAMW,792,0.060998376275919496
ADAMW,793,0.16394312130503022
ADAMW,794,0.22303920849400888
ADAMW,795,0.1560454485226169
ADAMW,796,0.1560454485226169
ADAMW,797,0.10750084563505884
ADAMW,798,0.10534658918454107
ADAMW,799,0.09619808977658283
ADAMW,800,0.3552995635246105
ADAMW,801,0.3552995635246105
ADAMW,802,0.25080752564695297
ADAMW,803,0.20422470497786172
ADAMW,804,0.16431634425057648
ADAMW,805,0.15933599606472
ADAMW,806,0.034819531326002295
ADAMW,807,0.035687790825830505
ADAMW,808,0.03593171941669356
ADAMW,809,0.03593171941669356
ADAMW,810,0.03215901076240921
ADAMW,811,0.10954084992864976
ADAMW,812,0.014856606195571201
ADAMW,813,0.2890089600790001
ADAMW,814,0.3816025889104995
ADAMW,815,0.3127199399405771
ADAMW,816,0.1757617159600596
ADAMW,817,0.1757617159600596
ADAMW,818,0.3879794174516988
ADAMW,819,0.16120726688237266
ADAMW,820,0.14234526430937475
ADAMW,821,0.1663071543107068
ADAMW,822,0.22748378447686798
ADAMW,823,0.22748378447686798
ADAMW,824,0.22748378447686798
ADAMW,825,0.4143757663172365
ADAMW,826,0.2751575342196974
ADAMW,827,0.22319866172256667
ADAMW,828,0.1504205823868112
ADAMW,829,0.2141081199502735
ADAMW,830,0.09149751263268328
ADAMW,831,0.09149751263268328
ADAMW,832,0.09149751263268328
ADAMW,833,0.22925161226197835
ADAMW,834,0.3368776754809135
ADAMW,835,0.31259434275045656
ADAMW,836,0.06104098969125135
ADAMW,837,0.06104098969125135
ADAMW,838,0.07375090815837228
ADAMW,839,0.07375090815837228
ADAMW,840,0.13442384822543835
ADAMW,841,0.2147145284828659
ADAMW,842,0.15484902235532944
ADAMW,843,0.06712807955060804
ADAMW,844,0.09871916614019813
ADAMW,845,0.07874152075236039
ADAMW,846,0.07874152075236039
ADAMW,847,0.04484024622905066
ADAMW,848,0.06724232441557444
ADAMW,849,0.06724232441557444
ADAMW,850,0.1106755799453309
ADAMW,851,0.14348308747861654
ADAMW,852,0.2481943928125999
ADAMW,853,0.2329252469630124
ADAMW,854,0.2230426840061948
ADAMW,855,0.13661519478306883
ADAMW,856,0.13661519478306883
ADAMW,857,0.3034708501758654
ADAMW,858,0.28368829455868194
ADAMW,859,0.08419547482549407
ADAMW,860,0.007525240106882275
ADAMW,861,0.007525240106882275
ADAMW,862,0.010078922096137885
ADAMW,863,0.5425756328734749
ADAMW,864,0.09851640726356253
ADAMW,865,0.09851640726356253
ADAMW,866,0.09851640726356253
ADAMW,867,0.39342899257749686
ADAMW,868,0.07631006228297427
ADAMW,869,0.040994495121773916
ADAMW,870,0.07743409532860085
ADAMW,871,0.19004119407806433
ADAMW,872,0.24169129691836963
ADAMW,873,0.08667701727785777
ADAMW,874,0.03773040209487011
ADAMW,875,0.03773040209487011
ADAMW,876,0.03773040209487011
ADAMW,877,0.03201848588729886
ADAMW,878,0.024713537289592802
ADAMW,879,0.1427384595977786
ADAMW,880,0.02208105930591001
ADAMW,881,0.12015271744502197
ADAMW,882,0.08946575238040053
ADAMW,883,0.08608258433000414
ADAMW,884,0.06827081953841603
ADAMW,885,0.06827081953841603
ADAMW,886,0.21368840592499727
ADAMW,887,0.29390610857005056
ADAMW,888,0.24138133410687956
ADAMW,889,0.16246921954110255
ADAMW,890,0.07145888958274431
ADAMW,891,0.13291287124308881
ADAMW,892,0.14764937481314758
ADAMW,893,0.14764937481314758
ADAMW,894,0.15488280889988906
ADAMW,895,0.03174193485915078
ADAMW,896,0.03174193485915078
ADAMW,897,0.10574375302680776
ADAMW,898,0.1107611485815092
ADAMW,899,0.32399713984542783
ADAMW,900,0.27802457410568127
ADAMW,901,0.07035908511743397
ADAMW,902,0.07035908511743397
ADAMW,903,0.3263903173349253
ADAMW,904,0.38785289009643314
ADAMW,905,0.36120368571222944
ADAMW,906,0.21769232358078106
ADAMW,907,0.1940808236323535
ADAMW,908,0.21769232358078106
ADAMW,909,0.28324446496560624
ADAMW,910,0.24769145786845467
ADAMW,911,0.24769145786845467
ADAMW,912,0.24769145786845467
ADAMW,913,0.2759837210932212
ADAMW,914,0.12584027548254004
ADAMW,915,0.12584027548254004
ADAMW,916,0.08376907459138405
ADAMW,917,0.08255719134263512
ADAMW,918,0.07300597663276952
ADAMW,919,0.07300597663276952
ADAMW,920,0.07300597663276952
ADAMW,921,0.3797790741831415
ADAMW,922,0.24900626983614493
ADAMW,923,0.18490981999318226
ADAMW,924,0.1341411716019316
ADAMW,925,0.10369605650734641
ADAMW,926,0.13765366001967885
ADAMW,927,0.329403382235114
ADAMW,928,0.19421889262899736
ADAMW,929,0.20166959013649388
ADAMW,930,0.08696141379428582
ADAMW,931,0.08696141379428582
ADAMW,932,0.0578963524361601
ADAMW,933,0.04859229286022874
ADAMW,934,0.05726567020745266
ADAMW,935,0.23030776727063476
ADAMW,936,0.23791511241349436
ADAMW,937,0.14207694307156102
ADAMW,938,0.2276139565148317
ADAMW,939,0.3862558565080495
ADAMW,940,0.24817475466260572
ADAMW,941,0.20192351157338856
ADAMW,942,0.20192351157338856
ADAMW,943,0.3169660537708987
ADAMW,944,0.012524680574672403
ADAMW,945,0.012524680574672403
ADAMW,946,0.012524680574672403
ADAMW,947,0.17442848368250616
ADAMW,948,0.23314659372098218
ADAMW,949,0.28561146440914964
ADAMW,950,0.3157385849903156
ADAMW,951,0.2588517220924488
ADAMW,952,0.32179221668837776
ADAMW,953,0.2588517220924488
ADAMW,954,0.14785384072703056
ADAMW,955,0.22097796797281424
ADAMW,956,0.06567286531246962
ADAMW,957,0.19287586002770327
ADAMW,958,0.303050396646866
ADAMW,959,0.135798944940527
ADAMW,960,0.04306523312229668
ADAMW,961,0.04306523312229668
ADAMW,962,0.023147629976948404
ADAMW,963,0.0858482183599183
ADAMW,964,0.2771857815383567
ADAMW,965,0.26330253512165225
ADAMW,966,0.24770852569318386
ADAMW,967,0.24770852569318386
ADAMW,968,0.4006566441287765
ADAMW,969,0.37815123327912786
ADAMW,970,0.3151348105864546
ADAMW,971,0.37815123327912786
ADAMW,972,0.29731209027525685
ADAMW,973,0.29731209027525685
ADAMW,974,0.36435046554274475
ADAMW,975,0.6612309647682079
ADAMW,976,0.39838189489735504
ADAMW,977,0.28675953368423457
ADAMW,978,0.13682432629703717
ADAMW,979,0.06836947977254178
ADAMW,980,0.1440429030149463
ADAMW,981,0.14020133043510066
ADAMW,982,0.2067474206945523
ADAMW,983,0.08527363889284924
ADAMW,984,0.07944187066581068
ADAMW,985,0.06709919832449071
ADAMW,986,0.061427574145506106
ADAMW,987,0.06709919832449071
ADAMW,988,0.1419372960811167
ADAMW,989,0.25167912339266796
ADAMW,990,0.1318996152180702
ADAMW,991,0.1318996152180702
ADAMW,992,0.26387402804010424
ADAMW,993,0.3408100470854817
ADAMW,994,0.3408100470854817
ADAMW,995,0.29804111848480014
ADAMW,996,0.3416510621940705
ADAMW,997,0.04166564873746816
ADAMW,998,0.044697064675205324
ADAMW,999,0.27847270931188156
ADAMW,1000,0.3982091479189178
ADAMW,1001,0.38960144824120274
ADAMW,1002,0.1633915409167623
ADAMW,1003,0.1633915409167623
ADAMW,1004,0.24291959484447817
ADAMW,1005,0.3206569134894693
ADAMW,1006,0.3414864254757988
ADAMW,1007,0.25321048072447533
ADAMW,1008,0.08327080374862533
ADAMW,1009,0.08327080374862533
ADAMW,1010,0.08327080374862533
ADAMW,1011,0.22842962934647085
ADAMW,1012,0.22842962934647085
ADAMW,1013,0.19592922949127423
ADAMW,1014,0.34385454350298933
ADAMW,1015,0.35197881653141494
ADAMW,1016,0.3146225899180596
ADAMW,1017,0.18984786444148327
ADAMW,1018,0.21363193657263874
ADAMW,1019,0.3349836824686566
ADAMW,1020,0.34292069707436007
ADAMW,1021,0.0950518799987599
ADAMW,1022,0.11411033572359933
ADAMW,1023,0.18068432286100228
ADAMW,1024,0.09135586083942691
ADAMW,1025,0.17257267327104228
ADAMW,1026,0.17843007661949106
ADAMW,1027,0.33323094146189813
ADAMW,1028,0.48831472521073876
ADAMW,1029,0.3963420963373591
ADAMW,1030,0.3963420963373591
ADAMW,1031,0.3963420963373591
ADAMW,1032,0.29367851721142324
ADAMW,1033,0.09445054786667578
ADAMW,1034,0.037417178880176795
ADAMW,1035,0.025648071791550806
ADAMW,1036,0.025648071791550806
ADAMW,1037,0.0627590570267595
ADAMW,1038,0.10038330321514696
ADAMW,1039,0.10038330321514696
ADAMW,1040,0.10038330321514696
ADAMW,1041,0.14401868970216597
ADAMW,1042,0.22762698790703847
ADAMW,1043,0.23026678500807207
ADAMW,1044,0.15421667766093458
ADAMW,1045,0.158877458360089
ADAMW,1046,0.08215963587379452
ADAMW,1047,0.08346407291324393
ADAMW,1048,0.04949067213123106
ADAMW,1049,0.049961020557909776
ADAMW,1050,0.12890823178052324
ADAMW,1051,0.13673891884750214
ADAMW,1052,0.034901130453786906
ADAMW,1053,0.037550209269505065
ADAMW,1054,0.037550209269505065
ADAMW,1055,0.14207745492874418
ADAMW,1056,0.11218253588525982
ADAMW,1057,0.11218253588525982
ADAMW,1058,0.10983860234518851
ADAMW,1059,0.17182154749461107
ADAMW,1060,0.2242493212698771
ADAMW,1061,0.23142008671868014
ADAMW,1062,0.23142008671868014
ADAMW,1063,0.1485863916164687
ADAMW,1064,0.15290829572058207
ADAMW,1065,0.016224691742783372
ADAMW,1066,0.15173373526460468
ADAMW,1067,0.15173373526460468
ADAMW,1068,0.16324657891782446
ADAMW,1069,0.07132037302029283
ADAMW,1070,0.11710983167853
ADAMW,1071,0.011563177221135083
ADAMW,1072,0.008246889481231706
ADAMW,1073,0.1207659231318367
ADAMW,1074,0.11805392199191468
ADAMW,1075,0.0523699076732969
ADAMW,1076,0.0523699076732969
ADAMW,1077,0.022524751309500664
ADAMW,1078,0.022524751309500664
ADAMW,1079,0.011389350570841148
ADAMW,1080,0.1195804167910827
ADAMW,1081,0.2530664060980777
ADAMW,1082,0.0990380072401612
ADAMW,1083,0.0990380072401612
ADAMW,1084,0.1367856397878184
ADAMW,1085,0.22693506013162013
ADAMW,1086,0.12875852352910125
ADAMW,1087,0.009565592112022079
ADAMW,1088,0.0831462544683158
ADAMW,1089,0.0831462544683158
ADAMW,1090,0.0737147940959686
ADAMW,1091,0.10365148148116717
ADAMW,1092,0.09066448813522317
ADAMW,1093,0.05477006154795183
ADAMW,1094,0.10743762899507735
ADAMW,1095,0.05477006154795183
ADAMW,1096,0.10743762899507735
ADAMW,1097,0.10040169656552804
ADAMW,1098,0.06184308523598338
ADAMW,1099,0.06184308523598338
ADAMW,1100,0.10695528180175476
ADAMW,1101,0.10695528180175476
ADAMW,1102,0.38620595165390215
ADAMW,1103,0.28145088334609564
ADAMW,1104,0.11886034797772595
ADAMW,1105,0.09043941561851693
ADAMW,1106,0.13874807107600032
ADAMW,1107,0.18983972435299531
ADAMW,1108,0.18983972435299531
ADAMW,1109,0.2931717247899111
ADAMW,1110,0.2931717247899111
ADAMW,1111,0.24676382869211355
ADAMW,1112,0.24676382869211355
ADAMW,1113,0.18991572151559963
ADAMW,1114,0.10722336605265949
ADAMW,1115,0.022709298271044
ADAMW,1116,0.026263971091168046
ADAMW,1117,0.10508010545751244
ADAMW,1118,0.1368428097113617
ADAMW,1119,0.16448266513459378
ADAMW,1120,0.2480829690170343
ADAMW,1121,0.30811087945794186
ADAMW,1122,0.30811087945794186
ADAMW,1123,0.404989340798533
ADAMW,1124,0.19216732349644688
ADAMW,1125,0.3702852528181588
ADAMW,1126,0.22828513336211437
ADAMW,1127,0.07997767531948406
ADAMW,1128,0.0316939743942007
ADAMW,1129,0.012823578409261193
ADAMW,1130,0.019742323843041035
ADAMW,1131,0.06895607380177236
ADAMW,1132,0.019742323843041035
ADAMW,1133,0.1441954689224665
ADAMW,1134,0.03227187555747384
ADAMW,1135,0.059747098235257694
ADAMW,1136,0.11848212341007561
ADAMW,1137,0.09112272582703397
ADAMW,1138,0.24586865088546914
ADAMW,1139,0.29134160124792435
ADAMW,1140,0.29134160124792435
ADAMW,1141,0.29134160124792435
ADAMW,1142,0.32984273107720113
ADAMW,1143,0.23368120245689591
ADAMW,1144,0.23368120245689591
ADAMW,1145,0.07854289882963732
ADAMW,1146,0.07854289882963732
ADAMW,1147,0.06675531518334644
ADAMW,1148,0.06675531518334644
ADAMW,1149,0.06761390736106875
ADAMW,1150,0.1805711841898861
ADAMW,1151,0.11653364418120787
ADAMW,1152,0.11653364418120787
ADAMW,1153,0.13196519683887564
ADAMW,1154,0.22676180882352295
ADAMW,1155,0.29549439144805184
ADAMW,1156,0.29549439144805184
ADAMW,1157,0.29549439144805184
ADAMW,1158,0.061479446210670044
ADAMW,1159,0.061479446210670044
ADAMW,1160,0.061479446210670044
ADAMW,1161,0.16040918902520707
ADAMW,1162,0.07382843509487295
ADAMW,1163,0.03704985135759975
ADAMW,1164,0.18102474601758006
ADAMW,1165,0.18102474601758006
ADAMW,1166,0.2653476849037201
ADAMW,1167,0.47010099832829805
ADAMW,1168,0.34340318148622495
ADAMW,1169,0.170393047698866
ADAMW,1170,0.170393047698866
ADAMW,1171,0.08783449318028351
ADAMW,1172,0.08783449318028351
ADAMW,1173,0.08783449318028351
ADAMW,1174,0.2905628571067713
ADAMW,1175,0.181803340177489
ADAMW,1176,0.181803340177489
ADAMW,1177,0.181803340177489
ADAMW,1178,0.2429585713310254
ADAMW,1179,0.17624615150651063
ADAMW,1180,0.1705289588709181
ADAMW,1181,0.19495987052341435
ADAMW,1182,0.35241900968696477
ADAMW,1183,0.34743322272931776
ADAMW,1184,0.2177985340461073
ADAMW,1185,0.12447739532870548
ADAMW,1186,0.17772531591995422
ADAMW,1187,0.18234516740703663
ADAMW,1188,0.18234516740703663
ADAMW,1189,0.22213828338012392
ADAMW,1190,0.38499248953230425
ADAMW,1191,0.38499248953230425
ADAMW,1192,0.4250009280826179
ADAMW,1193,0.43672575387628104
ADAMW,1194,0.16857236894381358
ADAMW,1195,0.16857236894381358
ADAMW,1196,0.16857236894381358
ADAMW,1197,0.25051911176924263
ADAMW,1198,0.2073218487017971
ADAMW,1199,0.04494855762768425
ADAMW,1200,0.04494855762768425
ADAMW,1201,0.13953776804152263
ADAMW,1202,0.13490162136811332
ADAMW,1203,0.26553691702225607
ADAMW,1204,0.2765334556967418
ADAMW,1205,0.22681728730003167
ADAMW,1206,0.2115520603684334
ADAMW,1207,0.2115520603684334
ADAMW,1208,0.11670818675176824
ADAMW,1209,0.08236274558326555
ADAMW,1210,0.08367369153786647
ADAMW,1211,0.11935801641149484
ADAMW,1212,0.29285546352540337
ADAMW,1213,0.0710754300194952
ADAMW,1214,0.0710754300194952
ADAMW,1215,0.29285546352540337
ADAMW,1216,0.3987328468713492
ADAMW,1217,0.09023201417680193
ADAMW,1218,0.07922637781999649
ADAMW,1219,0.07922637781999649
ADAMW,1220,0.17205133451245327
ADAMW,1221,0.3127403178470396
ADAMW,1222,0.29906208460296935
ADAMW,1223,0.20128947837171
ADAMW,1224,0.10367027891212115
ADAMW,1225,0.07957491711593387
ADAMW,1226,0.17561103101811812
ADAMW,1227,0.19501741604589568
ADAMW,1228,0.18804164091089956
ADAMW,1229,0.2096026685903394
ADAMW,1230,0.16346242933958513
ADAMW,1231,0.16155187059640316
ADAMW,1232,0.08550384783259213
ADAMW,1233,0.08691755084039297
ADAMW,1234,0.23183078909165453
ADAMW,1235,0.24789926066416626
ADAMW,1236,0.24789926066416626
ADAMW,1237,0.22109197876410142
ADAMW,1238,0.21216880087547488
ADAMW,1239,0.25401847936914657
ADAMW,1240,0.15308513053628228
ADAMW,1241,0.0962810135290706
ADAMW,1242,0.15308513053628228
ADAMW,1243,0.18670889289054657
ADAMW,1244,0.3292697007883011
ADAMW,1245,0.22576267536739306
ADAMW,1246,0.22576267536739306
ADAMW,1247,0.22576267536739306
ADAMW,1248,0.07136993895157968
ADAMW,1249,0.07136993895157968
ADAMW,1250,0.20244217848226434
ADAMW,1251,0.13369553544684387
ADAMW,1252,0.14472197992421318
ADAMW,1253,0.19408830153982337
ADAMW,1254,0.24873551918248824
ADAMW,1255,0.15025058036902386
ADAMW,1256,0.2374981887635375
ADAMW,1257,0.1750452168449282
ADAMW,1258,0.1750452168449282
ADAMW,1259,0.1750452168449282
ADAMW,1260,0.23446910180214353
ADAMW,1261,0.23446910180214353
ADAMW,1262,0.4445105395872319
ADAMW,1263,0.1104553781762579
ADAMW,1264,0.06112515454374928
ADAMW,1265,0.10818233205132795
ADAMW,1266,0.1576217486645641
ADAMW,1267,0.19802935992699258
ADAMW,1268,0.07757763175918969
ADAMW,1269,0.04165661921672671
ADAMW,1270,0.04198934631810347
ADAMW,1271,0.10110203442890078
ADAMW,1272,0.43345604825519235
ADAMW,1273,0.473030064771782
ADAMW,1274,0.25809809184559307
ADAMW,1275,0.25809809184559307
ADAMW,1276,0.26609472584919885
ADAMW,1277,0.26609472584919885
ADAMW,1278,0.14305376420717023
ADAMW,1279,0.20255362317659312
ADAMW,1280,0.2157793673231136
ADAMW,1281,0.27115281933021657
ADAMW,1282,0.27115281933021657
ADAMW,1283,0.3426744772471776
ADAMW,1284,0.4504321829223227
ADAMW,1285,0.5860455534773915
ADAMW,1286,0.18143878844304195
ADAMW,1287,0.16350755965745242
ADAMW,1288,0.16350755965745242
ADAMW,1289,0.19015522255002337
ADAMW,1290,0.07401728810731166
ADAMW,1291,0.07401728810731166
ADAMW,1292,0.1765299280967488
ADAMW,1293,0.21234386369199834
ADAMW,1294,0.21234386369199834
ADAMW,1295,0.4042778439007977
ADAMW,1296,0.19152455499921367
ADAMW,1297,0.19152455499921367
ADAMW,1298,0.19152455499921367
ADAMW,1299,0.3260862269594173
ADAMW,1300,0.1698619901318083
ADAMW,1301,0.1484023158495605
ADAMW,1302,0.14153785073738695
ADAMW,1303,0.07509144445636706
ADAMW,1304,0.05135689916237567
ADAMW,1305,0.06470431509487735
ADAMW,1306,0.08948972152639073
ADAMW,1307,0.15768464024030815
ADAMW,1308,0.15887816779368616
ADAMW,1309,0.15887816779368616
ADAMW,1310,0.3483616010050811
ADAMW,1311,0.2859107319741166
ADAMW,1312,0.20363234767026825
ADAMW,1313,0.20363234767026825
ADAMW,1314,0.258832430091115
ADAMW,1315,0.2455850341735729
ADAMW,1316,0.19051752688103374
ADAMW,1317,0.13615288601960587
ADAMW,1318,0.11914646483701342
ADAMW,1319,0.3581452608819487
ADAMW,1320,0.11131448192728968
ADAMW,1321,0.11131448192728968
ADAMW,1322,0.4167329119458717
ADAMW,1323,0.2756000695048029
ADAMW,1324,0.13558370994367472
ADAMW,1325,0.12963091496008364
ADAMW,1326,0.13558370994367472
ADAMW,1327,0.09049134977150494
ADAMW,1328,0.09049134977150494
ADAMW,1329,0.21415311124706596
ADAMW,1330,0.12251946696489462
ADAMW,1331,0.10425413023493614
ADAMW,1332,0.09010420668977819
ADAMW,1333,0.08678898535851522
ADAMW,1334,0.08678898535851522
ADAMW,1335,0.09784987971041166
ADAMW,1336,0.010949342627987179
ADAMW,1337,0.09295770156625502
ADAMW,1338,0.10681110619632765
ADAMW,1339,0.14308775821644157
ADAMW,1340,0.14308775821644157
ADAMW,1341,0.14308775821644157
ADAMW,1342,0.3023064795216783
ADAMW,1343,0.04862563025436703
ADAMW,1344,0.0347132356166295
ADAMW,1345,0.04862563025436703
ADAMW,1346,0.04817997721152704
ADAMW,1347,0.11647099979563691
ADAMW,1348,0.21689432301500852
ADAMW,1349,0.19244966450597642
ADAMW,1350,0.19244966450597642
ADAMW,1351,0.33082264942098044
ADAMW,1352,0.1498159533398143
ADAMW,1353,0.11259279154743183
ADAMW,1354,0.09991013263195098
ADAMW,1355,0.0738472789986239
ADAMW,1356,0.10184574081523041
ADAMW,1357,0.15378425982346808
ADAMW,1358,0.09935937749881639
ADAMW,1359,0.026922071004191177
ADAMW,1360,0.02591759940753221
ADAMW,1361,0.02591759940753221
ADAMW,1362,0.12074886881818564
ADAMW,1363,0.17581901575178557
ADAMW,1364,0.08218097496323884
ADAMW,1365,0.08218097496323884
ADAMW,1366,0.08218097496323884
ADAMW,1367,0.19315773086434476
ADAMW,1368,0.08157899636350291
ADAMW,1369,0.08210016997703193
ADAMW,1370,0.12811394225423967
ADAMW,1371,0.2420130227726193
ADAMW,1372,0.08373291468066467
ADAMW,1373,0.08373291468066467
ADAMW,1374,0.08242012688628586
ADAMW,1375,0.2563906363649648
ADAMW,1376,0.13455278700635095
ADAMW,1377,0.20621836974562335
ADAMW,1378,0.33027401680390833
ADAMW,1379,0.23314740935835387
ADAMW,1380,0.2292114293232708
ADAMW,1381,0.2292114293232708
ADAMW,1382,0.22482538329309235
ADAMW,1383,0.1338936074685698
ADAMW,1384,0.2748361094414707
ADAMW,1385,0.2748361094414707
ADAMW,1386,0.19418314003084072
ADAMW,1387,0.17466077152994838
ADAMW,1388,0.14262279562384184
ADAMW,1389,0.17466077152994838
ADAMW,1390,0.13571705171135634
ADAMW,1391,0.13571705171135634
ADAMW,1392,0.2215169407234619
ADAMW,1393,0.23896845760240037
ADAMW,1394,0.01706970458667668
ADAMW,1395,0.021554102181290342
ADAMW,1396,0.07571030349878628
ADAMW,1397,0.06968875751484131
ADAMW,1398,0.07062499536842581
ADAMW,1399,0.09474637841213383
ADAMW,1400,0.26198080509040345
ADAMW,1401,0.18881910792638187
ADAMW,1402,0.2344095913281384
ADAMW,1403,0.1903596704579941
ADAMW,1404,0.21536119735894038
ADAMW,1405,0.21536119735894038
ADAMW,1406,0.21536119735894038
ADAMW,1407,0.347840059298504
ADAMW,1408,0.290963206468287
ADAMW,1409,0.290963206468287
ADAMW,1410,0.37382268301961774
ADAMW,1411,0.37382268301961774
ADAMW,1412,0.45939123058514114
ADAMW,1413,0.4313022190428127
ADAMW,1414,0.1592986839705963
ADAMW,1415,0.04401328758618586
ADAMW,1416,0.04364785125622776
ADAMW,1417,0.0257299348683731
ADAMW,1418,0.0257299348683731
ADAMW,1419,0.10089641190799037
ADAMW,1420,0.19692925306727715
ADAMW,1421,0.24226800407319657
ADAMW,1422,0.48821544891574736
ADAMW,1423,0.14104727855329055
ADAMW,1424,0.14104727855329055
ADAMW,1425,0.14104727855329055
ADAMW,1426,0.2319908294462183
ADAMW,1427,0.1232629088443678
ADAMW,1428,0.1232629088443678
ADAMW,1429,0.11133853640594227
ADAMW,1430,0.10430368331965321
ADAMW,1431,0.21343314607438807
ADAMW,1432,0.30565214742929664
ADAMW,1433,0.23432474779607793
ADAMW,1434,0.1086191152274414
ADAMW,1435,0.0366068416991075
ADAMW,1436,0.0366068416991075
ADAMW,1437,0.0366068416991075
ADAMW,1438,0.1938112581082109
ADAMW,1439,0.29106723711388816
ADAMW,1440,0.16093194887155024
ADAMW,1441,0.09289059350156219
ADAMW,1442,0.1344066589283856
ADAMW,1443,0.13105590585456636
ADAMW,1444,0.07092170777580163
ADAMW,1445,0.20020953805862943
ADAMW,1446,0.22162341502897023
ADAMW,1447,0.15508775448434983
ADAMW,1448,0.019097039873585474
ADAMW,1449,0.022129393317120705
ADAMW,1450,0.1794796957304844
ADAMW,1451,0.1794796957304844
ADAMW,1452,0.14179773927490397
ADAMW,1453,0.26917821813698034
ADAMW,1454,0.4251582442130598
ADAMW,1455,0.10083703238658177
ADAMW,1456,0.10083703238658177
ADAMW,1457,0.10083703238658177
ADAMW,1458,0.12843835905944834
ADAMW,1459,0.1261979447838492
ADAMW,1460,0.060748785342618065
ADAMW,1461,0.05520341725948844
ADAMW,1462,0.11058434318702276
ADAMW,1463,0.14497939855472014
ADAMW,1464,0.258613496931708
ADAMW,1465,0.35642548281781816
ADAMW,1466,0.3124377078736321
ADAMW,1467,0.3124377078736321
ADAMW,1468,0.3124377078736321
ADAMW,1469,0.27214843696536895
ADAMW,1470,0.35111222043311885
ADAMW,1471,0.35111222043311885
ADAMW,1472,0.2208168565780159
ADAMW,1473,0.05218786000355648
ADAMW,1474,0.2335828094373637
ADAMW,1475,0.2335828094373637
ADAMW,1476,0.385267195091926
ADAMW,1477,0.3171653034179063
ADAMW,1478,0.3920097030751135
ADAMW,1479,0.16379195720033293
ADAMW,1480,0.16379195720033293
ADAMW,1481,0.147297564903204
ADAMW,1482,0.17513380469369597
ADAMW,1483,0.19153833947968538
ADAMW,1484,0.19321376268361723
ADAMW,1485,0.22913692067769012
ADAMW,1486,0.07626702991434485
ADAMW,1487,0.07626702991434485
ADAMW,1488,0.02504797728193092
ADAMW,1489,0.026684143841659447
ADAMW,1490,0.11869729326325396
ADAMW,1491,0.144905595588278
ADAMW,1492,0.09263825637228118
ADAMW,1493,0.09263825637228118
ADAMW,1494,0.10733098503530766
ADAMW,1495,0.20607682488457607
ADAMW,1496,0.19442228259511465
ADAMW,1497,0.1080257187722887
ADAMW,1498,0.11029211944085697
ADAMW,1499,0.11029211944085697
ADAMW,1500,0.24561604842176918
ADAMW,1501,0.2472845678434962
ADAMW,1502,0.2472845678434962
ADAMW,1503,0.03675199740795453
ADAMW,1504,0.0828348105587248
ADAMW,1505,0.0828348105587248
ADAMW,1506,0.18043844930371478
ADAMW,1507,0.18043844930371478
ADAMW,1508,0.18043844930371478
ADAMW,1509,0.1310380646070143
ADAMW,1510,0.180679914551193
ADAMW,1511,0.180679914551193
ADAMW,1512,0.12785117345086222
ADAMW,1513,0.15494058844384523
ADAMW,1514,0.15050470307389288
ADAMW,1515,0.053782890407511406
ADAMW,1516,0.053782890407511406
ADAMW,1517,0.13099554010130465
ADAMW,1518,0.34831611521672545
ADAMW,1519,0.22251322505156187
ADAMW,1520,0.22251322505156187
ADAMW,1521,0.19419857459250053
ADAMW,1522,0.19419857459250053
ADAMW,1523,0.05446728332493758
ADAMW,1524,0.40711070300572194
ADAMW,1525,0.40711070300572194
ADAMW,1526,0.440828188801601
ADAMW,1527,0.3778492350186794
ADAMW,1528,0.25771678233926265
ADAMW,1529,0.04310654188598095
ADAMW,1530,0.15659776431007777
ADAMW,1531,0.1953914338230382
ADAMW,1532,0.1953914338230382
ADAMW,1533,0.6115605154240348
ADAMW,1534,0.1654468590541066
ADAMW,1535,0.1654468590541066
ADAMW,1536,0.1654468590541066
ADAMW,1537,0.13985272854251965
ADAMW,1538,0.059818098505914574
ADAMW,1539,0.059818098505914574
ADAMW,1540,0.10091469523167672
ADAMW,1541,0.1818041416105865
ADAMW,1542,0.1818041416105865
ADAMW,1543,0.1883167935095532
ADAMW,1544,0.1818041416105865
ADAMW,1545,0.21532340683243853
ADAMW,1546,0.2527245046982536
ADAMW,1547,0.30295948203648115
ADAMW,1548,0.30295948203648115
ADAMW,1549,0.2962348240262492
ADAMW,1550,0.19074393788692906
ADAMW,1551,0.10585263956267797
ADAMW,1552,0.05662819109135873
ADAMW,1553,0.1456645409966477
ADAMW,1554,0.3924967392460904
ADAMW,1555,0.39632823228471803
ADAMW,1556,0.33994858809229006
ADAMW,1557,0.5303597742691342
ADAMW,1558,0.36345167803479067
ADAMW,1559,0.2675926558874009
ADAMW,1560,0.2675926558874009
ADAMW,1561,0.39924925673682116
ADAMW,1562,0.6277434707177799
ADAMW,1563,0.5034052463225207
ADAMW,1564,0.3057495507896542
ADAMW,1565,0.3057495507896542
ADAMW,1566,0.3256384119014158
ADAMW,1567,0.1876478734629126
ADAMW,1568,0.3081224786491839
ADAMW,1569,0.558963435722664
ADAMW,1570,0.2656470696158384
ADAMW,1571,0.23841567487009419
ADAMW,1572,0.2164407145873239
ADAMW,1573,0.058026386137860535
ADAMW,1574,0.003930389395275613
ADAMW,1575,0.05533538288068561
ADAMW,1576,0.05533538288068561
ADAMW,1577,0.11650196747786333
ADAMW,1578,0.36160696855345775
ADAMW,1579,0.36160696855345775
ADAMW,1580,0.36160696855345775
ADAMW,1581,0.5798119111724249
ADAMW,1582,0.5281922499768555
ADAMW,1583,0.14819177283546192
ADAMW,1584,0.01624079592793293
ADAMW,1585,0.023928518868083736
ADAMW,1586,0.14246058467541367
ADAMW,1587,0.11960340298079271
ADAMW,1588,0.11006896645041674
ADAMW,1589,0.1223879019985583
ADAMW,1590,0.1994858149028619
ADAMW,1591,0.16891227176520854
ADAMW,1592,0.16891227176520854
ADAMW,1593,0.27378998469340127
ADAMW,1594,0.3200204876162036
ADAMW,1595,0.3016569575000458
ADAMW,1596,0.22558638035478132
ADAMW,1597,0.22558638035478132
ADAMW,1598,0.029174780190541996
ADAMW,1599,0.029174780190541996
ADAMW,1600,0.029174780190541996
ADAMW,1601,0.07736591303881499
ADAMW,1602,0.07042090475450566
ADAMW,1603,0.07624384424758096
ADAMW,1604,0.07042090475450566
ADAMW,1605,0.1497624963249507
ADAMW,1606,0.11480681054802967
ADAMW,1607,0.3538364147473939
ADAMW,1608,0.1329805611580328
ADAMW,1609,0.18247873743106782
ADAMW,1610,0.06135360179072425
ADAMW,1611,0.06135360179072425
ADAMW,1612,0.12355398984562445
ADAMW,1613,0.18648232674084705
ADAMW,1614,0.06720253037524129
ADAMW,1615,0.06720253037524129
ADAMW,1616,0.11359267497556112
ADAMW,1617,0.2171202988670137
ADAMW,1618,0.2504247551042337
ADAMW,1619,0.2062019776897468
ADAMW,1620,0.2062019776897468
ADAMW,1621,0.24600205621253726
ADAMW,1622,0.24600205621253726
ADAMW,1623,0.2407787300025112
ADAMW,1624,0.17657658058943038
ADAMW,1625,0.10797281884620283
ADAMW,1626,0.11570694659459982
ADAMW,1627,0.11321505773818445
ADAMW,1628,0.11615862059462975
ADAMW,1629,0.19332533502819152
ADAMW,1630,0.15399147339932118
ADAMW,1631,0.15399147339932118
ADAMW,1632,0.0949402345535325
ADAMW,1633,0.0949402345535325
ADAMW,1634,0.0949402345535325
ADAMW,1635,0.1404220445661799
ADAMW,1636,0.1753924666941936
ADAMW,1637,0.24326949884227853
ADAMW,1638,0.16654500044320555
ADAMW,1639,0.16654500044320555
ADAMW,1640,0.08443147965898455
ADAMW,1641,0.19135459961963303
ADAMW,1642,0.25994418393381397
ADAMW,1643,0.24769620313629548
ADAMW,1644,0.5063548776914766
ADAMW,1645,0.2904482941930617
ADAMW,1646,0.13640162619536458
ADAMW,1647,0.13640162619536458
ADAMW,1648,0.4382203569316751
ADAMW,1649,0.4510821089188865
ADAMW,1650,0.709812765338588
ADAMW,1651,0.2894941802885717
ADAMW,1652,0.2894941802885717
ADAMW,1653,0.2894941802885717
ADAMW,1654,0.4257531684253356
ADAMW,1655,0.3277925076125068
ADAMW,1656,0.34531536860474016
ADAMW,1657,0.26994165116882646
ADAMW,1658,0.06503987259389632
ADAMW,1659,0.03343631566918712
ADAMW,1660,0.01803922597229648
ADAMW,1661,0.01803922597229648
ADAMW,1662,0.018101340570593705
ADAMW,1663,0.051052445594604354
ADAMW,1664,0.1596082535729938
ADAMW,1665,0.1596082535729938
ADAMW,1666,0.2732951270239591
ADAMW,1667,0.26168699390315775
ADAMW,1668,0.24293180721467172
ADAMW,1669,0.009227780785910336
ADAMW,1670,0.009227780785910336
ADAMW,1671,0.2133339759571423
ADAMW,1672,0.2133339759571423
ADAMW,1673,0.2288638553879192
ADAMW,1674,0.18225307544181238
ADAMW,1675,0.13167508629552951
ADAMW,1676,0.13167508629552951
ADAMW,1677,0.1350579844118618
ADAMW,1678,0.15116144968846965
ADAMW,1679,0.15563670820239614
ADAMW,1680,0.16682306097849225
ADAMW,1681,0.38023501892588024
ADAMW,1682,0.21416115149461995
ADAMW,1683,0.342625451651583
ADAMW,1684,0.342625451651583
ADAMW,1685,0.19287910494797797
ADAMW,1686,0.23853086519480893
ADAMW,1687,0.12459416345272184
ADAMW,1688,0.0724509834804721
ADAMW,1689,0.12459416345272184
ADAMW,1690,0.13345784645396508
ADAMW,1691,0.17392409708128806
ADAMW,1692,0.14040321809668396
ADAMW,1693,0.13675086967115427
ADAMW,1694,0.15280471239942178
ADAMW,1695,0.044374622101502836
ADAMW,1696,0.3235776460744979
ADAMW,1697,0.18436947927769318
ADAMW,1698,0.13449135612604965
ADAMW,1699,0.1910562187484127
ADAMW,1700,0.1004759893093929
ADAMW,1701,0.11295690140526644
ADAMW,1702,0.11295690140526644
ADAMW,1703,0.040251346792346224
ADAMW,1704,0.03362164006786304
ADAMW,1705,0.0510580820447262
ADAMW,1706,0.0510580820447262
ADAMW,1707,0.05155884561184313
ADAMW,1708,0.0907093050455836
ADAMW,1709,0.16053742330000112
ADAMW,1710,0.2101564059713352
ADAMW,1711,0.31165893170790093
ADAMW,1712,0.31165893170790093
ADAMW,1713,0.29336049450510393
ADAMW,1714,0.23184398199608688
ADAMW,1715,0.23184398199608688
ADAMW,1716,0.186635609506612
ADAMW,1717,0.14366684671780924
ADAMW,1718,0.1838930978540445
ADAMW,1719,0.1245919936728479
ADAMW,1720,0.04104516414261815
ADAMW,1721,0.04104516414261815
ADAMW,1722,0.1245919936728479
ADAMW,1723,0.19795126700120555
ADAMW,1724,0.19795126700120555
ADAMW,1725,0.19795126700120555
ADAMW,1726,0.21535974175011496
ADAMW,1727,0.0609104786479575
ADAMW,1728,0.07003513843956591
ADAMW,1729,0.0609104786479575
ADAMW,1730,0.1362645735436057
ADAMW,1731,0.1362645735436057
ADAMW,1732,0.155406386507052
ADAMW,1733,0.14362285055685028
ADAMW,1734,0.11286637935396296
ADAMW,1735,0.09414221320884131
ADAMW,1736,0.5340058238716715
ADAMW,1737,0.2933960302618818
ADAMW,1738,0.2668236881615241
ADAMW,1739,0.1314340221303036
ADAMW,1740,0.07411146185713074
ADAMW,1741,0.07411146185713074
ADAMW,1742,0.0939230478569433
ADAMW,1743,0.21040706431738895
ADAMW,1744,0.13824454222668603
ADAMW,1745,0.12543706237470922
ADAMW,1746,0.07346535380326007
ADAMW,1747,0.07346535380326007
ADAMW,1748,0.06955578921849336
ADAMW,1749,0.16071331778697112
ADAMW,1750,0.12240742077305404
ADAMW,1751,0.12240742077305404
ADAMW,1752,0.11660904224160763
ADAMW,1753,0.29176049526258685
ADAMW,1754,0.2513994137605392
ADAMW,1755,0.2513994137605392
ADAMW,1756,0.34627744642223157
ADAMW,1757,0.2393024965952298
ADAMW,1758,0.2393024965952298
ADAMW,1759,0.20651995799766124
ADAMW,1760,0.08552105643481075
ADAMW,1761,0.18830589136761197
ADAMW,1762,0.16421945503056629
ADAMW,1763,0.37577116395415255
ADAMW,1764,0.16301664416951017
ADAMW,1765,0.10065974465400387
ADAMW,1766,0.10262479263662729
ADAMW,1767,0.1355519244016053
ADAMW,1768,0.13673392971358597
ADAMW,1769,0.1814637788544738
ADAMW,1770,0.2950901335765264
ADAMW,1771,0.4000178643230848
ADAMW,1772,0.08247993031131844
ADAMW,1773,0.08308919074742094
ADAMW,1774,0.08247993031131844
ADAMW,1775,0.16150579949671798
ADAMW,1776,0.20664492805884063
ADAMW,1777,0.20446920771486005
ADAMW,1778,0.22329094435748273
ADAMW,1779,0.3032650549439047
ADAMW,1780,0.22454568797423122
ADAMW,1781,0.2345648812075875
ADAMW,1782,0.25524686232442345
ADAMW,1783,0.2434581898703691
ADAMW,1784,0.06336569170679145
ADAMW,1785,0.04359961396855007
ADAMW,1786,0.06413879949688499
ADAMW,1787,0.06413879949688499
ADAMW,1788,0.1519829785170121
ADAMW,1789,0.352999103982289
ADAMW,1790,0.05359675089166181
ADAMW,1791,0.05359675089166181
ADAMW,1792,0.05359675089166181
ADAMW,1793,0.15543393700761554
ADAMW,1794,0.13417916066295438
ADAMW,1795,0.11228899931745415
MILO,5,1.0
MILO,6,0.9601470155746705
MILO,7,0.8764409202993024
MILO,8,0.5751466602975976
MILO,9,0.403456210013025
MILO,10,0.34089261026730705
MILO,11,0.3000172137516381
MILO,12,0.28230301395616136
MILO,13,0.16850934236068885
MILO,14,0.0934937284492613
MILO,15,0.14983556817166388
MILO,16,0.2092580896946391
MILO,17,0.16010831708807335
MILO,18,0.023803796561998918
MILO,19,0.04637701822233947
MILO,20,0.11927685928469668
MILO,21,0.14232830198730936
MILO,22,0.14782618895288893
MILO,23,0.09108811316260938
MILO,24,0.09375502063690282
MILO,25,0.06153902704597701
MILO,26,0.03257023897505702
MILO,27,0.032849819613327835
MILO,28,0.0708661296384031
MILO,29,0.19517115525364329
MILO,30,0.10808783441482321
MILO,31,0.1566346108227666
MILO,32,0.10176656314082572
MILO,33,0.05393558156582371
MILO,34,0.05243214597859704
MILO,35,0.05470660627811217
MILO,36,0.11768737822865787
MILO,37,0.0951721310969481
MILO,38,0.1214214127390664
MILO,39,0.14827343500609028
MILO,40,0.06163160011172208
MILO,41,0.10727188225032909
MILO,42,0.09021017780953398
MILO,43,0.1488590389363122
MILO,44,0.17213638301744988
MILO,45,0.15075886190453197
MILO,46,0.15075886190453197
MILO,47,0.009115497852205811
MILO,48,0.14144813392136274
MILO,49,0.1468769356849153
MILO,50,0.21312199902596043
MILO,51,0.022091270630205877
MILO,52,0.011483985539897261
MILO,53,0.14700279325465238
MILO,54,0.019243647068980595
MILO,55,0.07555083644051964
MILO,56,0.09517439271590412
MILO,57,0.09517439271590412
MILO,58,0.09517439271590412
MILO,59,0.17119149721670646
MILO,60,0.13605486524857918
MILO,61,0.11097888371983056
MILO,62,0.11250349583913336
MILO,63,0.11250349583913336
MILO,64,0.07673487091989495
MILO,65,0.06971018498208237
MILO,66,0.05264626178373288
MILO,67,0.05684381379043455
MILO,68,0.05684381379043455
MILO,69,0.22065196420061628
MILO,70,0.18795331503793175
MILO,71,0.21727802082950148
MILO,72,0.21727802082950148
MILO,73,0.07688878738872897
MILO,74,0.07092484378003372
MILO,75,0.07092484378003372
MILO,76,0.13793091815311972
MILO,77,0.16614542192654316
MILO,78,0.07115200276552847
MILO,79,0.05801505901713495
MILO,80,0.07489182711956958
MILO,81,0.1900230909551168
MILO,82,0.06332679988561271
MILO,83,0.06332679988561271
MILO,84,0.06332679988561271
MILO,85,0.08941161056521461
MILO,86,0.08941161056521461
MILO,87,0.08941161056521461
MILO,88,0.12729859880132935
MILO,89,0.0672215838168418
MILO,90,0.0684234802847808
MILO,91,0.12834842682218328
MILO,92,0.06214419032273574
MILO,93,0.14256430331164044
MILO,94,0.13733959135335175
MILO,95,0.07615815965826549
MILO,96,0.07615815965826549
MILO,97,0.05217439287536023
MILO,98,0.07860109653530846
MILO,99,0.055980035581470446
MILO,100,0.08080874819536533
MILO,101,0.0810346018426527
MILO,102,0.0810346018426527
MILO,103,0.10039878312484422
MILO,104,0.10039878312484422
MILO,105,0.11957093382752501
MILO,106,0.1720258458497763
MILO,107,0.09031214200609482
MILO,108,0.1720258458497763
MILO,109,0.07909277441992324
MILO,110,0.04285407470514342
MILO,111,0.162090024047527
MILO,112,0.13436449098957384
MILO,113,0.11809942379592399
MILO,114,0.1613375025606618
MILO,115,0.13436449098957384
MILO,116,0.12821386039429544
MILO,117,0.2534179978514527
MILO,118,0.16149118439326154
MILO,119,0.08820466630414871
MILO,120,0.101180663382214
MILO,121,0.0601032281217777
MILO,122,0.08350762824170203
MILO,123,0.024715926726525134
MILO,124,0.07449784992214967
MILO,125,0.07814572972831953
MILO,126,0.07814572972831953
MILO,127,0.06996959929230691
MILO,128,0.10075921573091458
MILO,129,0.12439695768743925
MILO,130,0.0681512259829554
MILO,131,0.046951050032452236
MILO,132,0.046951050032452236
MILO,133,0.046951050032452236
MILO,134,0.07960001012797577
MILO,135,0.06739651561807926
MILO,136,0.06739651561807926
MILO,137,0.14390493276102792
MILO,138,0.11778255029108457
MILO,139,0.07848884717177905
MILO,140,0.07848884717177905
MILO,141,0.04594108173131569
MILO,142,0.03859563906910086
MILO,143,0.08562912521029313
MILO,144,0.1146427387121308
MILO,145,0.05914865887228284
MILO,146,0.07502148238838882
MILO,147,0.10121287057340439
MILO,148,0.07014530890894383
MILO,149,0.15879717989353256
MILO,150,0.12301299019569747
MILO,151,0.174199730274375
MILO,152,0.07841589642693624
MILO,153,0.0602829505124107
MILO,154,0.0602829505124107
MILO,155,0.0602829505124107
MILO,156,0.12878213661551166
MILO,157,0.12878213661551166
MILO,158,0.1541604032155875
MILO,159,0.12549455765738055
MILO,160,0.12549455765738055
MILO,161,0.05969026211376997
MILO,162,0.060636036281903276
MILO,163,0.0762711041483521
MILO,164,0.11141868907078765
MILO,165,0.04243000054892357
MILO,166,0.06775335496293723
MILO,167,0.07254494335602915
MILO,168,0.12086145179796971
MILO,169,0.136531454717911
MILO,170,0.19847634001327158
MILO,171,0.1242559657554414
MILO,172,0.20111914873825765
MILO,173,0.08249477928422892
MILO,174,0.08249477928422892
MILO,175,0.14936218319287872
MILO,176,0.08076705049991643
MILO,177,0.06788055216122901
MILO,178,0.12206507740041647
MILO,179,0.07850989044045634
MILO,180,0.07850989044045634
MILO,181,0.09723698347174299
MILO,182,0.1965428357861865
MILO,183,0.17911990526340543
MILO,184,0.17902758108371514
MILO,185,0.17902758108371514
MILO,186,0.18592147465334205
MILO,187,0.17902758108371514
MILO,188,0.18592147465334205
MILO,189,0.1933081217513866
MILO,190,0.1933081217513866
MILO,191,0.15355545398744494
MILO,192,0.07963440360799268
MILO,193,0.07956300960985213
MILO,194,0.04680001348711096
MILO,195,0.08125228296841931
MILO,196,0.09384724039265435
MILO,197,0.09384724039265435
MILO,198,0.09384724039265435
MILO,199,0.08711466892812157
MILO,200,0.14590755633223637
MILO,201,0.13137557977696077
MILO,202,0.1240666377476331
MILO,203,0.17100335773802824
MILO,204,0.1585831840165652
MILO,205,0.0659848478302547
MILO,206,0.07839401912574724
MILO,207,0.059166187083942154
MILO,208,0.03560210123445928
MILO,209,0.03560210123445928
MILO,210,0.03713366149395849
MILO,211,0.012478858852572317
MILO,212,0.012478858852572317
MILO,213,0.0949816668723973
MILO,214,0.1101955229823237
MILO,215,0.14393078871510434
MILO,216,0.14393078871510434
MILO,217,0.22787759938804983
MILO,218,0.1869106224626292
MILO,219,0.1869106224626292
MILO,220,0.22787759938804983
MILO,221,0.13169349049422338
MILO,222,0.0955095684286187
MILO,223,0.06218490972909956
MILO,224,0.1363869187595115
MILO,225,0.19173845589690572
MILO,226,0.1438779480813616
MILO,227,0.09249644412426732
MILO,228,0.10973765106911249
MILO,229,0.09249644412426732
MILO,230,0.12271120277673389
MILO,231,0.18260892866743844
MILO,232,0.17075377943282713
MILO,233,0.14285165190429525
MILO,234,0.12152306999608167
MILO,235,0.12152306999608167
MILO,236,0.10666126329662662
MILO,237,0.08735968456658605
MILO,238,0.0766550269181453
MILO,239,0.06750830062140706
MILO,240,0.15972645359396975
MILO,241,0.0766550269181453
MILO,242,0.07974312077543778
MILO,243,0.1345164379466748
MILO,244,0.12608220314426094
MILO,245,0.06902804895908869
MILO,246,0.06902804895908869
MILO,247,0.06902804895908869
MILO,248,0.053922418127494216
MILO,249,0.0476175515064219
MILO,250,0.0476175515064219
MILO,251,0.0665179890012607
MILO,252,0.18245055432508703
MILO,253,0.046974841331402686
MILO,254,0.046974841331402686
MILO,255,0.20804878632941237
MILO,256,0.09981130456211823
MILO,257,0.08203499516604308
MILO,258,0.08203499516604308
MILO,259,0.07012263532775012
MILO,260,0.07143151968323581
MILO,261,0.12874094286422613
MILO,262,0.12874094286422613
MILO,263,0.0346943265718651
MILO,264,0.1294899070624537
MILO,265,0.33859423306533115
MILO,266,0.1554122574031463
MILO,267,0.14142108727688962
MILO,268,0.12209259330023739
MILO,269,0.018730906787142492
MILO,270,0.011623150474045824
MILO,271,0.018639674140004666
MILO,272,0.09761009301658917
MILO,273,0.06449775855368067
MILO,274,0.11269233285640276
MILO,275,0.10274704878307016
MILO,276,0.052633439433506464
MILO,277,0.0744476609926421
MILO,278,0.0744476609926421
MILO,279,0.0744476609926421
MILO,280,0.1307877001517066
MILO,281,0.15028853796671235
MILO,282,0.1873126537827745
MILO,283,0.17888248914734994
MILO,284,0.0963348126492336
MILO,285,0.0963348126492336
MILO,286,0.046048303974050325
MILO,287,0.10242869555442086
MILO,288,0.10242869555442086
MILO,289,0.13928665422368747
MILO,290,0.014703262879681473
MILO,291,0.014693950717836296
MILO,292,0.014693950717836296
MILO,293,0.01911595048422182
MILO,294,0.0068785726965628685
MILO,295,0.042628745592713006
MILO,296,0.042628745592713006
MILO,297,0.16297084183351804
MILO,298,0.15997797104928593
MILO,299,0.17229753878913964
MILO,300,0.17229753878913964
MILO,301,0.11963257083555284
MILO,302,0.11963257083555284
MILO,303,0.13746513313463718
MILO,304,0.011401298585535395
MILO,305,0.011401298585535395
MILO,306,0.038208940243019414
MILO,307,0.03783122151850742
MILO,308,0.04693890472072867
MILO,309,0.11589130536633521
MILO,310,0.19829814457986283
MILO,311,0.0858498544315482
MILO,312,0.0858498544315482
MILO,313,0.0858498544315482
MILO,314,0.16329258627773882
MILO,315,0.10988566340986099
MILO,316,0.10988566340986099
MILO,317,0.06779527305440915
MILO,318,0.12187046449572057
MILO,319,0.07827186762445788
MILO,320,0.061623112967983944
MILO,321,0.044863865274308884
MILO,322,0.04539605682671021
MILO,323,0.06553379561318115
MILO,324,0.06473192568213697
MILO,325,0.045260134903816314
MILO,326,0.035995594699515326
MILO,327,0.03645983883885758
MILO,328,0.04473110691762921
MILO,329,0.12008449335049928
MILO,330,0.10581422364609201
MILO,331,0.05133276364713896
MILO,332,0.06296569112121919
MILO,333,0.06296569112121919
MILO,334,0.06296569112121919
MILO,335,0.1171472454296553
MILO,336,0.09190610223515025
MILO,337,0.034466416866999895
MILO,338,0.034466416866999895
MILO,339,0.019912644218945952
MILO,340,0.019912644218945952
MILO,341,0.051225108868652544
MILO,342,0.14337959455990354
MILO,343,0.14337959455990354
MILO,344,0.12237513922115494
MILO,345,0.14920321333172828
MILO,346,0.07960053482076086
MILO,347,0.14920321333172828
MILO,348,0.14305467018731546
MILO,349,0.084424094187979
MILO,350,0.084424094187979
MILO,351,0.07808683129551969
MILO,352,0.12005445382842098
MILO,353,0.054761566061129086
MILO,354,0.021344034084795096
MILO,355,0.021344034084795096
MILO,356,0.0336049593579699
MILO,357,0.056687792601527426
MILO,358,0.16928541101709607
MILO,359,0.101776306705169
MILO,360,0.06281220828409813
MILO,361,0.04002866027382543
MILO,362,0.03516700691268215
MILO,363,0.061359893492717296
MILO,364,0.06180315294046513
MILO,365,0.1463279627491418
MILO,366,0.166825990924627
MILO,367,0.12011576065251302
MILO,368,0.15957456989857483
MILO,369,0.17082807346790876
MILO,370,0.1665180660434023
MILO,371,0.15736482690028936
MILO,372,0.07143077372023217
MILO,373,0.06923013267793199
MILO,374,0.06678962845480867
MILO,375,0.04688551334450266
MILO,376,0.04688551334450266
MILO,377,0.027519133727305557
MILO,378,0.04631804446608673
MILO,379,0.05256922652861306
MILO,380,0.058933382833313425
MILO,381,0.03360524802490235
MILO,382,0.059855138828618995
MILO,383,0.19551787293955417
MILO,384,0.05756374931613856
MILO,385,0.21876280090585004
MILO,386,0.20876664688438773
MILO,387,0.20876664688438773
MILO,388,0.17695592875566563
MILO,389,0.08152130279972666
MILO,390,0.1110435028028433
MILO,391,0.1110435028028433
MILO,392,0.14155234473635753
MILO,393,0.14698930243870437
MILO,394,0.14698930243870437
MILO,395,0.15244324603876985
MILO,396,0.1880803462737998
MILO,397,0.1159956113552766
MILO,398,0.1304533779681055
MILO,399,0.13725366825937094
MILO,400,0.044615032334707275
MILO,401,0.022823233577036972
MILO,402,0.12071006017155618
MILO,403,0.16414859568915138
MILO,404,0.10434681798707279
MILO,405,0.2324881748274866
MILO,406,0.05404807708339539
MILO,407,0.19268391354419204
MILO,408,0.1472464433766574
MILO,409,0.2633936813375169
MILO,410,0.2633936813375169
MILO,411,0.1488850974419144
MILO,412,0.1216192959465715
MILO,413,0.18234054376270295
MILO,414,0.18234054376270295
MILO,415,0.06470419825502118
MILO,416,0.06470419825502118
MILO,417,0.12601012104563308
MILO,418,0.1219931918114875
MILO,419,0.05034825632190072
MILO,420,0.016555688414983703
MILO,421,0.015128533684588842
MILO,422,0.014702345014427416
MILO,423,0.02977275722707414
MILO,424,0.031547742202807275
MILO,425,0.040552539681588375
MILO,426,0.10472128296885999
MILO,427,0.04719723484028045
MILO,428,0.07311510060441395
MILO,429,0.0543140591539352
MILO,430,0.055096021166352885
MILO,431,0.05183553255695939
MILO,432,0.05183553255695939
MILO,433,0.12155098148869779
MILO,434,0.13667994099837955
MILO,435,0.1609494608338558
MILO,436,0.1609494608338558
MILO,437,0.16429602370560573
MILO,438,0.05543064825671911
MILO,439,0.08960989884376977
MILO,440,0.04656125583940335
MILO,441,0.04656125583940335
MILO,442,0.09175849820283617
MILO,443,0.05903680496553878
MILO,444,0.05903680496553878
MILO,445,0.0367139449783671
MILO,446,0.08355655806805415
MILO,447,0.15802125235371528
MILO,448,0.25289358542789353
MILO,449,0.210553286106878
MILO,450,0.12337488582059239
MILO,451,0.13007552802509503
MILO,452,0.12337488582059239
MILO,453,0.12337488582059239
MILO,454,0.12046544857527917
MILO,455,0.12046544857527917
MILO,456,0.08954344719126518
MILO,457,0.09143535020209238
MILO,458,0.1151822114962382
MILO,459,0.07945726488851157
MILO,460,0.08930168178711302
MILO,461,0.1272698404822471
MILO,462,0.12336802906076393
MILO,463,0.12336802906076393
MILO,464,0.2472086706028257
MILO,465,0.2472086706028257
MILO,466,0.053522095826748065
MILO,467,0.14223045636450088
MILO,468,0.08264242678520681
MILO,469,0.04694560136756107
MILO,470,0.04694560136756107
MILO,471,0.047528648317748536
MILO,472,0.05913162603999753
MILO,473,0.08552291007644117
MILO,474,0.13704182485589872
MILO,475,0.11363413367824868
MILO,476,0.059658524097976395
MILO,477,0.19071543456823545
MILO,478,0.1385975891045992
MILO,479,0.1385975891045992
MILO,480,0.19477332018765933
MILO,481,0.07974612937750936
MILO,482,0.026708826795473477
MILO,483,0.1082439054161902
MILO,484,0.04832846358442614
MILO,485,0.02791605231640611
MILO,486,0.0669002688202199
MILO,487,0.08497636152850763
MILO,488,0.08497636152850763
MILO,489,0.08497636152850763
MILO,490,0.07469461722374686
MILO,491,0.03328480989713841
MILO,492,0.03328480989713841
MILO,493,0.05874626637137747
MILO,494,0.05874626637137747
MILO,495,0.1319591269748237
MILO,496,0.09608909272181508
MILO,497,0.1319591269748237
MILO,498,0.09608909272181508
MILO,499,0.03628258406416527
MILO,500,0.12896696653673673
MILO,501,0.07388484789650154
MILO,502,0.05687460527735451
MILO,503,0.04718480178525477
MILO,504,0.024622312789867463
MILO,505,0.08092139561028039
MILO,506,0.058816933913750244
MILO,507,0.06436977610524748
MILO,508,0.059735022462454136
MILO,509,0.08418633335350079
MILO,510,0.061071368121298875
MILO,511,0.08418633335350079
MILO,512,0.04692793804773809
MILO,513,0.04692793804773809
MILO,514,0.08323219912461574
MILO,515,0.04466399754003406
MILO,516,0.08117227192391285
MILO,517,0.09057991294068635
MILO,518,0.1219339079597969
MILO,519,0.08630821647014403
MILO,520,0.07636675999547242
MILO,521,0.07569152988888525
MILO,522,0.13096734480917446
MILO,523,0.13096734480917446
MILO,524,0.07660545520989955
MILO,525,0.07660545520989955
MILO,526,0.07976970683319083
MILO,527,0.06328990418780214
MILO,528,0.04290590782485203
MILO,529,0.04290590782485203
MILO,530,0.016211690856969684
MILO,531,0.0413206755178309
MILO,532,0.1259657381227679
MILO,533,0.0366098522228744
MILO,534,0.0366098522228744
MILO,535,0.0366098522228744
MILO,536,0.05078218983887787
MILO,537,0.06300469577684889
MILO,538,0.06300469577684889
MILO,539,0.07144032481557325
MILO,540,0.09237030608356366
MILO,541,0.1059487595009064
MILO,542,0.1059487595009064
MILO,543,0.08764695972521427
MILO,544,0.06375549815397864
MILO,545,0.06375549815397864
MILO,546,0.06375549815397864
MILO,547,0.07254833339315693
MILO,548,0.1067535927913491
MILO,549,0.1067535927913491
MILO,550,0.11806203458066687
MILO,551,0.0913488236624433
MILO,552,0.0913488236624433
MILO,553,0.1319084153034052
MILO,554,0.037616236852877835
MILO,555,0.061961086239069804
MILO,556,0.061961086239069804
MILO,557,0.10234145609077953
MILO,558,0.105153542475069
MILO,559,0.2760078651299612
MILO,560,0.23358105975634183
MILO,561,0.1436844310845421
MILO,562,0.1666900043505468
MILO,563,0.18756714413919523
MILO,564,0.08112661046265804
MILO,565,0.1972341512812391
MILO,566,0.11476977804251608
MILO,567,0.118318174693925
MILO,568,0.118318174693925
MILO,569,0.07634595708175038
MILO,570,0.06719458760242099
MILO,571,0.12569418726552162
MILO,572,0.08937273069252949
MILO,573,0.08937273069252949
MILO,574,0.09610078119783988
MILO,575,0.1244853761460079
MILO,576,0.13154625370242395
MILO,577,0.13154625370242395
MILO,578,0.07445399070084183
MILO,579,0.08647912465468241
MILO,580,0.07445399070084183
MILO,581,0.02162920483319064
MILO,582,0.037955740109828676
MILO,583,0.07284025216775021
MILO,584,0.037955740109828676
MILO,585,0.07896304612140455
MILO,586,0.04100517675415684
MILO,587,0.044267014774173094
MILO,588,0.007086511541558262
MILO,589,0.037419513191530335
MILO,590,0.037419513191530335
MILO,591,0.08855681285684883
MILO,592,0.02750594652539786
MILO,593,0.08679264862079948
MILO,594,0.07608697170235948
MILO,595,0.0813906021288616
MILO,596,0.055055439783250254
MILO,597,0.05585905279691737
MILO,598,0.05585905279691737
MILO,599,0.05585905279691737
MILO,600,0.1010594662978435
MILO,601,0.08699920292924382
MILO,602,0.1646562782846283
MILO,603,0.059199458639817404
MILO,604,0.04771837434041045
MILO,605,0.10187567104904961
MILO,606,0.07423962261443441
MILO,607,0.0615564700877913
MILO,608,0.06058199567297707
MILO,609,0.06058199567297707
MILO,610,0.08766973216084757
MILO,611,0.1346296258769458
MILO,612,0.03943682878725023
MILO,613,0.05820094170475112
MILO,614,0.05820094170475112
MILO,615,0.046342100510970735
MILO,616,0.11348468641247793
MILO,617,0.11065543854082993
MILO,618,0.11414158583977921
MILO,619,0.04363519147586658
MILO,620,0.0426147906828624
MILO,621,0.04181732956746324
MILO,622,0.0698444617169024
MILO,623,0.07114288594622804
MILO,624,0.07114288594622804
MILO,625,0.02846873576840052
MILO,626,0.11660185737261647
MILO,627,0.10299401864387507
MILO,628,0.12781268896115783
MILO,629,0.12781268896115783
MILO,630,0.09526000376983516
MILO,631,0.09526000376983516
MILO,632,0.11824300311425791
MILO,633,0.053107391987570696
MILO,634,0.11564496082703342
MILO,635,0.16714750133974787
MILO,636,0.16714750133974787
MILO,637,0.09527115675521558
MILO,638,0.14266365684018334
MILO,639,0.14266365684018334
MILO,640,0.07949713080981227
MILO,641,0.1321145418651819
MILO,642,0.1321145418651819
MILO,643,0.14563940657398697
MILO,644,0.14563940657398697
MILO,645,0.15140125092231982
MILO,646,0.15140125092231982
MILO,647,0.17735405950166844
MILO,648,0.18362672083468007
MILO,649,0.18362672083468007
MILO,650,0.1609683819996662
MILO,651,0.11246757411962578
MILO,652,0.12158087522640568
MILO,653,0.07846869046333815
MILO,654,0.05558309242439333
MILO,655,0.05640229754581479
MILO,656,0.01811622060002431
MILO,657,0.025783489580849146
MILO,658,0.11124525259963743
MILO,659,0.08885691312468945
MILO,660,0.08488982300556738
MILO,661,0.14788137275300678
MILO,662,0.06906703457567441
MILO,663,0.051643427396308464
MILO,664,0.03937436717274333
MILO,665,0.06906703457567441
MILO,666,0.0816136300478226
MILO,667,0.07990945569383771
MILO,668,0.1370194395758167
MILO,669,0.1370194395758167
MILO,670,0.1535599161862848
MILO,671,0.1535599161862848
MILO,672,0.13019596985409887
MILO,673,0.2539193201906411
MILO,674,0.20803353555592916
MILO,675,0.12420704515176344
MILO,676,0.22813311300370523
MILO,677,0.13283665206715373
MILO,678,0.04186286896732467
MILO,679,0.07388117807332434
MILO,680,0.09603543221186875
MILO,681,0.0753355890995773
MILO,682,0.12094759467214218
MILO,683,0.08203587269923697
MILO,684,0.12094759467214218
MILO,685,0.07600141432337289
MILO,686,0.05784113989425198
MILO,687,0.2676325274074734
MILO,688,0.20686747862660254
MILO,689,0.20686747862660254
MILO,690,0.20686747862660254
MILO,691,0.22802372382928676
MILO,692,0.13038381909131364
MILO,693,0.13038381909131364
MILO,694,0.19568541382926866
MILO,695,0.15852763250280227
MILO,696,0.15852763250280227
MILO,697,0.15852763250280227
MILO,698,0.10135385486091396
MILO,699,0.1330700060531119
MILO,700,0.19230826846890678
MILO,701,0.19230826846890678
MILO,702,0.17067277533840494
MILO,703,0.2529154585169014
MILO,704,0.17220422639411875
MILO,705,0.23027106932233388
MILO,706,0.27747204269641434
MILO,707,0.24169242954331124
MILO,708,0.12474935152736925
MILO,709,0.09207895364141597
MILO,710,0.07171473413402883
MILO,711,0.07171473413402883
MILO,712,0.2127011449683218
MILO,713,0.2035495194751061
MILO,714,0.13839297448075769
MILO,715,0.2035495194751061
MILO,716,0.14917574299305988
MILO,717,0.14917574299305988
MILO,718,0.15696011650723904
MILO,719,0.15696011650723904
MILO,720,0.066230964376633
MILO,721,0.1951474650641229
MILO,722,0.1951474650641229
MILO,723,0.1777044815055338
MILO,724,0.09254402058392952
MILO,725,0.08255133885602561
MILO,726,0.059586487376681936
MILO,727,0.05867292401370313
MILO,728,0.09652741108184033
MILO,729,0.07523273552642322
MILO,730,0.03697812671096955
MILO,731,0.009822798271356264
MILO,732,0.009271137673886085
MILO,733,0.024191121611418117
MILO,734,0.23912078140696322
MILO,735,0.022991326819142392
MILO,736,0.07540902039412788
MILO,737,0.25297513261172866
MILO,738,0.0864004344492078
MILO,739,0.02803494385839225
MILO,740,0.02803494385839225
MILO,741,0.06775102664819382
MILO,742,0.02803494385839225
MILO,743,0.06775102664819382
MILO,744,0.08651427997947496
MILO,745,0.021874776674894587
MILO,746,0.021874776674894587
MILO,747,0.021874776674894587
MILO,748,0.09502776058168905
MILO,749,0.11779974565675459
MILO,750,0.11779974565675459
MILO,751,0.25635144668477494
MILO,752,0.29435376011153974
MILO,753,0.0806469347182367
MILO,754,0.08238305134558332
MILO,755,0.11969558072668923
MILO,756,0.0816263947363351
MILO,757,0.14525073126071686
MILO,758,0.14525073126071686
MILO,759,0.18055584286754883
MILO,760,0.1362046341212499
MILO,761,0.1340412209961499
MILO,762,0.044605230064428854
MILO,763,0.04513126727987917
MILO,764,0.04513126727987917
MILO,765,0.12693498492374514
MILO,766,0.04867052662821969
MILO,767,0.1710248910921889
MILO,768,0.20724690091847867
MILO,769,0.06472854337947172
MILO,770,0.00843157285151396
MILO,771,0.062233042553084664
MILO,772,0.0308457768769808
MILO,773,0.0308457768769808
MILO,774,0.026429525248501534
MILO,775,0.048095291102815095
MILO,776,0.083791773181456
MILO,777,0.08284915640697224
MILO,778,0.08284915640697224
MILO,779,0.03899037879102768
MILO,780,0.03327217555109023
MILO,781,0.041558412041454385
MILO,782,0.03899037879102768
MILO,783,0.09056870986392242
MILO,784,0.09755195829294966
MILO,785,0.1812999140273781
MILO,786,0.20932977453732413
MILO,787,0.1477077690049725
MILO,788,0.1477077690049725
MILO,789,0.05964009236672078
MILO,790,0.07970455865502422
MILO,791,0.1413952328310494
MILO,792,0.1413952328310494
MILO,793,0.1034738209557467
MILO,794,0.0740886632108763
MILO,795,0.0740886632108763
MILO,796,0.12720288408989142
MILO,797,0.2315741450386576
MILO,798,0.1467774853092293
MILO,799,0.11734519148279547
MILO,800,0.1723584647018738
MILO,801,0.17767721347405366
MILO,802,0.06585855538503788
MILO,803,0.026616613273798106
MILO,804,0.03982359634778478
MILO,805,0.05412722945921816
MILO,806,0.046218384107718564
MILO,807,0.030430934121344882
MILO,808,0.030430934121344882
MILO,809,0.022654696284697677
MILO,810,0.023704012245972298
MILO,811,0.06041926729859465
MILO,812,0.0216691707920882
MILO,813,0.018712173602872455
MILO,814,0.1231576346450279
MILO,815,0.09612940128780618
MILO,816,0.1231576346450279
MILO,817,0.12337681831647754
MILO,818,0.09612940128780618
MILO,819,0.13322584500988205
MILO,820,0.08654048492187479
MILO,821,0.1949674637726713
MILO,822,0.2167535947032937
MILO,823,0.05288227542246613
MILO,824,0.05288227542246613
MILO,825,0.30811730783449975
MILO,826,0.10665213501736662
MILO,827,0.20917510805326253
MILO,828,0.20917510805326253
MILO,829,0.1441526187199866
MILO,830,0.14979514285875148
MILO,831,0.1534093140828606
MILO,832,0.1534093140828606
MILO,833,0.05839570017087102
MILO,834,0.029965141976243722
MILO,835,0.026882080835556876
MILO,836,0.02973233365702497
MILO,837,0.05066459221142513
MILO,838,0.05066459221142513
MILO,839,0.05066459221142513
MILO,840,0.05066459221142513
MILO,841,0.16361765835324438
MILO,842,0.19755615980283997
MILO,843,0.1948838278597704
MILO,844,0.1948838278597704
MILO,845,0.28445534799639816
MILO,846,0.2857535702947533
MILO,847,0.22979869251328547
MILO,848,0.1474498149674703
MILO,849,0.11114347371130245
MILO,850,0.02737841788123284
MILO,851,0.02737841788123284
MILO,852,0.010497123076022928
MILO,853,0.017301478342753675
MILO,854,0.0428795253598015
MILO,855,0.0864758269351726
MILO,856,0.21450608901982668
MILO,857,0.2903093704438876
MILO,858,0.06192184427871826
MILO,859,0.06192184427871826
MILO,860,0.2193908754633434
MILO,861,0.15796139506392493
MILO,862,0.27683336485011134
MILO,863,0.1989256920088034
MILO,864,0.166152719480399
MILO,865,0.166152719480399
MILO,866,0.2050441654182183
MILO,867,0.15168005910308202
MILO,868,0.11276219843952726
MILO,869,0.11276219843952726
MILO,870,0.09204604383350234
MILO,871,0.028129365441781466
MILO,872,0.1282494360697445
MILO,873,0.05616287798413644
MILO,874,0.15543611225590306
MILO,875,0.16927043606912248
MILO,876,0.16927043606912248
MILO,877,0.0751573058334534
MILO,878,0.16927043606912248
MILO,879,0.21660730031038028
MILO,880,0.05315174931122777
MILO,881,0.24029558368871246
MILO,882,0.05315174931122777
MILO,883,0.080421422335667
MILO,884,0.03414499837985933
MILO,885,0.035706223473325346
MILO,886,0.03604251206082066
MILO,887,0.035706223473325346
MILO,888,0.03604003045351017
MILO,889,0.024528592350162515
MILO,890,0.0196087155202177
MILO,891,0.009035792709192374
MILO,892,0.009035792709192374
MILO,893,0.013812682991822334
MILO,894,0.027848246344022734
MILO,895,0.04458751449036249
MILO,896,0.1128674044845908
MILO,897,0.08496087865464685
MILO,898,0.08496087865464685
MILO,899,0.11980464831597516
MILO,900,0.2926386692244275
MILO,901,0.17841961569447665
MILO,902,0.17841961569447665
MILO,903,0.2926386692244275
MILO,904,0.5674007863455659
MILO,905,0.5674007863455659
MILO,906,0.24136820762536132
MILO,907,0.2572455434078236
MILO,908,0.11240386046701763
MILO,909,0.08092613734049144
MILO,910,0.08092613734049144
MILO,911,0.1485898984847579
MILO,912,0.11245642397117646
MILO,913,0.024932705529465
MILO,914,0.12268911160960462
MILO,915,0.022387022325419996
MILO,916,0.01795671360126576
MILO,917,0.022387022325419996
MILO,918,0.23622870781322078
MILO,919,0.07356311225775901
MILO,920,0.11381234822180233
MILO,921,0.029589683657587944
MILO,922,0.04567495122845048
MILO,923,0.11381234822180233
MILO,924,0.09196843310354513
MILO,925,0.09196843310354513
MILO,926,0.14366793764461488
MILO,927,0.14366793764461488
MILO,928,0.25148129850657464
MILO,929,0.22427903528959775
MILO,930,0.13276472732628952
MILO,931,0.18757541374835993
MILO,932,0.18008096393321138
MILO,933,0.09286880622447297
MILO,934,0.18008096393321138
MILO,935,0.13986869800637577
MILO,936,0.13986869800637577
MILO,937,0.1474693507153726
MILO,938,0.1474693507153726
MILO,939,0.2585152712646358
MILO,940,0.1474693507153726
MILO,941,0.015372587472778592
MILO,942,0.1166086160200383
MILO,943,0.1245196233314882
MILO,944,0.0758517002829223
MILO,945,0.055387396284450906
MILO,946,0.055387396284450906
MILO,947,0.055387396284450906
MILO,948,0.05670350957982087
MILO,949,0.11618957612857625
MILO,950,0.11982770057671951
MILO,951,0.179186229742282
MILO,952,0.19057158140027414
MILO,953,0.230343256837272
MILO,954,0.230343256837272
MILO,955,0.05677309077017968
MILO,956,0.09854070302122292
MILO,957,0.0786406297908304
MILO,958,0.0786406297908304
MILO,959,0.10768920612673102
MILO,960,0.10768920612673102
MILO,961,0.10768920612673102
MILO,962,0.10768920612673102
MILO,963,0.08847862589957663
MILO,964,0.08847862589957663
MILO,965,0.021025560752981433
MILO,966,0.10383902521431622
MILO,967,0.15036896761679014
MILO,968,0.1337579516144239
MILO,969,0.09712031196966579
MILO,970,0.011040001406321599
MILO,971,0.16567539699340766
MILO,972,0.06032031811066903
MILO,973,0.07106956154506967
MILO,974,0.044572746543444834
MILO,975,0.07106956154506967
MILO,976,0.07106956154506967
MILO,977,0.04547065998686656
MILO,978,0.13457984584760604
MILO,979,0.13948509401100698
MILO,980,0.26219439398148153
MILO,981,0.08920629158422881
MILO,982,0.11733383312365225
MILO,983,0.03648973802826022
MILO,984,0.04740883541915413
MILO,985,0.03648973802826022
MILO,986,0.12018807492324884
MILO,987,0.13201194188010879
MILO,988,0.07457663709061026
MILO,989,0.018408394300714847
MILO,990,0.07964470997902742
MILO,991,0.07964470997902742
MILO,992,0.023552330834828477
MILO,993,0.09343221537993804
MILO,994,0.09486143840064644
MILO,995,0.09486143840064644
MILO,996,0.09486143840064644
MILO,997,0.11450189712644664
MILO,998,0.12767185512788126
MILO,999,0.22459050269512595
MILO,1000,0.26383203659364857
MILO,1001,0.15801048640928886
MILO,1002,0.04378488209076706
MILO,1003,0.0941532954880933
MILO,1004,0.038560384562278664
MILO,1005,0.05507465503525791
MILO,1006,0.038560384562278664
MILO,1007,0.058758417197045075
MILO,1008,0.05967466562077115
MILO,1009,0.01046484263973147
MILO,1010,0.01048377258202119
MILO,1011,0.05061508793454713
MILO,1012,0.12384999325115878
MILO,1013,0.05061508793454713
MILO,1014,0.01811151928330427
MILO,1015,0.01811151928330427
MILO,1016,0.01811151928330427
MILO,1017,0.01811151928330427
MILO,1018,0.09457184826087636
MILO,1019,0.09457184826087636
MILO,1020,0.08298733927926083
MILO,1021,0.0938061920909206
MILO,1022,0.17774151616840267
MILO,1023,0.2452580118710791
MILO,1024,0.2529093514962562
MILO,1025,0.24519765554426218
MILO,1026,0.21837438527294994
MILO,1027,0.24519765554426218
MILO,1028,0.10209379333033798
MILO,1029,0.10158002776801038
MILO,1030,0.10209379333033798
MILO,1031,0.07149277534337271
MILO,1032,0.0968976962660573
MILO,1033,0.1349860377472462
MILO,1034,0.07552806633256595
MILO,1035,0.062328856302481334
MILO,1036,0.0770487079928034
MILO,1037,0.0770487079928034
MILO,1038,0.04766182442433543
MILO,1039,0.08413898303404645
MILO,1040,0.03499211516888535
MILO,1041,0.02882927785860249
MILO,1042,0.03467505585010289
MILO,1043,0.2305862640052298
MILO,1044,0.29814453465898866
MILO,1045,0.3225820110843707
MILO,1046,0.3239445309855331
MILO,1047,0.14724017884164853
MILO,1048,0.2619733296147704
MILO,1049,0.14724017884164853
MILO,1050,0.16920160468885392
MILO,1051,0.1933973951756057
MILO,1052,0.08391998456403132
MILO,1053,0.06680994948920296
MILO,1054,0.07197075025718246
MILO,1055,0.06024598158868874
MILO,1056,0.054860218858099975
MILO,1057,0.06531811527750539
MILO,1058,0.005443357349452721
MILO,1059,0.005443357349452721
MILO,1060,0.05236268622287811
MILO,1061,0.05998367733340419
MILO,1062,0.05236268622287811
MILO,1063,0.1104364234116996
MILO,1064,0.11112033912903252
MILO,1065,0.11112033912903252
MILO,1066,0.11510090991352269
MILO,1067,0.06051930672665667
MILO,1068,0.05640183147358121
MILO,1069,0.05075660232789689
MILO,1070,0.023113994582474973
MILO,1071,0.02264445267843553
MILO,1072,0.017119482323769492
MILO,1073,0.04963155319781238
MILO,1074,0.14192494743289272
MILO,1075,0.1476624921642539
MILO,1076,0.15358878143948085
MILO,1077,0.07715096288925738
MILO,1078,0.09861521119864651
MILO,1079,0.09576145885437064
MILO,1080,0.12417785480619832
MILO,1081,0.09576145885437064
MILO,1082,0.05944120842652751
MILO,1083,0.06270204644456616
MILO,1084,0.07628215898153062
MILO,1085,0.07479133146902467
MILO,1086,0.08708479660737978
MILO,1087,0.11120300465038939
MILO,1088,0.10255481000189105
MILO,1089,0.10534431973666035
MILO,1090,0.11453107909467551
MILO,1091,0.11732909075686104
MILO,1092,0.08686094937884375
MILO,1093,0.14536422941358002
MILO,1094,0.10691661681916667
MILO,1095,0.051793040110136586
MILO,1096,0.11083977739539456
MILO,1097,0.11083977739539456
MILO,1098,0.09816572921490006
MILO,1099,0.0434577083941925
MILO,1100,0.03614495858320361
MILO,1101,0.06557322384519434
MILO,1102,0.015636893247159472
MILO,1103,0.038336544037956
MILO,1104,0.051634161738524136
MILO,1105,0.052660684526896276
MILO,1106,0.06744999098874432
MILO,1107,0.16600708931519306
MILO,1108,0.1558810408581319
MILO,1109,0.10633882760044336
MILO,1110,0.06961499365621314
MILO,1111,0.011543007029149049
MILO,1112,0.011543007029149049
MILO,1113,0.06673499896295489
MILO,1114,0.06052794423618026
MILO,1115,0.07094879304940423
MILO,1116,0.06578883180190037
MILO,1117,0.09125295785231015
MILO,1118,0.09125295785231015
MILO,1119,0.07420520636086711
MILO,1120,0.0108110103873757
MILO,1121,0.0108110103873757
MILO,1122,0.005113165210624138
MILO,1123,0.005113165210624138
MILO,1124,0.08956111965915761
MILO,1125,0.03894731359145846
MILO,1126,0.03705748133314956
MILO,1127,0.1294199196222698
MILO,1128,0.16028161888588027
MILO,1129,0.13253882930405722
MILO,1130,0.17343428417143733
MILO,1131,0.17343428417143733
MILO,1132,0.1658800166335719
MILO,1133,0.0975160773677947
MILO,1134,0.13303302570952688
MILO,1135,0.15421796722819123
MILO,1136,0.11386864109402359
MILO,1137,0.11336261687897718
MILO,1138,0.11336261687897718
MILO,1139,0.0916889344966043
MILO,1140,0.0916889344966043
MILO,1141,0.06235901635461042
MILO,1142,0.0662750126465984
MILO,1143,0.06286110966235704
MILO,1144,0.026769319290065513
MILO,1145,0.03550852283341767
MILO,1146,0.03550852283341767
MILO,1147,0.15956035789366255
MILO,1148,0.15956035789366255
MILO,1149,0.21135204450342135
MILO,1150,0.15041163508222757
MILO,1151,0.22650540065267744
MILO,1152,0.07139737526749532
MILO,1153,0.09659167542434442
MILO,1154,0.09659167542434442
MILO,1155,0.1412319532626841
MILO,1156,0.13888130264791365
MILO,1157,0.22935911281989804
MILO,1158,0.27014358589782933
MILO,1159,0.1508526937622979
MILO,1160,0.1508526937622979
MILO,1161,0.14736150862512384
MILO,1162,0.18890279630412934
MILO,1163,0.17817994499148704
MILO,1164,0.20067347649916517
MILO,1165,0.13637536516712376
MILO,1166,0.08492013732126952
MILO,1167,0.28436903175059575
MILO,1168,0.2664801045328658
MILO,1169,0.26043733690137916
MILO,1170,0.2896727026539372
MILO,1171,0.28607499900090644
MILO,1172,0.08552386949884022
MILO,1173,0.10035696044886898
MILO,1174,0.1382084129332324
MILO,1175,0.07182506058879459
MILO,1176,0.07182506058879459
MILO,1177,0.01082250732986712
MILO,1178,0.01082250732986712
MILO,1179,0.22817362158618165
MILO,1180,0.08822023748352437
MILO,1181,0.08822023748352437
MILO,1182,0.09108479385491634
MILO,1183,0.034929372656329054
MILO,1184,0.05063089348467495
MILO,1185,0.05063089348467495
MILO,1186,0.0453856717644824
MILO,1187,0.044853722251981344
MILO,1188,0.09070458031163763
MILO,1189,0.13208926215488634
MILO,1190,0.13208926215488634
MILO,1191,0.19619519438014274
MILO,1192,0.19619519438014274
MILO,1193,0.0498491416646
MILO,1194,0.020773590138301757
MILO,1195,0.1812335787783233
MILO,1196,0.0719654182445207
MILO,1197,0.06576073286866582
MILO,1198,0.13113674994631835
MILO,1199,0.09271810148265087
MILO,1200,0.03714576999808601
MILO,1201,0.03714576999808601
MILO,1202,0.09271810148265087
MILO,1203,0.21785856263435527
MILO,1204,0.24295119466245046
MILO,1205,0.27919914073716107
MILO,1206,0.400071756758413
MILO,1207,0.400071756758413
MILO,1208,0.37185309091957214
MILO,1209,0.1033805624187739
MILO,1210,0.11100336760991734
MILO,1211,0.014094133434610976
MILO,1212,0.02741286871243452
MILO,1213,0.09404626385878918
MILO,1214,0.1071361684776055
MILO,1215,0.20023353422245754
MILO,1216,0.20023353422245754
MILO,1217,0.32174088179818267
MILO,1218,0.20976876931484265
MILO,1219,0.10615338731427928
MILO,1220,0.1426200000033376
MILO,1221,0.1426200000033376
MILO,1222,0.13404338751582465
MILO,1223,0.12540674706005583
MILO,1224,0.08828960465463008
MILO,1225,0.12540674706005583
MILO,1226,0.09163942445643802
MILO,1227,0.05180452690828681
MILO,1228,0.03179639140045795
MILO,1229,0.03179639140045795
MILO,1230,0.045364132445799066
MILO,1231,0.07678360868950392
MILO,1232,0.1116848570642536
MILO,1233,0.23599160437587896
MILO,1234,0.217415560458206
MILO,1235,0.06849978999065916
MILO,1236,0.06849978999065916
MILO,1237,0.07142176456483339
MILO,1238,0.043244642372657634
MILO,1239,0.025715442773814528
MILO,1240,0.05625854780355108
MILO,1241,0.043704505436625816
MILO,1242,0.033078020024836396
MILO,1243,0.1362577188930511
MILO,1244,0.052433292839790674
MILO,1245,0.051823166311473254
MILO,1246,0.04272185064469111
MILO,1247,0.04272185064469111
MILO,1248,0.10286349994132243
MILO,1249,0.12236602549912279
MILO,1250,0.13859525770057926
MILO,1251,0.018177659577774192
MILO,1252,0.016765307167643816
MILO,1253,0.018264415052692863
MILO,1254,0.04876310616614534
MILO,1255,0.05020028160164412
MILO,1256,0.031520987425175354
MILO,1257,0.0743872191203593
MILO,1258,0.22804625456693073
MILO,1259,0.06258260246603337
MILO,1260,0.22804625456693073
MILO,1261,0.06258260246603337
MILO,1262,0.06258260246603337
MILO,1263,0.06129048925857562
MILO,1264,0.06129048925857562
MILO,1265,0.03256050465396499
MILO,1266,0.03991936973013929
MILO,1267,0.04034016857832744
MILO,1268,0.0722019435950258
MILO,1269,0.0795670437413402
MILO,1270,0.09463007864355164
MILO,1271,0.09463007864355164
MILO,1272,0.09234656759741151
MILO,1273,0.09234656759741151
MILO,1274,0.12288852312278135
MILO,1275,0.11427962968232856
MILO,1276,0.10006093804050512
MILO,1277,0.20712839176260298
MILO,1278,0.138742779834266
MILO,1279,0.25380686442133266
MILO,1280,0.25380686442133266
MILO,1281,0.2700000623229072
MILO,1282,0.24478559172003173
MILO,1283,0.15385748880550365
MILO,1284,0.11132606176472845
MILO,1285,0.11145866378184126
MILO,1286,0.11145866378184126
MILO,1287,0.19009329023211602
MILO,1288,0.03814626245351585
MILO,1289,0.03814626245351585
MILO,1290,0.10905323705568178
MILO,1291,0.05270994692075571
MILO,1292,0.03968496596309977
MILO,1293,0.03968496596309977
MILO,1294,0.07568777344949673
MILO,1295,0.0552563976410881
MILO,1296,0.0552563976410881
MILO,1297,0.06124475207668483
MILO,1298,0.06124475207668483
MILO,1299,0.050500768672377176
MILO,1300,0.06775774879159448
MILO,1301,0.06775774879159448
MILO,1302,0.10472351983337107
MILO,1303,0.1678870198454605
MILO,1304,0.2425034583959517
MILO,1305,0.2425034583959517
MILO,1306,0.20076308232046092
MILO,1307,0.09816382461788326
MILO,1308,0.09816382461788326
MILO,1309,0.2282080871087168
MILO,1310,0.23271801748044835
MILO,1311,0.23271801748044835
MILO,1312,0.23271801748044835
MILO,1313,0.1736675924081244
MILO,1314,0.07769744391153947
MILO,1315,0.12711805494587916
MILO,1316,0.12711805494587916
MILO,1317,0.12303132356148205
MILO,1318,0.19812298723216945
MILO,1319,0.12773346391587714
MILO,1320,0.12773346391587714
MILO,1321,0.11409763940957762
MILO,1322,0.15183129446284682
MILO,1323,0.17223644512109637
MILO,1324,0.2508967006097655
MILO,1325,0.2508967006097655
MILO,1326,0.2794567246301863
MILO,1327,0.23558465394619652
MILO,1328,0.1762158829852315
MILO,1329,0.09386819707345778
MILO,1330,0.22946367279422497
MILO,1331,0.17801218109092373
MILO,1332,0.12400282671480845
MILO,1333,0.13754278759021826
MILO,1334,0.032348736355915154
MILO,1335,0.050350587401246864
MILO,1336,0.050350587401246864
MILO,1337,0.06900305541368043
MILO,1338,0.16821057736985479
MILO,1339,0.23259457474902004
MILO,1340,0.23259457474902004
MILO,1341,0.15513188010953527
MILO,1342,0.13035682370078472
MILO,1343,0.13035682370078472
MILO,1344,0.09845197631239322
MILO,1345,0.09845197631239322
MILO,1346,0.1114504250677751
MILO,1347,0.21183786597189144
MILO,1348,0.20350237195540344
MILO,1349,0.20350237195540344
MILO,1350,0.2720314989536326
MILO,1351,0.10004137350551723
MILO,1352,0.2780895978740613
MILO,1353,0.07853317005954252
MILO,1354,0.07853317005954252
MILO,1355,0.05748095025882314
MILO,1356,0.11964254363718944
MILO,1357,0.05835749428274187
MILO,1358,0.05694435159266858
MILO,1359,0.021995874370454294
MILO,1360,0.027650865474029278
MILO,1361,0.027650865474029278
MILO,1362,0.1746643935037264
MILO,1363,0.1746643935037264
MILO,1364,0.10753285781494201
MILO,1365,0.12952531901854747
MILO,1366,0.035460668161895414
MILO,1367,0.037348069279639455
MILO,1368,0.037348069279639455
MILO,1369,0.09105748105796409
MILO,1370,0.07178261740585952
MILO,1371,0.2509232045892277
MILO,1372,0.28738517101567923
MILO,1373,0.039132026551517804
MILO,1374,0.039132026551517804
MILO,1375,0.1668426958795285
MILO,1376,0.1668426958795285
MILO,1377,0.1668426958795285
MILO,1378,0.17685099165069965
MILO,1379,0.17685099165069965
MILO,1380,0.07725384018426337
MILO,1381,0.05240374954580091
MILO,1382,0.126234948283899
MILO,1383,0.10107309080113328
MILO,1384,0.12330510716744497
MILO,1385,0.06399124255349717
MILO,1386,0.026435451410795105
MILO,1387,0.12722282136785137
MILO,1388,0.14164458338027483
MILO,1389,0.10612997728387269
MILO,1390,0.14164458338027483
MILO,1391,0.14164458338027483
MILO,1392,0.09054985130313005
MILO,1393,0.06973385157098388
MILO,1394,0.019652424708018635
MILO,1395,0.03757678055002912
MILO,1396,0.052226022593542386
MILO,1397,0.01845467658608717
MILO,1398,0.09524488310161208
MILO,1399,0.1566977194038026
MILO,1400,0.11692864248036648
MILO,1401,0.0094989439050628
MILO,1402,0.00573699548240968
MILO,1403,0.035893383706822775
MILO,1404,0.035893383706822775
MILO,1405,0.08160528969779779
MILO,1406,0.04911126294973371
MILO,1407,0.032930887603783286
MILO,1408,0.023138549161600405
MILO,1409,0.025858452901006333
MILO,1410,0.018373871220107744
MILO,1411,0.025858452901006333
MILO,1412,0.11288706755584363
MILO,1413,0.11288706755584363
MILO,1414,0.046521290216419396
MILO,1415,0.010933040193353687
MILO,1416,0.015757316216976826
MILO,1417,0.010933040193353687
MILO,1418,0.034045228860897864
MILO,1419,0.05277267255081594
MILO,1420,0.12346710671279286
MILO,1421,0.0974844846910791
MILO,1422,0.1465246609637828
MILO,1423,0.10954576978174545
MILO,1424,0.10954576978174545
MILO,1425,0.06618734462002863
MILO,1426,0.07565910030662812
MILO,1427,0.07718507618140967
MILO,1428,0.0645604662955571
MILO,1429,0.08006818621602692
MILO,1430,0.11712432937185177
MILO,1431,0.08472177873780767
MILO,1432,0.08472177873780767
MILO,1433,0.1294990505628913
MILO,1434,0.1294990505628913
MILO,1435,0.1294990505628913
MILO,1436,0.1560440380757306
MILO,1437,0.1019186692198036
MILO,1438,0.1019186692198036
MILO,1439,0.18518817193550802
MILO,1440,0.21187704413280697
MILO,1441,0.24902380312210898
MILO,1442,0.21187704413280697
MILO,1443,0.139235442039462
MILO,1444,0.22234562002641134
MILO,1445,0.09517753385881111
MILO,1446,0.09517753385881111
MILO,1447,0.13269797224267568
MILO,1448,0.11991428535830591
MILO,1449,0.11852246745428517
MILO,1450,0.13030690726345845
MILO,1451,0.083284621586303
MILO,1452,0.06184671771846261
MILO,1453,0.11089910698047427
MILO,1454,0.12801706753354597
MILO,1455,0.12801706753354597
MILO,1456,0.06421257264612358
MILO,1457,0.2604460043346532
MILO,1458,0.04679933280099775
MILO,1459,0.2162706623607761
MILO,1460,0.04248684796049994
MILO,1461,0.07796999787097819
MILO,1462,0.038044988963145975
MILO,1463,0.07725568584101512
MILO,1464,0.07641314084386007
MILO,1465,0.23298259406433852
MILO,1466,0.15375301866989718
MILO,1467,0.14656562157071887
MILO,1468,0.20987781023629037
MILO,1469,0.13923163871552816
MILO,1470,0.08810577211322808
MILO,1471,0.03425884770667214
MILO,1472,0.03425884770667214
MILO,1473,0.07256227022248489
MILO,1474,0.18360778039481343
MILO,1475,0.1827745348603562
MILO,1476,0.16087221870646248
MILO,1477,0.1241482031544948
MILO,1478,0.1604537776802962
MILO,1479,0.14869534077270607
MILO,1480,0.14869534077270607
MILO,1481,0.10946888990696875
MILO,1482,0.10969627619492255
MILO,1483,0.11380931750985816
MILO,1484,0.11380931750985816
MILO,1485,0.11380931750985816
MILO,1486,0.11380931750985816
MILO,1487,0.11447993363968624
MILO,1488,0.11447993363968624
MILO,1489,0.02185270051870932
MILO,1490,0.02185270051870932
MILO,1491,0.02185270051870932
MILO,1492,0.146191719691325
MILO,1493,0.16954740819929534
MILO,1494,0.16954740819929534
MILO,1495,0.06481317553437693
MILO,1496,0.06481317553437693
MILO,1497,0.020281078131271797
MILO,1498,0.027149576778911923
MILO,1499,0.08381692949011338
MILO,1500,0.066280883865591
MILO,1501,0.14864612565918084
MILO,1502,0.08855071979084925
MILO,1503,0.13882280283420237
MILO,1504,0.11632174449837042
MILO,1505,0.13014363549284727
MILO,1506,0.11781013847319356
MILO,1507,0.056857566918339424
MILO,1508,0.056857566918339424
MILO,1509,0.05602518105143969
MILO,1510,0.06270291831683157
MILO,1511,0.03737426726965465
MILO,1512,0.10606325290838123
MILO,1513,0.09202216356099205
MILO,1514,0.07360003500220122
MILO,1515,0.09428946235541935
MILO,1516,0.06171213030400916
MILO,1517,0.08672220203331764
MILO,1518,0.18301330341817332
MILO,1519,0.18301330341817332
MILO,1520,0.18301330341817332
MILO,1521,0.059629681866253254
MILO,1522,0.18913766257283227
MILO,1523,0.20472442203773678
MILO,1524,0.10320504816248209
MILO,1525,0.14109857216280983
MILO,1526,0.14109857216280983
MILO,1527,0.07769903669425654
MILO,1528,0.05407297418785573
MILO,1529,0.05331958364350172
MILO,1530,0.06482386700363456
MILO,1531,0.048838760273160794
MILO,1532,0.0375608222021136
MILO,1533,0.0375608222021136
MILO,1534,0.22537688196261066
MILO,1535,0.23585688468937116
MILO,1536,0.24011806001055874
MILO,1537,0.09385238206772499
MILO,1538,0.11520173378053201
MILO,1539,0.03226948077212062
MILO,1540,0.03226948077212062
MILO,1541,0.10322905978914772
MILO,1542,0.04020908606103135
MILO,1543,0.048402749753674
MILO,1544,0.08709220743725435
MILO,1545,0.08912040189907831
MILO,1546,0.028812025423859328
MILO,1547,0.06645394937216255
MILO,1548,0.028812025423859328
MILO,1549,0.028812025423859328
MILO,1550,0.07393791064302041
MILO,1551,0.11943844113970721
MILO,1552,0.04746751522088989
MILO,1553,0.04746751522088989
MILO,1554,0.027729253521601015
MILO,1555,0.027729253521601015
MILO,1556,0.029332655441092727
MILO,1557,0.029332655441092727
MILO,1558,0.1886693867743583
MILO,1559,0.15952086636879098
MILO,1560,0.1886693867743583
MILO,1561,0.16201546881924517
MILO,1562,0.1620583285038341
MILO,1563,0.23908439526348094
MILO,1564,0.22464283312635433
MILO,1565,0.012250704258940202
MILO,1566,0.005627429356614349
MILO,1567,0.006613549718201811
MILO,1568,0.012211612319078075
MILO,1569,0.031874626016940286
MILO,1570,0.0043052601223091975
MILO,1571,0.0040709770939996726
MILO,1572,0.0040709770939996726
MILO,1573,0.245144760564237
MILO,1574,0.13726522115255244
MILO,1575,0.23203741259219898
MILO,1576,0.12084183655195152
MILO,1577,0.13619835567036087
MILO,1578,0.11385287283324641
MILO,1579,0.07372122379949081
MILO,1580,0.12404099524043678
MILO,1581,0.12404099524043678
MILO,1582,0.13998127472582023
MILO,1583,0.07865939301028047
MILO,1584,0.05210368217496971
MILO,1585,0.09159138517702871
MILO,1586,0.14244803936342884
MILO,1587,0.09159138517702871
MILO,1588,0.13249508090404444
MILO,1589,0.042706703047090074
MILO,1590,0.09126697191902094
MILO,1591,0.038356796199772086
MILO,1592,0.019093000419700166
MILO,1593,0.0442825330387038
MILO,1594,0.07442840178743063
MILO,1595,0.038229943187703064
MILO,1596,0.06966972725123288
MILO,1597,0.14225015327858867
MILO,1598,0.08529382518562646
MILO,1599,0.1565163500681912
MILO,1600,0.19717873274141215
MILO,1601,0.13958033932445588
MILO,1602,0.18654991881351413
MILO,1603,0.07825349249082626
MILO,1604,0.11906345658889966
MILO,1605,0.20310189433012793
MILO,1606,0.14648273877481727
MILO,1607,0.1604356223239187
MILO,1608,0.07109232172721322
MILO,1609,0.13438122102085975
MILO,1610,0.07109232172721322
MILO,1611,0.06559216316007106
MILO,1612,0.1394498747816131
MILO,1613,0.07514252123868032
MILO,1614,0.07514252123868032
MILO,1615,0.04097242221669802
MILO,1616,0.08080071310951359
MILO,1617,0.11925519372219266
MILO,1618,0.1587518673501127
MILO,1619,0.08080071310951359
MILO,1620,0.09289847409214141
MILO,1621,0.11731370431465621
MILO,1622,0.09520970293428649
MILO,1623,0.03129403807461926
MILO,1624,0.03129403807461926
MILO,1625,0.15301718156889021
MILO,1626,0.05708338077549484
MILO,1627,0.18259693514073014
MILO,1628,0.09738645213209243
MILO,1629,0.058391516329413494
MILO,1630,0.07838586491102968
MILO,1631,0.11669951616548156
MILO,1632,0.08839179002115072
MILO,1633,0.030180816070490616
MILO,1634,0.04237814593971767
MILO,1635,0.04237814593971767
MILO,1636,0.07811762752262538
MILO,1637,0.12693748423525708
MILO,1638,0.19470830555868848
MILO,1639,0.12216028488255154
MILO,1640,0.015362756630002864
MILO,1641,0.08527201700866288
MILO,1642,0.09838119017970519
MILO,1643,0.09838119017970519
MILO,1644,0.0834133765133181
MILO,1645,0.1526089849703159
MILO,1646,0.12658672854321792
MILO,1647,0.12658672854321792
MILO,1648,0.10271613038361148
MILO,1649,0.09344538480927757
MILO,1650,0.10003123457690376
MILO,1651,0.15337468259670767
MILO,1652,0.07801735708535866
MILO,1653,0.15337468259670767
MILO,1654,0.23355743408483762
MILO,1655,0.23355743408483762
MILO,1656,0.11335934409595329
MILO,1657,0.11335934409595329
MILO,1658,0.27050003326423444
MILO,1659,0.11146922575284225
MILO,1660,0.02415238797213293
MILO,1661,0.02415238797213293
MILO,1662,0.125860243716376
MILO,1663,0.07642657870884345
MILO,1664,0.07642657870884345
MILO,1665,0.07642657870884345
MILO,1666,0.0761503658556259
MILO,1667,0.0761503658556259
MILO,1668,0.0761503658556259
MILO,1669,0.16622820694463133
MILO,1670,0.1949276897304559
MILO,1671,0.15546096902884576
MILO,1672,0.15546096902884576
MILO,1673,0.33862697320862967
MILO,1674,0.33666424458808675
MILO,1675,0.16682999223782433
MILO,1676,0.07444786017850324
MILO,1677,0.058346421219815585
MILO,1678,0.06825616429369587
MILO,1679,0.05068122469206212
MILO,1680,0.05068122469206212
MILO,1681,0.05794929047832137
MILO,1682,0.057084875391443884
MILO,1683,0.09042844941786544
MILO,1684,0.03384848339586856
MILO,1685,0.016781602743943354
MILO,1686,0.016781602743943354
MILO,1687,0.022299854697627585
MILO,1688,0.022299854697627585
MILO,1689,0.04893558383596547
MILO,1690,0.057858606629379604
MILO,1691,0.010384901837221525
MILO,1692,0.010384901837221525
MILO,1693,0.08765168494396981
MILO,1694,0.07314252080918354
MILO,1695,0.09224140117035914
MILO,1696,0.07177078406358606
MILO,1697,0.09397645447530537
MILO,1698,0.09172400416421309
MILO,1699,0.08241803141114455
MILO,1700,0.08729892236480088
MILO,1701,0.08729892236480088
MILO,1702,0.08627805504480594
MILO,1703,0.08627805504480594
MILO,1704,0.08627805504480594
MILO,1705,0.20310401018465907
MILO,1706,0.08518977589091568
MILO,1707,0.08518977589091568
MILO,1708,0.055460788765800975
MILO,1709,0.12961921462915152
MILO,1710,0.039826168536639055
MILO,1711,0.1738123168293341
MILO,1712,0.1707943183137353
MILO,1713,0.10179055523408993
MILO,1714,0.07340144894200669
MILO,1715,0.14636448916119774
MILO,1716,0.14636448916119774
MILO,1717,0.1377735865417776
MILO,1718,0.13142695894170073
MILO,1719,0.12781931291006063
MILO,1720,0.09068251485328775
MILO,1721,0.09068251485328775
MILO,1722,0.16407260939370893
MILO,1723,0.2249319806324936
MILO,1724,0.129178729119243
MILO,1725,0.07804356194523325
MILO,1726,0.07804356194523325
MILO,1727,0.129178729119243
MILO,1728,0.10158101755199861
MILO,1729,0.10158101755199861
MILO,1730,0.10158101755199861
MILO,1731,0.14511979580836043
MILO,1732,0.22936659330983994
MILO,1733,0.09164241128836624
MILO,1734,0.009039033852193097
MILO,1735,0.0828198344578556
MILO,1736,0.1389996217635131
MILO,1737,0.1536183428057229
MILO,1738,0.17191967812384462
MILO,1739,0.17191967812384462
MILO,1740,0.22584803461294398
MILO,1741,0.2785444664806774
MILO,1742,0.0952423817663234
MILO,1743,0.0952423817663234
MILO,1744,0.2571805457266713
MILO,1745,0.2571805457266713
MILO,1746,0.28088524017944005
MILO,1747,0.10988096515346803
MILO,1748,0.35430413333408745
MILO,1749,0.3242813248823958
MILO,1750,0.290669557484081
MILO,1751,0.290669557484081
MILO,1752,0.26427641961945214
MILO,1753,0.1175339624031216
MILO,1754,0.103433251347279
MILO,1755,0.06726236739093147
MILO,1756,0.23229583116347668
MILO,1757,0.21935340117060478
MILO,1758,0.21935340117060478
MILO,1759,0.08394933744051154
MILO,1760,0.10945540987798004
MILO,1761,0.2984653503623726
MILO,1762,0.2984653503623726
MILO,1763,0.20938353528221404
MILO,1764,0.12789496294762398
MILO,1765,0.19385328246530062
MILO,1766,0.2077700849450697
MILO,1767,0.18538762867561084
MILO,1768,0.20374022710953202
MILO,1769,0.10954809987660949
MILO,1770,0.1021258257126817
MILO,1771,0.10492591250849195
MILO,1772,0.10201840045466666
MILO,1773,0.10492591250849195
MILO,1774,0.10201840045466666
MILO,1775,0.07227917786644507
MILO,1776,0.10247221216209121
MILO,1777,0.14859079174428558
MILO,1778,0.05293147716516108
MILO,1779,0.10767775588218509
MILO,1780,0.10767775588218509
MILO,1781,0.05626477743325184
MILO,1782,0.05626477743325184
MILO,1783,0.1094515120197062
MILO,1784,0.028873545239660594
MILO,1785,0.13749925696111642
MILO,1786,0.1845752150588908
MILO,1787,0.22716941338004354
MILO,1788,0.11794605548727607
MILO,1789,0.11611615779788964
MILO,1790,0.11611615779788964
MILO,1791,0.11269670178993789
MILO,1792,0.10707117565413198
MILO,1793,0.023553638123725924
MILO,1794,0.031183425476796714
MILO,1795,0.023553638123725924
MILO_LW,5,1.0
MILO_LW,6,1.001272902594609
MILO_LW,7,0.7793550682100179
MILO_LW,8,0.5766816137603796
MILO_LW,9,0.48545746072544854
MILO_LW,10,0.40962861200310885
MILO_LW,11,0.36852649694807627
MILO_LW,12,0.23214252257060022
MILO_LW,13,0.10799001719672263
MILO_LW,14,0.07448979097555487
MILO_LW,15,0.06459798250791979
MILO_LW,16,0.06459798250791979
MILO_LW,17,0.23863792544179435
MILO_LW,18,0.3475923395028115
MILO_LW,19,0.203697632391917
MILO_LW,20,0.10066331242435503
MILO_LW,21,0.12768415317007306
MILO_LW,22,0.13788203637274932
MILO_LW,23,0.2559308649668238
MILO_LW,24,0.16021568231756023
MILO_LW,25,0.13433443826165775
MILO_LW,26,0.1357789420562731
MILO_LW,27,0.11023910788084679
MILO_LW,28,0.10317899219539542
MILO_LW,29,0.11584279860609077
MILO_LW,30,0.1057769969164419
MILO_LW,31,0.00947697713158293
MILO_LW,32,0.007047963669560968
MILO_LW,33,0.009500505475276463
MILO_LW,34,0.061866821541210565
MILO_LW,35,0.15240217973268352
MILO_LW,36,0.15872349130070262
MILO_LW,37,0.16463667470004079
MILO_LW,38,0.035654026734242734
MILO_LW,39,0.035654026734242734
MILO_LW,40,0.044202088509048776
MILO_LW,41,0.0806071446347968
MILO_LW,42,0.13277439549637024
MILO_LW,43,0.06332684987391918
MILO_LW,44,0.06332684987391918
MILO_LW,45,0.08661131239546445
MILO_LW,46,0.2031498920054168
MILO_LW,47,0.21377300816082606
MILO_LW,48,0.05365547425165324
MILO_LW,49,0.027948568293946454
MILO_LW,50,0.03606909000141377
MILO_LW,51,0.034849267295741525
MILO_LW,52,0.034849267295741525
MILO_LW,53,0.06538902092634172
MILO_LW,54,0.13498327470172128
MILO_LW,55,0.021028061997518537
MILO_LW,56,0.032329061549496774
MILO_LW,57,0.13498327470172128
MILO_LW,58,0.25158379919951696
MILO_LW,59,0.25158379919951696
MILO_LW,60,0.16442688665186367
MILO_LW,61,0.16442688665186367
MILO_LW,62,0.16543091906955834
MILO_LW,63,0.07830168070337595
MILO_LW,64,0.06890044647701588
MILO_LW,65,0.029749850289121353
MILO_LW,66,0.024921745772491264
MILO_LW,67,0.03955325551029636
MILO_LW,68,0.03820244110812016
MILO_LW,69,0.06352011041344037
MILO_LW,70,0.06352011041344037
MILO_LW,71,0.06352011041344037
MILO_LW,72,0.17153544129967588
MILO_LW,73,0.08429589185428117
MILO_LW,74,0.08429589185428117
MILO_LW,75,0.03655843009456138
MILO_LW,76,0.04881272366919637
MILO_LW,77,0.07610751565457079
MILO_LW,78,0.09626600748784254
MILO_LW,79,0.07765189655980183
MILO_LW,80,0.07407394237226043
MILO_LW,81,0.07407394237226043
MILO_LW,82,0.09394424552467459
MILO_LW,83,0.09630858590420711
MILO_LW,84,0.07875062825769899
MILO_LW,85,0.07836283183109245
MILO_LW,86,0.062253125151281175
MILO_LW,87,0.03258423633071117
MILO_LW,88,0.06265551106319762
MILO_LW,89,0.0629859950985984
MILO_LW,90,0.11198669322294419
MILO_LW,91,0.12167590451603022
MILO_LW,92,0.12167590451603022
MILO_LW,93,0.06953852120132221
MILO_LW,94,0.180315952729585
MILO_LW,95,0.17441373797033807
MILO_LW,96,0.180315952729585
MILO_LW,97,0.11602220306033252
MILO_LW,98,0.13423116404200255
MILO_LW,99,0.13423116404200255
MILO_LW,100,0.028418314874648683
MILO_LW,101,0.027995230195826986
MILO_LW,102,0.027995230195826986
MILO_LW,103,0.04926678127898148
MILO_LW,104,0.14168706474413617
MILO_LW,105,0.14345379964297555
MILO_LW,106,0.14345379964297555
MILO_LW,107,0.11623010491454992
MILO_LW,108,0.11623010491454992
MILO_LW,109,0.05254371831709732
MILO_LW,110,0.0709428588230579
MILO_LW,111,0.04574417420306747
MILO_LW,112,0.07717963901920105
MILO_LW,113,0.08075144050022615
MILO_LW,114,0.1184828948344437
MILO_LW,115,0.1184828948344437
MILO_LW,116,0.1184828948344437
MILO_LW,117,0.08684363567340737
MILO_LW,118,0.11149942563977577
MILO_LW,119,0.05857130210635394
MILO_LW,120,0.1374957411697301
MILO_LW,121,0.1374957411697301
MILO_LW,122,0.1374957411697301
MILO_LW,123,0.13673297525769154
MILO_LW,124,0.11215203490845138
MILO_LW,125,0.1155381954803298
MILO_LW,126,0.09914884585382279
MILO_LW,127,0.18737138886323323
MILO_LW,128,0.18737138886323323
MILO_LW,129,0.13355445932406892
MILO_LW,130,0.2276377163280384
MILO_LW,131,0.07126446293476008
MILO_LW,132,0.07126446293476008
MILO_LW,133,0.27343662258795126
MILO_LW,134,0.21479598246105902
MILO_LW,135,0.30010757507937313
MILO_LW,136,0.09038497017602166
MILO_LW,137,0.061911208564806426
MILO_LW,138,0.028942006153182133
MILO_LW,139,0.03464668944133238
MILO_LW,140,0.056258669616235574
MILO_LW,141,0.06468436113174615
MILO_LW,142,0.13597159014347932
MILO_LW,143,0.12146704414987766
MILO_LW,144,0.12520455594145868
MILO_LW,145,0.12520455594145868
MILO_LW,146,0.1672154595710573
MILO_LW,147,0.1748561416259094
MILO_LW,148,0.2249139881449422
MILO_LW,149,0.12821136094227106
MILO_LW,150,0.09528438123119308
MILO_LW,151,0.09528438123119308
MILO_LW,152,0.12821136094227106
MILO_LW,153,0.10481996317693043
MILO_LW,154,0.10481996317693043
MILO_LW,155,0.10157676393758305
MILO_LW,156,0.01597622435486907
MILO_LW,157,0.01597622435486907
MILO_LW,158,0.07695828050172664
MILO_LW,159,0.1556106346686973
MILO_LW,160,0.13898474716154416
MILO_LW,161,0.14792995713013157
MILO_LW,162,0.06818122068850706
MILO_LW,163,0.16100480030673392
MILO_LW,164,0.16022060366127247
MILO_LW,165,0.10310289729799005
MILO_LW,166,0.08070149181492146
MILO_LW,167,0.11114073257167169
MILO_LW,168,0.059343996457884816
MILO_LW,169,0.1350799242986364
MILO_LW,170,0.08441214950133796
MILO_LW,171,0.08172479491431137
MILO_LW,172,0.08172479491431137
MILO_LW,173,0.1246930688488743
MILO_LW,174,0.10121690480650816
MILO_LW,175,0.04510227521443815
MILO_LW,176,0.04510227521443815
MILO_LW,177,0.03253403611617082
MILO_LW,178,0.03253403611617082
MILO_LW,179,0.10682265280110284
MILO_LW,180,0.2341744964888218
MILO_LW,181,0.2906056503008461
MILO_LW,182,0.13736211019467437
MILO_LW,183,0.15222905543913787
MILO_LW,184,0.15222905543913787
MILO_LW,185,0.18012104824277853
MILO_LW,186,0.18012104824277853
MILO_LW,187,0.18810806235338282
MILO_LW,188,0.2011433528510183
MILO_LW,189,0.17186041301461835
MILO_LW,190,0.17186041301461835
MILO_LW,191,0.12130906873498115
MILO_LW,192,0.07133684827774762
MILO_LW,193,0.08160643060857815
MILO_LW,194,0.23436399887415837
MILO_LW,195,0.023177645904949157
MILO_LW,196,0.023318884014608063
MILO_LW,197,0.171980659786329
MILO_LW,198,0.10888348195438746
MILO_LW,199,0.09994852859033261
MILO_LW,200,0.06572702755416342
MILO_LW,201,0.06461717127213921
MILO_LW,202,0.06461717127213921
MILO_LW,203,0.06461717127213921
MILO_LW,204,0.1088801677748635
MILO_LW,205,0.15233434796288026
MILO_LW,206,0.020119611546514565
MILO_LW,207,0.017770440046806307
MILO_LW,208,0.017770440046806307
MILO_LW,209,0.0388893908093278
MILO_LW,210,0.0388893908093278
MILO_LW,211,0.041274978725946536
MILO_LW,212,0.11958967437721982
MILO_LW,213,0.11958967437721982
MILO_LW,214,0.07786928260025255
MILO_LW,215,0.07786928260025255
MILO_LW,216,0.07786928260025255
MILO_LW,217,0.06256702905960367
MILO_LW,218,0.10481171873553297
MILO_LW,219,0.025530352283012443
MILO_LW,220,0.0909291488873884
MILO_LW,221,0.0909291488873884
MILO_LW,222,0.0909291488873884
MILO_LW,223,0.11274756036179973
MILO_LW,224,0.1490557285660132
MILO_LW,225,0.054014459373099316
MILO_LW,226,0.029924120122374703
MILO_LW,227,0.03547779095192606
MILO_LW,228,0.04637344185263671
MILO_LW,229,0.04637344185263671
MILO_LW,230,0.06962120889976534
MILO_LW,231,0.07091133460849056
MILO_LW,232,0.030278539704075787
MILO_LW,233,0.030520027202439775
MILO_LW,234,0.04821580594858583
MILO_LW,235,0.04821580594858583
MILO_LW,236,0.06646163170102559
MILO_LW,237,0.10962602231137265
MILO_LW,238,0.10962602231137265
MILO_LW,239,0.10962602231137265
MILO_LW,240,0.21970258552648628
MILO_LW,241,0.2216885384326244
MILO_LW,242,0.11559015056474503
MILO_LW,243,0.1707334894435623
MILO_LW,244,0.12382515732537683
MILO_LW,245,0.12382515732537683
MILO_LW,246,0.09130370030010967
MILO_LW,247,0.09922579503716421
MILO_LW,248,0.09922579503716421
MILO_LW,249,0.13378178813656258
MILO_LW,250,0.22611287874875297
MILO_LW,251,0.1122893728094508
MILO_LW,252,0.1122893728094508
MILO_LW,253,0.057969557634565044
MILO_LW,254,0.06045844185250994
MILO_LW,255,0.08166444259599105
MILO_LW,256,0.08166444259599105
MILO_LW,257,0.2102090079905556
MILO_LW,258,0.1840358205044894
MILO_LW,259,0.1840358205044894
MILO_LW,260,0.07119748458529661
MILO_LW,261,0.12750514091025594
MILO_LW,262,0.12750514091025594
MILO_LW,263,0.14974648443544375
MILO_LW,264,0.15711869843711568
MILO_LW,265,0.2259652476918624
MILO_LW,266,0.2259652476918624
MILO_LW,267,0.1181598569197026
MILO_LW,268,0.11478267506275193
MILO_LW,269,0.11833206400562897
MILO_LW,270,0.08319878951866878
MILO_LW,271,0.09220680792728017
MILO_LW,272,0.09220680792728017
MILO_LW,273,0.09220680792728017
MILO_LW,274,0.16897285910336893
MILO_LW,275,0.15730812463967017
MILO_LW,276,0.13249078922582033
MILO_LW,277,0.046001976021195205
MILO_LW,278,0.025881261365565088
MILO_LW,279,0.046561708105210695
MILO_LW,280,0.1461060388779744
MILO_LW,281,0.11548581088318476
MILO_LW,282,0.11548581088318476
MILO_LW,283,0.11548581088318476
MILO_LW,284,0.11548581088318476
MILO_LW,285,0.08350272574029097
MILO_LW,286,0.12450779918175345
MILO_LW,287,0.07541481550719147
MILO_LW,288,0.08730044595398719
MILO_LW,289,0.12570766386991608
MILO_LW,290,0.12570766386991608
MILO_LW,291,0.16271782739328544
MILO_LW,292,0.11013168335823703
MILO_LW,293,0.11013168335823703
MILO_LW,294,0.2997978013569672
MILO_LW,295,0.3104216528501676
MILO_LW,296,0.21814234931984375
MILO_LW,297,0.21267450697651044
MILO_LW,298,0.11087729416732607
MILO_LW,299,0.09857562531894998
MILO_LW,300,0.09857562531894998
MILO_LW,301,0.09857562531894998
MILO_LW,302,0.08086606684887215
MILO_LW,303,0.04520488103110396
MILO_LW,304,0.04520488103110396
MILO_LW,305,0.08660742027350878
MILO_LW,306,0.027933072181104822
MILO_LW,307,0.06860726815405947
MILO_LW,308,0.11100017367985429
MILO_LW,309,0.1230974158272125
MILO_LW,310,0.023291471244530165
MILO_LW,311,0.014288867647606852
MILO_LW,312,0.023434104268769157
MILO_LW,313,0.03667106618993885
MILO_LW,314,0.04480371779482243
MILO_LW,315,0.056835145260463356
MILO_LW,316,0.047441947795809646
MILO_LW,317,0.06634686461873794
MILO_LW,318,0.11239538040389839
MILO_LW,319,0.10820633328697943
MILO_LW,320,0.06502891003370306
MILO_LW,321,0.06502891003370306
MILO_LW,322,0.06502891003370306
MILO_LW,323,0.09207576419825508
MILO_LW,324,0.16666862717089326
MILO_LW,325,0.030024488793734275
MILO_LW,326,0.030024488793734275
MILO_LW,327,0.08851295623221152
MILO_LW,328,0.08851295623221152
MILO_LW,329,0.09425319844319387
MILO_LW,330,0.057522314451431605
MILO_LW,331,0.09663331252697055
MILO_LW,332,0.13459466940821335
MILO_LW,333,0.13948862845368243
MILO_LW,334,0.08916854350154707
MILO_LW,335,0.11878801013881463
MILO_LW,336,0.044641699667135326
MILO_LW,337,0.09738605973538514
MILO_LW,338,0.14198592614187389
MILO_LW,339,0.12465604502154456
MILO_LW,340,0.06954372330482836
MILO_LW,341,0.12045122571883679
MILO_LW,342,0.12436582292689945
MILO_LW,343,0.12436582292689945
MILO_LW,344,0.14837386900701355
MILO_LW,345,0.13912124159161748
MILO_LW,346,0.13912124159161748
MILO_LW,347,0.13912124159161748
MILO_LW,348,0.15323366187935067
MILO_LW,349,0.1264636421278441
MILO_LW,350,0.049878242378423164
MILO_LW,351,0.049878242378423164
MILO_LW,352,0.07753871609466678
MILO_LW,353,0.07823375811633043
MILO_LW,354,0.07599878925151839
MILO_LW,355,0.20420951196936518
MILO_LW,356,0.16029468104830258
MILO_LW,357,0.08512369149143972
MILO_LW,358,0.08512369149143972
MILO_LW,359,0.20234809301336285
MILO_LW,360,0.09335622291723222
MILO_LW,361,0.05274151333110145
MILO_LW,362,0.041603713127506804
MILO_LW,363,0.05274151333110145
MILO_LW,364,0.09921972398394928
MILO_LW,365,0.04718706103535092
MILO_LW,366,0.19659942460271304
MILO_LW,367,0.15972203644665936
MILO_LW,368,0.03216786137902403
MILO_LW,369,0.03384185245023919
MILO_LW,370,0.03384185245023919
MILO_LW,371,0.03384185245023919
MILO_LW,372,0.08631775127060763
MILO_LW,373,0.08631775127060763
MILO_LW,374,0.14404073979341905
MILO_LW,375,0.14404073979341905
MILO_LW,376,0.2080997127689216
MILO_LW,377,0.14808092174289983
MILO_LW,378,0.10701171185257181
MILO_LW,379,0.10701171185257181
MILO_LW,380,0.09044957655927947
MILO_LW,381,0.19937640435778028
MILO_LW,382,0.16949760125825056
MILO_LW,383,0.1334267933295792
MILO_LW,384,0.08243216161684122
MILO_LW,385,0.06134721015265516
MILO_LW,386,0.05772259963179395
MILO_LW,387,0.060379250301685304
MILO_LW,388,0.060379250301685304
MILO_LW,389,0.012801757337653291
MILO_LW,390,0.08375969159935276
MILO_LW,391,0.142589208448694
MILO_LW,392,0.09391754742197611
MILO_LW,393,0.14410962547563935
MILO_LW,394,0.06379723171519315
MILO_LW,395,0.06379723171519315
MILO_LW,396,0.06379723171519315
MILO_LW,397,0.06379723171519315
MILO_LW,398,0.06482991222735546
MILO_LW,399,0.18223400280255814
MILO_LW,400,0.18223400280255814
MILO_LW,401,0.1669189466095495
MILO_LW,402,0.09709895515017737
MILO_LW,403,0.09962689037789388
MILO_LW,404,0.09709895515017737
MILO_LW,405,0.1593363018231389
MILO_LW,406,0.28125115649784865
MILO_LW,407,0.28125115649784865
MILO_LW,408,0.05489695121792794
MILO_LW,409,0.22366527170793082
MILO_LW,410,0.1689074741233307
MILO_LW,411,0.02264313357489657
MILO_LW,412,0.03256388074106296
MILO_LW,413,0.03428375175993902
MILO_LW,414,0.03428375175993902
MILO_LW,415,0.056175327316078306
MILO_LW,416,0.0699219510789459
MILO_LW,417,0.10970703317614382
MILO_LW,418,0.1480677867022998
MILO_LW,419,0.1540276183949109
MILO_LW,420,0.1540276183949109
MILO_LW,421,0.09386320215810502
MILO_LW,422,0.09021920544851143
MILO_LW,423,0.049853156586986365
MILO_LW,424,0.055928053258542366
MILO_LW,425,0.049853156586986365
MILO_LW,426,0.17072767769817468
MILO_LW,427,0.04241400374332131
MILO_LW,428,0.04241400374332131
MILO_LW,429,0.037512083654158444
MILO_LW,430,0.08621509385297199
MILO_LW,431,0.18399147347070943
MILO_LW,432,0.1852766999895828
MILO_LW,433,0.04295702223880282
MILO_LW,434,0.026659272038323283
MILO_LW,435,0.03399931917407622
MILO_LW,436,0.03399931917407622
MILO_LW,437,0.08358331218325647
MILO_LW,438,0.09776280474038834
MILO_LW,439,0.0814521109041392
MILO_LW,440,0.05135814097557893
MILO_LW,441,0.029000803088714836
MILO_LW,442,0.055264391196412514
MILO_LW,443,0.055264391196412514
MILO_LW,444,0.0817328764497168
MILO_LW,445,0.056074201500307744
MILO_LW,446,0.02988841040807331
MILO_LW,447,0.045675767706906074
MILO_LW,448,0.045675767706906074
MILO_LW,449,0.046227542006091776
MILO_LW,450,0.09054974945473843
MILO_LW,451,0.10325222314098856
MILO_LW,452,0.10621130821952822
MILO_LW,453,0.09573477172233741
MILO_LW,454,0.09573477172233741
MILO_LW,455,0.09399459089286759
MILO_LW,456,0.06565155827647032
MILO_LW,457,0.06530489332627942
MILO_LW,458,0.09152260254104763
MILO_LW,459,0.15452313858567648
MILO_LW,460,0.12568216272415564
MILO_LW,461,0.14167295542054048
MILO_LW,462,0.07498143264643069
MILO_LW,463,0.07498143264643069
MILO_LW,464,0.1316824534466227
MILO_LW,465,0.19391501566438402
MILO_LW,466,0.08693518926202397
MILO_LW,467,0.05767665509334122
MILO_LW,468,0.05767665509334122
MILO_LW,469,0.08693518926202397
MILO_LW,470,0.12886694467643675
MILO_LW,471,0.12144858609568183
MILO_LW,472,0.11771272527690167
MILO_LW,473,0.11771272527690167
MILO_LW,474,0.0985654544440968
MILO_LW,475,0.0985654544440968
MILO_LW,476,0.0985654544440968
MILO_LW,477,0.05324601198983444
MILO_LW,478,0.05324601198983444
MILO_LW,479,0.12994741222820447
MILO_LW,480,0.0719442143811168
MILO_LW,481,0.055560114292818694
MILO_LW,482,0.055560114292818694
MILO_LW,483,0.059529811732810356
MILO_LW,484,0.14892195207811487
MILO_LW,485,0.14892195207811487
MILO_LW,486,0.0635209721887284
MILO_LW,487,0.0772736747648597
MILO_LW,488,0.04193546878164949
MILO_LW,489,0.0772736747648597
MILO_LW,490,0.0772736747648597
MILO_LW,491,0.09356906018652678
MILO_LW,492,0.06773298284475517
MILO_LW,493,0.0913357558717829
MILO_LW,494,0.09474647012427613
MILO_LW,495,0.08946720717246806
MILO_LW,496,0.08946720717246806
MILO_LW,497,0.18862363891703196
MILO_LW,498,0.2016780556383249
MILO_LW,499,0.2016780556383249
MILO_LW,500,0.2016780556383249
MILO_LW,501,0.08861699027907118
MILO_LW,502,0.23668932393417802
MILO_LW,503,0.1233309250486675
MILO_LW,504,0.1233309250486675
MILO_LW,505,0.0943839116231795
MILO_LW,506,0.0943839116231795
MILO_LW,507,0.09049163498176675
MILO_LW,508,0.04490687414590739
MILO_LW,509,0.04490687414590739
MILO_LW,510,0.06514604244325804
MILO_LW,511,0.04490687414590739
MILO_LW,512,0.019791470188806018
MILO_LW,513,0.10289497726201315
MILO_LW,514,0.09099232151299233
MILO_LW,515,0.09810047616055899
MILO_LW,516,0.09066765308761043
MILO_LW,517,0.08947219197760384
MILO_LW,518,0.1094598909634802
MILO_LW,519,0.03604924526804996
MILO_LW,520,0.052924376031141064
MILO_LW,521,0.032751948851850524
MILO_LW,522,0.0765350168421495
MILO_LW,523,0.035080253280273165
MILO_LW,524,0.04075315042391554
MILO_LW,525,0.18311695732567765
MILO_LW,526,0.18311695732567765
MILO_LW,527,0.32565926177393917
MILO_LW,528,0.03614413834915896
MILO_LW,529,0.2883052457794091
MILO_LW,530,0.05088923643167136
MILO_LW,531,0.05088923643167136
MILO_LW,532,0.03873579868647154
MILO_LW,533,0.06605087126988086
MILO_LW,534,0.03873579868647154
MILO_LW,535,0.07493563597371325
MILO_LW,536,0.07493563597371325
MILO_LW,537,0.03298627670699616
MILO_LW,538,0.03943113571165095
MILO_LW,539,0.1296886756512684
MILO_LW,540,0.09718599434610034
MILO_LW,541,0.07913425453572136
MILO_LW,542,0.07854892607282647
MILO_LW,543,0.07854892607282647
MILO_LW,544,0.09922409649322878
MILO_LW,545,0.08786337128923313
MILO_LW,546,0.06252262996549499
MILO_LW,547,0.026613569451550856
MILO_LW,548,0.026613569451550856
MILO_LW,549,0.06708565652132803
MILO_LW,550,0.052259394770712585
MILO_LW,551,0.027634940406248983
MILO_LW,552,0.02783596053872415
MILO_LW,553,0.035309431343063934
MILO_LW,554,0.08380947321391971
MILO_LW,555,0.08380947321391971
MILO_LW,556,0.1418034086447063
MILO_LW,557,0.19984516119332157
MILO_LW,558,0.19984516119332157
MILO_LW,559,0.14723387643460717
MILO_LW,560,0.1087037454670772
MILO_LW,561,0.07408055049508408
MILO_LW,562,0.11188193119248924
MILO_LW,563,0.11640594461261983
MILO_LW,564,0.10954743924837991
MILO_LW,565,0.10954743924837991
MILO_LW,566,0.14029887586569964
MILO_LW,567,0.19525622695259412
MILO_LW,568,0.25369893450041936
MILO_LW,569,0.16276790940435873
MILO_LW,570,0.16999875932399944
MILO_LW,571,0.15948412457114927
MILO_LW,572,0.223156016064346
MILO_LW,573,0.223156016064346
MILO_LW,574,0.223156016064346
MILO_LW,575,0.16125446656399936
MILO_LW,576,0.16125446656399936
MILO_LW,577,0.09922963722578909
MILO_LW,578,0.18238045804582945
MILO_LW,579,0.1915076953540864
MILO_LW,580,0.15070337709721393
MILO_LW,581,0.2529523294055149
MILO_LW,582,0.2529523294055149
MILO_LW,583,0.06469019071723708
MILO_LW,584,0.06469019071723708
MILO_LW,585,0.09227206879992242
MILO_LW,586,0.028856484964267265
MILO_LW,587,0.09523421978576777
MILO_LW,588,0.016065265590925814
MILO_LW,589,0.009624683171843283
MILO_LW,590,0.009624683171843283
MILO_LW,591,0.2863697883817775
MILO_LW,592,0.1075334796236039
MILO_LW,593,0.0347555849895813
MILO_LW,594,0.0347555849895813
MILO_LW,595,0.07740242142373469
MILO_LW,596,0.13390660597039578
MILO_LW,597,0.17745024430501954
MILO_LW,598,0.05636597675528195
MILO_LW,599,0.06122292930822618
MILO_LW,600,0.07835125622481268
MILO_LW,601,0.07998901957405659
MILO_LW,602,0.04288701515178927
MILO_LW,603,0.052950871239545144
MILO_LW,604,0.03669079996614435
MILO_LW,605,0.09924619966952508
MILO_LW,606,0.15082378233601604
MILO_LW,607,0.07258717624791981
MILO_LW,608,0.03245786807273679
MILO_LW,609,0.17056478157706056
MILO_LW,610,0.17859656517847694
MILO_LW,611,0.12347876516857877
MILO_LW,612,0.17297096544970533
MILO_LW,613,0.13881333943117588
MILO_LW,614,0.0771110956838355
MILO_LW,615,0.0771110956838355
MILO_LW,616,0.11967142189525287
MILO_LW,617,0.17865488801845178
MILO_LW,618,0.05844068283827601
MILO_LW,619,0.05844068283827601
MILO_LW,620,0.13381359363092238
MILO_LW,621,0.059435166610840334
MILO_LW,622,0.15635688710763673
MILO_LW,623,0.07324087357387206
MILO_LW,624,0.15635688710763673
MILO_LW,625,0.13996151215102426
MILO_LW,626,0.09117955071996645
MILO_LW,627,0.04844740330739648
MILO_LW,628,0.04844740330739648
MILO_LW,629,0.0968366791149415
MILO_LW,630,0.03156031258638726
MILO_LW,631,0.09860576910628747
MILO_LW,632,0.08465261966354151
MILO_LW,633,0.1467591703149303
MILO_LW,634,0.07312918782464134
MILO_LW,635,0.07312918782464134
MILO_LW,636,0.07391012998520335
MILO_LW,637,0.08689580694160882
MILO_LW,638,0.03200684139944344
MILO_LW,639,0.03200684139944344
MILO_LW,640,0.10137249982884529
MILO_LW,641,0.11517698964668052
MILO_LW,642,0.15179931566406293
MILO_LW,643,0.15179931566406293
MILO_LW,644,0.26321503158035464
MILO_LW,645,0.13244494650620753
MILO_LW,646,0.31643917319744236
MILO_LW,647,0.06016946491059792
MILO_LW,648,0.06016946491059792
MILO_LW,649,0.16341858436313242
MILO_LW,650,0.14272205787653836
MILO_LW,651,0.08968760066459504
MILO_LW,652,0.08968760066459504
MILO_LW,653,0.08763370494780513
MILO_LW,654,0.012962626557345213
MILO_LW,655,0.09126099749212789
MILO_LW,656,0.12618349022263917
MILO_LW,657,0.1422964162760791
MILO_LW,658,0.2957215726629746
MILO_LW,659,0.2957215726629746
MILO_LW,660,0.1176168331901053
MILO_LW,661,0.07487950990346205
MILO_LW,662,0.08346731664950305
MILO_LW,663,0.0320481261563251
MILO_LW,664,0.10742030259519948
MILO_LW,665,0.09049057815564258
MILO_LW,666,0.07018475354916588
MILO_LW,667,0.06718504336469976
MILO_LW,668,0.03266156454733169
MILO_LW,669,0.014387073707327384
MILO_LW,670,0.0041982814685395725
MILO_LW,671,0.014387073707327384
MILO_LW,672,0.014387073707327384
MILO_LW,673,0.03616722544430206
MILO_LW,674,0.054944169005960365
MILO_LW,675,0.09706703777431001
MILO_LW,676,0.09959165251841517
MILO_LW,677,0.11074711422422809
MILO_LW,678,0.09959165251841517
MILO_LW,679,0.1375126436783398
MILO_LW,680,0.040067759022353495
MILO_LW,681,0.17842543789873458
MILO_LW,682,0.14263835035025885
MILO_LW,683,0.12157989452185317
MILO_LW,684,0.14997485841960648
MILO_LW,685,0.14997485841960648
MILO_LW,686,0.2247949376731324
MILO_LW,687,0.029550867724062468
MILO_LW,688,0.03765293634051449
MILO_LW,689,0.03728605962438077
MILO_LW,690,0.03728605962438077
MILO_LW,691,0.0717670619101242
MILO_LW,692,0.1408200259304213
MILO_LW,693,0.1408200259304213
MILO_LW,694,0.1408200259304213
MILO_LW,695,0.27471801010033414
MILO_LW,696,0.24033028349538996
MILO_LW,697,0.14156620357371563
MILO_LW,698,0.06773845731063093
MILO_LW,699,0.06599271183246498
MILO_LW,700,0.041277281282515885
MILO_LW,701,0.03951924666700747
MILO_LW,702,0.04172737920019584
MILO_LW,703,0.06834119112573155
MILO_LW,704,0.07257095927553318
MILO_LW,705,0.07257095927553318
MILO_LW,706,0.08561987595582171
MILO_LW,707,0.17553275344181804
MILO_LW,708,0.17553275344181804
MILO_LW,709,0.15035887035968645
MILO_LW,710,0.10561302168489242
MILO_LW,711,0.10561302168489242
MILO_LW,712,0.10983510216174183
MILO_LW,713,0.10677054704594371
MILO_LW,714,0.06826056588209735
MILO_LW,715,0.06826056588209735
MILO_LW,716,0.11669632165860597
MILO_LW,717,0.11669632165860597
MILO_LW,718,0.09188415038388978
MILO_LW,719,0.14183123173111722
MILO_LW,720,0.20747591853587335
MILO_LW,721,0.06425624424983974
MILO_LW,722,0.05547011652986811
MILO_LW,723,0.05547011652986811
MILO_LW,724,0.15030751242378168
MILO_LW,725,0.15030751242378168
MILO_LW,726,0.10721943523735561
MILO_LW,727,0.08883306887429292
MILO_LW,728,0.08296518584426689
MILO_LW,729,0.03407074390438074
MILO_LW,730,0.023544761574457965
MILO_LW,731,0.03282680024829031
MILO_LW,732,0.03282680024829031
MILO_LW,733,0.12837621047765502
MILO_LW,734,0.269572046789587
MILO_LW,735,0.25995813430358905
MILO_LW,736,0.25995813430358905
MILO_LW,737,0.23362315282406
MILO_LW,738,0.1898272591827278
MILO_LW,739,0.1898272591827278
MILO_LW,740,0.03799580075556208
MILO_LW,741,0.06173992297339564
MILO_LW,742,0.15335412875569668
MILO_LW,743,0.12353898480734482
MILO_LW,744,0.06173992297339564
MILO_LW,745,0.141810665859737
MILO_LW,746,0.14016644318572066
MILO_LW,747,0.14549573021926243
MILO_LW,748,0.09283419191434812
MILO_LW,749,0.14549573021926243
MILO_LW,750,0.14446677552228354
MILO_LW,751,0.14446677552228354
MILO_LW,752,0.06231285992101989
MILO_LW,753,0.05253879844096255
MILO_LW,754,0.027255546086956295
MILO_LW,755,0.024747956145485465
MILO_LW,756,0.030840053093899426
MILO_LW,757,0.030840053093899426
MILO_LW,758,0.03266495327814744
MILO_LW,759,0.12300303076195568
MILO_LW,760,0.03266495327814744
MILO_LW,761,0.02817222976836276
MILO_LW,762,0.049575015276878284
MILO_LW,763,0.11554101510643208
MILO_LW,764,0.11554101510643208
MILO_LW,765,0.13397303844728897
MILO_LW,766,0.059988589582411316
MILO_LW,767,0.24463193231573374
MILO_LW,768,0.1422712560232406
MILO_LW,769,0.2085879160246898
MILO_LW,770,0.040144636936110166
MILO_LW,771,0.04556061487461173
MILO_LW,772,0.040144636936110166
MILO_LW,773,0.05732675498386496
MILO_LW,774,0.0736985922299034
MILO_LW,775,0.025756479522926718
MILO_LW,776,0.015261249415561574
MILO_LW,777,0.12425191097163832
MILO_LW,778,0.13648570486672865
MILO_LW,779,0.04904461776515691
MILO_LW,780,0.05079458586231564
MILO_LW,781,0.04842936759229714
MILO_LW,782,0.04653333997148889
MILO_LW,783,0.04842936759229714
MILO_LW,784,0.14012615083354518
MILO_LW,785,0.14012615083354518
MILO_LW,786,0.14012615083354518
MILO_LW,787,0.21148971811062248
MILO_LW,788,0.15696026702489987
MILO_LW,789,0.003231096292538414
MILO_LW,790,0.006291822321365966
MILO_LW,791,0.07939055151743156
MILO_LW,792,0.07939055151743156
MILO_LW,793,0.12253628707629283
MILO_LW,794,0.09828358449185375
MILO_LW,795,0.17004474305177578
MILO_LW,796,0.09551768285245599
MILO_LW,797,0.08750787691718709
MILO_LW,798,0.08555151296483068
MILO_LW,799,0.11186741295868285
MILO_LW,800,0.11523615026654375
MILO_LW,801,0.14952584519402884
MILO_LW,802,0.09044224072658807
MILO_LW,803,0.09044224072658807
MILO_LW,804,0.24843931646069956
MILO_LW,805,0.09286964698091767
MILO_LW,806,0.19090160321901165
MILO_LW,807,0.18183067884571943
MILO_LW,808,0.05213498383765601
MILO_LW,809,0.3211839376397317
MILO_LW,810,0.32621636897011885
MILO_LW,811,0.32621636897011885
MILO_LW,812,0.12973873187470528
MILO_LW,813,0.12973873187470528
MILO_LW,814,0.12973873187470528
MILO_LW,815,0.3212408907852849
MILO_LW,816,0.13837903431178075
MILO_LW,817,0.12637539483299665
MILO_LW,818,0.07896556838039269
MILO_LW,819,0.04124241718923667
MILO_LW,820,0.04124241718923667
MILO_LW,821,0.04124241718923667
MILO_LW,822,0.08131390157355983
MILO_LW,823,0.08131390157355983
MILO_LW,824,0.2872897991132566
MILO_LW,825,0.14425964160364863
MILO_LW,826,0.1827262840767058
MILO_LW,827,0.14425964160364863
MILO_LW,828,0.06832304803122162
MILO_LW,829,0.03671356006251261
MILO_LW,830,0.11688429427218847
MILO_LW,831,0.12275634257330235
MILO_LW,832,0.12275634257330235
MILO_LW,833,0.11688429427218847
MILO_LW,834,0.21630786236931465
MILO_LW,835,0.19409077578491096
MILO_LW,836,0.1390291394071898
MILO_LW,837,0.13166386158901158
MILO_LW,838,0.11931040542040917
MILO_LW,839,0.13166386158901158
MILO_LW,840,0.13424556975979143
MILO_LW,841,0.01688456658048748
MILO_LW,842,0.01688456658048748
MILO_LW,843,0.0335139657550957
MILO_LW,844,0.0335139657550957
MILO_LW,845,0.10984338026880056
MILO_LW,846,0.10669069207611262
MILO_LW,847,0.036238915186254994
MILO_LW,848,0.05332137231475666
MILO_LW,849,0.036238915186254994
MILO_LW,850,0.055883033648203954
MILO_LW,851,0.17358308870631678
MILO_LW,852,0.20371215778071242
MILO_LW,853,0.17358308870631678
MILO_LW,854,0.14736583976364073
MILO_LW,855,0.1925746257765521
MILO_LW,856,0.1584504528046098
MILO_LW,857,0.1584504528046098
MILO_LW,858,0.12335118109704983
MILO_LW,859,0.12110704545680197
MILO_LW,860,0.12110704545680197
MILO_LW,861,0.14808409798746464
MILO_LW,862,0.14808409798746464
MILO_LW,863,0.14808409798746464
MILO_LW,864,0.19452056718366487
MILO_LW,865,0.15403220063271475
MILO_LW,866,0.10126738804358579
MILO_LW,867,0.17743716869793205
MILO_LW,868,0.13571021996008167
MILO_LW,869,0.13622758173662858
MILO_LW,870,0.023615499002537982
MILO_LW,871,0.02414857293771275
MILO_LW,872,0.023615499002537982
MILO_LW,873,0.0976769574715043
MILO_LW,874,0.11423603455296166
MILO_LW,875,0.0989755892301217
MILO_LW,876,0.08487723410301751
MILO_LW,877,0.06559219318669782
MILO_LW,878,0.12492489115700174
MILO_LW,879,0.18631529405554972
MILO_LW,880,0.1370921326698258
MILO_LW,881,0.2245059935759887
MILO_LW,882,0.10283983486741048
MILO_LW,883,0.10283983486741048
MILO_LW,884,0.08854230866935624
MILO_LW,885,0.24508570451517733
MILO_LW,886,0.2280878445408787
MILO_LW,887,0.11432493457827984
MILO_LW,888,0.11726630418827666
MILO_LW,889,0.052987513713663136
MILO_LW,890,0.0668539337368557
MILO_LW,891,0.07718261193769553
MILO_LW,892,0.09484964685783025
MILO_LW,893,0.0807486981221987
MILO_LW,894,0.0807486981221987
MILO_LW,895,0.0807486981221987
MILO_LW,896,0.13514147215615346
MILO_LW,897,0.23822736109527715
MILO_LW,898,0.15589884613007077
MILO_LW,899,0.10828562321736815
MILO_LW,900,0.10828562321736815
MILO_LW,901,0.2075160818985139
MILO_LW,902,0.2075160818985139
MILO_LW,903,0.2075160818985139
MILO_LW,904,0.15062339642145503
MILO_LW,905,0.1569916028518556
MILO_LW,906,0.326525349941148
MILO_LW,907,0.15062339642145503
MILO_LW,908,0.1955239555609322
MILO_LW,909,0.19124033095687012
MILO_LW,910,0.0930960154664479
MILO_LW,911,0.06825056061305444
MILO_LW,912,0.19124033095687012
MILO_LW,913,0.1408421588712403
MILO_LW,914,0.022679710668534643
MILO_LW,915,0.11732772017972883
MILO_LW,916,0.11732772017972883
MILO_LW,917,0.05136354517292396
MILO_LW,918,0.12138657964987724
MILO_LW,919,0.03644792489145937
MILO_LW,920,0.12138657964987724
MILO_LW,921,0.18315900751946265
MILO_LW,922,0.06555710527592402
MILO_LW,923,0.1482424182560776
MILO_LW,924,0.1482424182560776
MILO_LW,925,0.1482424182560776
MILO_LW,926,0.10205298142834797
MILO_LW,927,0.048495329455644935
MILO_LW,928,0.0630395803550728
MILO_LW,929,0.10986134962843863
MILO_LW,930,0.10986134962843863
MILO_LW,931,0.09200484911380635
MILO_LW,932,0.18286249774207716
MILO_LW,933,0.20657005019451444
MILO_LW,934,0.34820970060523726
MILO_LW,935,0.2836749260847743
MILO_LW,936,0.17784915962080503
MILO_LW,937,0.21380051647100673
MILO_LW,938,0.21380051647100673
MILO_LW,939,0.08228825585113282
MILO_LW,940,0.18291540112588167
MILO_LW,941,0.048385606651476155
MILO_LW,942,0.048385606651476155
MILO_LW,943,0.1830586325775308
MILO_LW,944,0.14173540032690535
MILO_LW,945,0.06663825695696927
MILO_LW,946,0.07553203341217951
MILO_LW,947,0.07553203341217951
MILO_LW,948,0.032915440918133296
MILO_LW,949,0.03368417951335258
MILO_LW,950,0.07275952344929573
MILO_LW,951,0.06542128246267812
MILO_LW,952,0.020876178276918202
MILO_LW,953,0.04966072247081242
MILO_LW,954,0.04966072247081242
MILO_LW,955,0.02391980707838583
MILO_LW,956,0.06219746303568726
MILO_LW,957,0.06120270355261266
MILO_LW,958,0.06120270355261266
MILO_LW,959,0.12369591130783834
MILO_LW,960,0.11758433293842158
MILO_LW,961,0.10174236960461798
MILO_LW,962,0.026920557865719993
MILO_LW,963,0.026920557865719993
MILO_LW,964,0.04546298290903964
MILO_LW,965,0.11514276246023518
MILO_LW,966,0.20567870705511282
MILO_LW,967,0.03525067939825224
MILO_LW,968,0.13800871327759393
MILO_LW,969,0.13800871327759393
MILO_LW,970,0.13121118152639474
MILO_LW,971,0.14403175853335975
MILO_LW,972,0.14403175853335975
MILO_LW,973,0.08936011283479486
MILO_LW,974,0.2087279852742269
MILO_LW,975,0.08732101853033031
MILO_LW,976,0.13512053477374764
MILO_LW,977,0.2178841631265049
MILO_LW,978,0.17281408362137873
MILO_LW,979,0.16492275319498254
MILO_LW,980,0.1310492290623634
MILO_LW,981,0.04447914396180632
MILO_LW,982,0.2491505951458086
MILO_LW,983,0.015289581151764698
MILO_LW,984,0.015289581151764698
MILO_LW,985,0.03910993792909888
MILO_LW,986,0.2514657354696519
MILO_LW,987,0.08434473153157876
MILO_LW,988,0.06902305431940572
MILO_LW,989,0.03302537286404069
MILO_LW,990,0.03302537286404069
MILO_LW,991,0.014651218616030404
MILO_LW,992,0.018444773299610095
MILO_LW,993,0.03262095302063326
MILO_LW,994,0.07626369199596648
MILO_LW,995,0.021851028479168803
MILO_LW,996,0.09855019677024995
MILO_LW,997,0.14054811087315047
MILO_LW,998,0.1743579958451702
MILO_LW,999,0.18268160134701358
MILO_LW,1000,0.18407244879904097
MILO_LW,1001,0.15468959192338558
MILO_LW,1002,0.09324337862882819
MILO_LW,1003,0.0763148187753795
MILO_LW,1004,0.06145338057357698
MILO_LW,1005,0.039379598073039875
MILO_LW,1006,0.10479832457480744
MILO_LW,1007,0.10479832457480744
MILO_LW,1008,0.2100672655301115
MILO_LW,1009,0.23380099909809884
MILO_LW,1010,0.11531829642896607
MILO_LW,1011,0.11531829642896607
MILO_LW,1012,0.1189014053999914
MILO_LW,1013,0.10841612562371672
MILO_LW,1014,0.05612222180185674
MILO_LW,1015,0.05612222180185674
MILO_LW,1016,0.16321684827382804
MILO_LW,1017,0.11992413806923595
MILO_LW,1018,0.2307276831709946
MILO_LW,1019,0.2307276831709946
MILO_LW,1020,0.1323629177200918
MILO_LW,1021,0.1323629177200918
MILO_LW,1022,0.05720541806480665
MILO_LW,1023,0.18677325656132235
MILO_LW,1024,0.24520575736654374
MILO_LW,1025,0.09818824348349854
MILO_LW,1026,0.16041860201021893
MILO_LW,1027,0.1007739704892122
MILO_LW,1028,0.15209805459714132
MILO_LW,1029,0.19361007952262516
MILO_LW,1030,0.1857415524842504
MILO_LW,1031,0.10545629232200558
MILO_LW,1032,0.04260799310065108
MILO_LW,1033,0.10545629232200558
MILO_LW,1034,0.1527536211574642
MILO_LW,1035,0.12574370993395675
MILO_LW,1036,0.05270541290783901
MILO_LW,1037,0.03406239865203839
MILO_LW,1038,0.024526710335369628
MILO_LW,1039,0.0270256139728031
MILO_LW,1040,0.02851651010736092
MILO_LW,1041,0.11217895357311274
MILO_LW,1042,0.14013585418863805
MILO_LW,1043,0.14013585418863805
MILO_LW,1044,0.14013585418863805
MILO_LW,1045,0.05949168897928636
MILO_LW,1046,0.05949168897928636
MILO_LW,1047,0.11026041222276248
MILO_LW,1048,0.16475919967623834
MILO_LW,1049,0.16475919967623834
MILO_LW,1050,0.1326431252994152
MILO_LW,1051,0.23090650203173135
MILO_LW,1052,0.12384701133539047
MILO_LW,1053,0.23090650203173135
MILO_LW,1054,0.16587844839899413
MILO_LW,1055,0.16587844839899413
MILO_LW,1056,0.10182283030083868
MILO_LW,1057,0.10182283030083868
MILO_LW,1058,0.04932040440765077
MILO_LW,1059,0.04932040440765077
MILO_LW,1060,0.20106404672583314
MILO_LW,1061,0.09321550119004185
MILO_LW,1062,0.021980287269474857
MILO_LW,1063,0.03481910875526047
MILO_LW,1064,0.021980287269474857
MILO_LW,1065,0.0670368274109486
MILO_LW,1066,0.10111475774224894
MILO_LW,1067,0.10111475774224894
MILO_LW,1068,0.10385907168742685
MILO_LW,1069,0.038687381568009306
MILO_LW,1070,0.1222269534167087
MILO_LW,1071,0.150592202161418
MILO_LW,1072,0.1650993871479048
MILO_LW,1073,0.150592202161418
MILO_LW,1074,0.30263472098957883
MILO_LW,1075,0.3244985964097809
MILO_LW,1076,0.2621948614556743
MILO_LW,1077,0.17180545882286816
MILO_LW,1078,0.17409822319923424
MILO_LW,1079,0.08599419348865284
MILO_LW,1080,0.08599419348865284
MILO_LW,1081,0.11161137035753356
MILO_LW,1082,0.11161137035753356
MILO_LW,1083,0.06087652060229472
MILO_LW,1084,0.06087652060229472
MILO_LW,1085,0.050727153194839454
MILO_LW,1086,0.050727153194839454
MILO_LW,1087,0.059721096118072
MILO_LW,1088,0.06816115505894273
MILO_LW,1089,0.06816115505894273
MILO_LW,1090,0.1213475315540047
MILO_LW,1091,0.07529407015535589
MILO_LW,1092,0.0650650417644444
MILO_LW,1093,0.0650650417644444
MILO_LW,1094,0.0498876849815806
MILO_LW,1095,0.0650650417644444
MILO_LW,1096,0.054842041828814685
MILO_LW,1097,0.055639432438988265
MILO_LW,1098,0.054842041828814685
MILO_LW,1099,0.10733539001011919
MILO_LW,1100,0.12559114838385096
MILO_LW,1101,0.01748757404974261
MILO_LW,1102,0.01748757404974261
MILO_LW,1103,0.012998053198992795
MILO_LW,1104,0.05586522862738111
MILO_LW,1105,0.1113692276870549
MILO_LW,1106,0.16226935474634593
MILO_LW,1107,0.07819174371095752
MILO_LW,1108,0.17745992961422108
MILO_LW,1109,0.11265182784756164
MILO_LW,1110,0.11606869549374789
MILO_LW,1111,0.11731953285072547
MILO_LW,1112,0.0276275486078212
MILO_LW,1113,0.02288110201550421
MILO_LW,1114,0.02288110201550421
MILO_LW,1115,0.09063299918921236
MILO_LW,1116,0.0603537706228249
MILO_LW,1117,0.028633916806147568
MILO_LW,1118,0.028367698494109903
MILO_LW,1119,0.04980697109112044
MILO_LW,1120,0.05019204525213128
MILO_LW,1121,0.07869785808265153
MILO_LW,1122,0.17695794127209372
MILO_LW,1123,0.17695794127209372
MILO_LW,1124,0.017577592583323323
MILO_LW,1125,0.017577592583323323
MILO_LW,1126,0.02333404380707098
MILO_LW,1127,0.042784541414698264
MILO_LW,1128,0.13798582413709545
MILO_LW,1129,0.13798582413709545
MILO_LW,1130,0.10962868774810304
MILO_LW,1131,0.13798582413709545
MILO_LW,1132,0.03465744496765285
MILO_LW,1133,0.180342199880707
MILO_LW,1134,0.180342199880707
MILO_LW,1135,0.10934606497620607
MILO_LW,1136,0.2320689682125954
MILO_LW,1137,0.21682192453997784
MILO_LW,1138,0.24592928799003164
MILO_LW,1139,0.12504705362901702
MILO_LW,1140,0.14712993838532462
MILO_LW,1141,0.03571066963398693
MILO_LW,1142,0.11279227924801451
MILO_LW,1143,0.11279227924801451
MILO_LW,1144,0.22804758978618256
MILO_LW,1145,0.26192952931774083
MILO_LW,1146,0.21160432854223046
MILO_LW,1147,0.18522047946806972
MILO_LW,1148,0.18522047946806972
MILO_LW,1149,0.14964315818689974
MILO_LW,1150,0.10153425907113064
MILO_LW,1151,0.06820428013545093
MILO_LW,1152,0.10153425907113064
MILO_LW,1153,0.10153425907113064
MILO_LW,1154,0.11106443145554674
MILO_LW,1155,0.13142148973848644
MILO_LW,1156,0.1271702296447582
MILO_LW,1157,0.012772330000143819
MILO_LW,1158,0.11138711809584892
MILO_LW,1159,0.13561059697925934
MILO_LW,1160,0.13561059697925934
MILO_LW,1161,0.20747147636775568
MILO_LW,1162,0.12195648929880962
MILO_LW,1163,0.11538228396383299
MILO_LW,1164,0.08769385470052721
MILO_LW,1165,0.08769385470052721
MILO_LW,1166,0.10041842064073099
MILO_LW,1167,0.15746709336555786
MILO_LW,1168,0.05735168289503438
MILO_LW,1169,0.11674572024928506
MILO_LW,1170,0.20551508209161476
MILO_LW,1171,0.12751898361128497
MILO_LW,1172,0.08068479223167013
MILO_LW,1173,0.20428626882545986
MILO_LW,1174,0.03778946462015923
MILO_LW,1175,0.021735292141994603
MILO_LW,1176,0.021735292141994603
MILO_LW,1177,0.05392997374926561
MILO_LW,1178,0.0318883650296731
MILO_LW,1179,0.06600793041394466
MILO_LW,1180,0.12225210127082771
MILO_LW,1181,0.13454270130839543
MILO_LW,1182,0.24450834492436457
MILO_LW,1183,0.19848303680299417
MILO_LW,1184,0.16905819733752497
MILO_LW,1185,0.16905819733752497
MILO_LW,1186,0.1373587546556934
MILO_LW,1187,0.14247278216908815
MILO_LW,1188,0.02931814168904579
MILO_LW,1189,0.10369836898079689
MILO_LW,1190,0.02931814168904579
MILO_LW,1191,0.02931814168904579
MILO_LW,1192,0.08601684521729941
MILO_LW,1193,0.08601684521729941
MILO_LW,1194,0.08601684521729941
MILO_LW,1195,0.1803577393629045
MILO_LW,1196,0.15916365913438657
MILO_LW,1197,0.02034775885803449
MILO_LW,1198,0.02034775885803449
MILO_LW,1199,0.15893345148938373
MILO_LW,1200,0.16582042064140928
MILO_LW,1201,0.03964527398559547
MILO_LW,1202,0.05796137006083697
MILO_LW,1203,0.052745410762736665
MILO_LW,1204,0.12318705306433375
MILO_LW,1205,0.12318705306433375
MILO_LW,1206,0.10038907224555658
MILO_LW,1207,0.13542067523991
MILO_LW,1208,0.12494420607037132
MILO_LW,1209,0.120993691575959
MILO_LW,1210,0.16296899328771003
MILO_LW,1211,0.08099588500881193
MILO_LW,1212,0.08099588500881193
MILO_LW,1213,0.08099588500881193
MILO_LW,1214,0.08982980534101893
MILO_LW,1215,0.08982980534101893
MILO_LW,1216,0.001971042842927133
MILO_LW,1217,0.002922820334561236
MILO_LW,1218,0.15896446505052572
MILO_LW,1219,0.0806299886353209
MILO_LW,1220,0.0806299886353209
MILO_LW,1221,0.0806299886353209
MILO_LW,1222,0.21739306418346668
MILO_LW,1223,0.16839485632575474
MILO_LW,1224,0.08244462418768002
MILO_LW,1225,0.08808739853905054
MILO_LW,1226,0.030708176419267246
MILO_LW,1227,0.024983920592172686
MILO_LW,1228,0.033760970450347
MILO_LW,1229,0.059130946979330266
MILO_LW,1230,0.059130946979330266
MILO_LW,1231,0.13797127607288193
MILO_LW,1232,0.13797127607288193
MILO_LW,1233,0.13797127607288193
MILO_LW,1234,0.24327989908327263
MILO_LW,1235,0.2197906931212195
MILO_LW,1236,0.09891987771949853
MILO_LW,1237,0.02812924144909921
MILO_LW,1238,0.02812924144909921
MILO_LW,1239,0.046433349358572976
MILO_LW,1240,0.17435592105342268
MILO_LW,1241,0.1587789115022725
MILO_LW,1242,0.1315801594750215
MILO_LW,1243,0.021739187050437436
MILO_LW,1244,0.11665795185489046
MILO_LW,1245,0.06571244657235611
MILO_LW,1246,0.11320681848529426
MILO_LW,1247,0.05897440099822604
MILO_LW,1248,0.05897440099822604
MILO_LW,1249,0.28457524918253135
MILO_LW,1250,0.2788774123134181
MILO_LW,1251,0.10903687464983208
MILO_LW,1252,0.13980668143599048
MILO_LW,1253,0.08179022727716305
MILO_LW,1254,0.06175993238016217
MILO_LW,1255,0.08371088002120841
MILO_LW,1256,0.137858476506129
MILO_LW,1257,0.1699165046281031
MILO_LW,1258,0.17246216068284148
MILO_LW,1259,0.26287929186449793
MILO_LW,1260,0.26287929186449793
MILO_LW,1261,0.2020950827559815
MILO_LW,1262,0.2020950827559815
MILO_LW,1263,0.1689080364114688
MILO_LW,1264,0.13512076954967744
MILO_LW,1265,0.03039946575852829
MILO_LW,1266,0.05687562656905052
MILO_LW,1267,0.058661356533219425
MILO_LW,1268,0.10937622487242599
MILO_LW,1269,0.05687562656905052
MILO_LW,1270,0.14707434366686595
MILO_LW,1271,0.03158726475702744
MILO_LW,1272,0.1240958491333952
MILO_LW,1273,0.12825501679087084
MILO_LW,1274,0.18637934428416142
MILO_LW,1275,0.15760524625869665
MILO_LW,1276,0.15760524625869665
MILO_LW,1277,0.15760524625869665
MILO_LW,1278,0.06980736051092955
MILO_LW,1279,0.1121601589784504
MILO_LW,1280,0.12067757294423041
MILO_LW,1281,0.2262076230082092
MILO_LW,1282,0.2262076230082092
MILO_LW,1283,0.25007440294869876
MILO_LW,1284,0.1989416229453933
MILO_LW,1285,0.16545777673137776
MILO_LW,1286,0.017100588266961838
MILO_LW,1287,0.03209608711103851
MILO_LW,1288,0.017100588266961838
MILO_LW,1289,0.10755063820229678
MILO_LW,1290,0.08302295063535932
MILO_LW,1291,0.08302295063535932
MILO_LW,1292,0.20957365940416461
MILO_LW,1293,0.02490653127800772
MILO_LW,1294,0.185876928026465
MILO_LW,1295,0.02215286138683804
MILO_LW,1296,0.03702235235906019
MILO_LW,1297,0.1333568070889668
MILO_LW,1298,0.10976757028932176
MILO_LW,1299,0.10976757028932176
MILO_LW,1300,0.11969313512138655
MILO_LW,1301,0.10948898417870025
MILO_LW,1302,0.047999545321811145
MILO_LW,1303,0.047999545321811145
MILO_LW,1304,0.047999545321811145
MILO_LW,1305,0.05541445183302315
MILO_LW,1306,0.12263972801288282
MILO_LW,1307,0.12263972801288282
MILO_LW,1308,0.02188346560266784
MILO_LW,1309,0.02507901083001851
MILO_LW,1310,0.022009328493784622
MILO_LW,1311,0.019463136890191364
MILO_LW,1312,0.03596601215746876
MILO_LW,1313,0.06857132868287895
MILO_LW,1314,0.009584504743241308
MILO_LW,1315,0.009584504743241308
MILO_LW,1316,0.07601524057645691
MILO_LW,1317,0.07601524057645691
MILO_LW,1318,0.1137646257666819
MILO_LW,1319,0.13776193600293762
MILO_LW,1320,0.08434468402216236
MILO_LW,1321,0.03406060220561541
MILO_LW,1322,0.03406060220561541
MILO_LW,1323,0.03406060220561541
MILO_LW,1324,0.035027588711813946
MILO_LW,1325,0.020797813805939452
MILO_LW,1326,0.020797813805939452
MILO_LW,1327,0.020797813805939452
MILO_LW,1328,0.13872112972819012
MILO_LW,1329,0.1738221514533002
MILO_LW,1330,0.1496796378929083
MILO_LW,1331,0.14738232240772572
MILO_LW,1332,0.14738232240772572
MILO_LW,1333,0.1496796378929083
MILO_LW,1334,0.2523686062695091
MILO_LW,1335,0.2373304581237701
MILO_LW,1336,0.07219683544876265
MILO_LW,1337,0.027353167471482157
MILO_LW,1338,0.04076200010592447
MILO_LW,1339,0.044473374730055554
MILO_LW,1340,0.044473374730055554
MILO_LW,1341,0.049203156075972906
MILO_LW,1342,0.043962450163490756
MILO_LW,1343,0.058683749171449806
MILO_LW,1344,0.0740039023013154
MILO_LW,1345,0.14740135986825414
MILO_LW,1346,0.14200780626338064
MILO_LW,1347,0.10445561600487994
MILO_LW,1348,0.1817655126616236
MILO_LW,1349,0.1817655126616236
MILO_LW,1350,0.09992464023491054
MILO_LW,1351,0.09992464023491054
MILO_LW,1352,0.1489114090757768
MILO_LW,1353,0.09117188563096285
MILO_LW,1354,0.09117188563096285
MILO_LW,1355,0.09117188563096285
MILO_LW,1356,0.16788005110547483
MILO_LW,1357,0.10245008382271682
MILO_LW,1358,0.10526836957380707
MILO_LW,1359,0.10245008382271682
MILO_LW,1360,0.07851021878034976
MILO_LW,1361,0.07851021878034976
MILO_LW,1362,0.11866129613953245
MILO_LW,1363,0.11866129613953245
MILO_LW,1364,0.15292416604357711
MILO_LW,1365,0.07876107507620524
MILO_LW,1366,0.07944619857527867
MILO_LW,1367,0.025301921180628784
MILO_LW,1368,0.025301921180628784
MILO_LW,1369,0.025301921180628784
MILO_LW,1370,0.07970374051886277
MILO_LW,1371,0.07302865615604225
MILO_LW,1372,0.07302865615604225
MILO_LW,1373,0.0864131614204248
MILO_LW,1374,0.10208343389713245
MILO_LW,1375,0.053938972061669234
MILO_LW,1376,0.053938972061669234
MILO_LW,1377,0.09024985483498621
MILO_LW,1378,0.1644384433674423
MILO_LW,1379,0.12571336449577514
MILO_LW,1380,0.12571336449577514
MILO_LW,1381,0.1172860043880147
MILO_LW,1382,0.1172860043880147
MILO_LW,1383,0.24832259480772104
MILO_LW,1384,0.07270959428626149
MILO_LW,1385,0.3323675725914184
MILO_LW,1386,0.057934044409570215
MILO_LW,1387,0.12388645917344934
MILO_LW,1388,0.12388645917344934
MILO_LW,1389,0.12388645917344934
MILO_LW,1390,0.24581188363441622
MILO_LW,1391,0.09783988423368697
MILO_LW,1392,0.09783988423368697
MILO_LW,1393,0.21135693674321468
MILO_LW,1394,0.3019637862408733
MILO_LW,1395,0.14653194038133746
MILO_LW,1396,0.14653194038133746
MILO_LW,1397,0.2446286681524123
MILO_LW,1398,0.2330497719161296
MILO_LW,1399,0.143470914923316
MILO_LW,1400,0.07953109523030684
MILO_LW,1401,0.07498297979937787
MILO_LW,1402,0.13610013630581708
MILO_LW,1403,0.10158992794782003
MILO_LW,1404,0.10226974246130124
MILO_LW,1405,0.10809450889250162
MILO_LW,1406,0.10226974246130124
MILO_LW,1407,0.11910173780989976
MILO_LW,1408,0.11910173780989976
MILO_LW,1409,0.06752705886755225
MILO_LW,1410,0.09088208612125903
MILO_LW,1411,0.09088208612125903
MILO_LW,1412,0.09309299112350011
MILO_LW,1413,0.09309299112350011
MILO_LW,1414,0.03688203262792677
MILO_LW,1415,0.06824357547897694
MILO_LW,1416,0.06824357547897694
MILO_LW,1417,0.06824357547897694
MILO_LW,1418,0.03295700216817711
MILO_LW,1419,0.029329333882692887
MILO_LW,1420,0.017540733681189195
MILO_LW,1421,0.029555861224409393
MILO_LW,1422,0.042222529711535596
MILO_LW,1423,0.029811913891681426
MILO_LW,1424,0.029811913891681426
MILO_LW,1425,0.14177676616649035
MILO_LW,1426,0.10161768766170713
MILO_LW,1427,0.07672742706031739
MILO_LW,1428,0.09898904676351486
MILO_LW,1429,0.15145652999531692
MILO_LW,1430,0.22814410670450735
MILO_LW,1431,0.22814410670450735
MILO_LW,1432,0.12637300757190853
MILO_LW,1433,0.1306888714586259
MILO_LW,1434,0.05366296877153495
MILO_LW,1435,0.08079632521256043
MILO_LW,1436,0.08079632521256043
MILO_LW,1437,0.08680985805915732
MILO_LW,1438,0.08882487385921486
MILO_LW,1439,0.19014208024457377
MILO_LW,1440,0.1665370074227157
MILO_LW,1441,0.2118690610249699
MILO_LW,1442,0.2118690610249699
MILO_LW,1443,0.2124108169754232
MILO_LW,1444,0.11190056915305119
MILO_LW,1445,0.15443674060896756
MILO_LW,1446,0.14329730877093988
MILO_LW,1447,0.11304100594983377
MILO_LW,1448,0.14887206733997327
MILO_LW,1449,0.14887206733997327
MILO_LW,1450,0.04410842124939921
MILO_LW,1451,0.17006289929818572
MILO_LW,1452,0.1628267081252301
MILO_LW,1453,0.19893317573206296
MILO_LW,1454,0.19893317573206296
MILO_LW,1455,0.22476843175971575
MILO_LW,1456,0.16298196554038805
MILO_LW,1457,0.16298196554038805
MILO_LW,1458,0.11686485317814369
MILO_LW,1459,0.12420232665891678
MILO_LW,1460,0.11340164899119433
MILO_LW,1461,0.11340164899119433
MILO_LW,1462,0.13907562636726323
MILO_LW,1463,0.13419839718446336
MILO_LW,1464,0.22223499828752907
MILO_LW,1465,0.12836269029426348
MILO_LW,1466,0.12836269029426348
MILO_LW,1467,0.16899956482521922
MILO_LW,1468,0.11780445293301316
MILO_LW,1469,0.06077821396640269
MILO_LW,1470,0.05476830500947269
MILO_LW,1471,0.11025220726548761
MILO_LW,1472,0.11025220726548761
MILO_LW,1473,0.07274435511223325
MILO_LW,1474,0.07138730742229525
MILO_LW,1475,0.0588024275917036
MILO_LW,1476,0.07138730742229525
MILO_LW,1477,0.15326068377239274
MILO_LW,1478,0.12070062650010142
MILO_LW,1479,0.059664609146521115
MILO_LW,1480,0.12070062650010142
MILO_LW,1481,0.059664609146521115
MILO_LW,1482,0.059664609146521115
MILO_LW,1483,0.09596637660467867
MILO_LW,1484,0.15829637026834234
MILO_LW,1485,0.0739577987158393
MILO_LW,1486,0.14189875224556908
MILO_LW,1487,0.14189875224556908
MILO_LW,1488,0.14715900221538725
MILO_LW,1489,0.14189875224556908
MILO_LW,1490,0.1098541086905379
MILO_LW,1491,0.06393680382758703
MILO_LW,1492,0.17979007423445836
MILO_LW,1493,0.17979007423445836
MILO_LW,1494,0.17979007423445836
MILO_LW,1495,0.20514789507889275
MILO_LW,1496,0.030829385589263084
MILO_LW,1497,0.032798946080766916
MILO_LW,1498,0.12637476245849133
MILO_LW,1499,0.1090063641239025
MILO_LW,1500,0.1090063641239025
MILO_LW,1501,0.15035252166439328
MILO_LW,1502,0.15035252166439328
MILO_LW,1503,0.14466845238996884
MILO_LW,1504,0.24089605636647457
MILO_LW,1505,0.18768849640140525
MILO_LW,1506,0.18768849640140525
MILO_LW,1507,0.1840786566974401
MILO_LW,1508,0.1302478730712053
MILO_LW,1509,0.1302478730712053
MILO_LW,1510,0.05844526729477457
MILO_LW,1511,0.17758981534241008
MILO_LW,1512,0.1555682982728372
MILO_LW,1513,0.1555682982728372
MILO_LW,1514,0.04628905443107986
MILO_LW,1515,0.04628905443107986
MILO_LW,1516,0.12973098200801933
MILO_LW,1517,0.11555867397034653
MILO_LW,1518,0.11555867397034653
MILO_LW,1519,0.11555867397034653
MILO_LW,1520,0.1524385120641584
MILO_LW,1521,0.1644288642939539
MILO_LW,1522,0.050139997341175566
MILO_LW,1523,0.050139997341175566
MILO_LW,1524,0.11781342034947649
MILO_LW,1525,0.10442286788842758
MILO_LW,1526,0.10818383190071354
MILO_LW,1527,0.05227800743194274
MILO_LW,1528,0.12132959178470291
MILO_LW,1529,0.16513019199248938
MILO_LW,1530,0.16788280801949063
MILO_LW,1531,0.3023098531387906
MILO_LW,1532,0.2820470947464428
MILO_LW,1533,0.06738280598595861
MILO_LW,1534,0.038725201737937566
MILO_LW,1535,0.03912109628106283
MILO_LW,1536,0.026875525100297497
MILO_LW,1537,0.09102658575350009
MILO_LW,1538,0.13158258205624185
MILO_LW,1539,0.0533259596117637
MILO_LW,1540,0.0533259596117637
MILO_LW,1541,0.0854568255549891
MILO_LW,1542,0.04169105237508304
MILO_LW,1543,0.05115030375297826
MILO_LW,1544,0.04215026944516537
MILO_LW,1545,0.06310070685075093
MILO_LW,1546,0.10304457945280204
MILO_LW,1547,0.027453959298234073
MILO_LW,1548,0.03367260175854949
MILO_LW,1549,0.027453959298234073
MILO_LW,1550,0.03367260175854949
MILO_LW,1551,0.08058606391205733
MILO_LW,1552,0.13742946884163526
MILO_LW,1553,0.13742946884163526
MILO_LW,1554,0.18579488292709795
MILO_LW,1555,0.18579488292709795
MILO_LW,1556,0.09084146629282631
MILO_LW,1557,0.2047808551514347
MILO_LW,1558,0.1167099440552893
MILO_LW,1559,0.1167099440552893
MILO_LW,1560,0.2047808551514347
MILO_LW,1561,0.19164720723476214
MILO_LW,1562,0.19164720723476214
MILO_LW,1563,0.18040219870411814
MILO_LW,1564,0.11287886983313494
MILO_LW,1565,0.04414343139506485
MILO_LW,1566,0.04414343139506485
MILO_LW,1567,0.04414343139506485
MILO_LW,1568,0.028995825772924904
MILO_LW,1569,0.06927967090645334
MILO_LW,1570,0.06927967090645334
MILO_LW,1571,0.14045641279477594
MILO_LW,1572,0.14072238471924492
MILO_LW,1573,0.14580819353387212
MILO_LW,1574,0.06362534288673306
MILO_LW,1575,0.06362534288673306
MILO_LW,1576,0.08188906212782689
MILO_LW,1577,0.13735056401732826
MILO_LW,1578,0.13735056401732826
MILO_LW,1579,0.07448312714386476
MILO_LW,1580,0.07448312714386476
MILO_LW,1581,0.0962129272282541
MILO_LW,1582,0.06168522395429524
MILO_LW,1583,0.12383412186128656
MILO_LW,1584,0.09230202872041281
MILO_LW,1585,0.09458342696093498
MILO_LW,1586,0.09150466674875057
MILO_LW,1587,0.03410288573314968
MILO_LW,1588,0.05158090722613007
MILO_LW,1589,0.05158090722613007
MILO_LW,1590,0.03985436502039284
MILO_LW,1591,0.05732399437530536
MILO_LW,1592,0.04656523440649441
MILO_LW,1593,0.11919510685225258
MILO_LW,1594,0.1672107654382993
MILO_LW,1595,0.24784751770587465
MILO_LW,1596,0.128233454128465
MILO_LW,1597,0.0807871228423432
MILO_LW,1598,0.19274485583577694
MILO_LW,1599,0.19274485583577694
MILO_LW,1600,0.04613659152545697
MILO_LW,1601,0.03494566695722567
MILO_LW,1602,0.0413000843933036
MILO_LW,1603,0.02554637728185336
MILO_LW,1604,0.02554637728185336
MILO_LW,1605,0.014520531457374058
MILO_LW,1606,0.028034993323856748
MILO_LW,1607,0.16947065569081132
MILO_LW,1608,0.18942214130456136
MILO_LW,1609,0.18942214130456136
MILO_LW,1610,0.2506805763393817
MILO_LW,1611,0.1608302240913514
MILO_LW,1612,0.21605436321319726
MILO_LW,1613,0.1608302240913514
MILO_LW,1614,0.05234560466312326
MILO_LW,1615,0.11214361781562526
MILO_LW,1616,0.1428893551155938
MILO_LW,1617,0.1428893551155938
MILO_LW,1618,0.08353881182146451
MILO_LW,1619,0.06935172430403404
MILO_LW,1620,0.08540320398259532
MILO_LW,1621,0.08540320398259532
MILO_LW,1622,0.09091341124754111
MILO_LW,1623,0.13616237421562957
MILO_LW,1624,0.13148389726552911
MILO_LW,1625,0.048157313738459155
MILO_LW,1626,0.048771074883182414
MILO_LW,1627,0.08136467275609922
MILO_LW,1628,0.07967068890866699
MILO_LW,1629,0.07967068890866699
MILO_LW,1630,0.11714690298596026
MILO_LW,1631,0.07526293065741167
MILO_LW,1632,0.07526293065741167
MILO_LW,1633,0.07408419201425366
MILO_LW,1634,0.07486275822006117
MILO_LW,1635,0.13136037554010693
MILO_LW,1636,0.12444287875089521
MILO_LW,1637,0.12052350558685003
MILO_LW,1638,0.1448724890948076
MILO_LW,1639,0.08505685039459668
MILO_LW,1640,0.051059760579554775
MILO_LW,1641,0.0465846768025484
MILO_LW,1642,0.0465846768025484
MILO_LW,1643,0.053311592992476765
MILO_LW,1644,0.053311592992476765
MILO_LW,1645,0.10188983388486053
MILO_LW,1646,0.07328311919049937
MILO_LW,1647,0.09426836000523162
MILO_LW,1648,0.0950993970316141
MILO_LW,1649,0.1706645472129484
MILO_LW,1650,0.0741255304130731
MILO_LW,1651,0.19117140205673308
MILO_LW,1652,0.34239965127523203
MILO_LW,1653,0.05360239168745336
MILO_LW,1654,0.09692872614395094
MILO_LW,1655,0.15522437937780564
MILO_LW,1656,0.14917339386731562
MILO_LW,1657,0.0704382707160305
MILO_LW,1658,0.09648751709797392
MILO_LW,1659,0.0704382707160305
MILO_LW,1660,0.020812054054991782
MILO_LW,1661,0.0861007187470139
MILO_LW,1662,0.10438029272261382
MILO_LW,1663,0.09918306731535499
MILO_LW,1664,0.10775350338157952
MILO_LW,1665,0.07445575896810466
MILO_LW,1666,0.11050060442128486
MILO_LW,1667,0.19133422262289898
MILO_LW,1668,0.1299135553627184
MILO_LW,1669,0.10920319414238255
MILO_LW,1670,0.10920319414238255
MILO_LW,1671,0.23248237199984426
MILO_LW,1672,0.1332286969232174
MILO_LW,1673,0.08162661909496143
MILO_LW,1674,0.12339669555930077
MILO_LW,1675,0.051890180280100624
MILO_LW,1676,0.051890180280100624
MILO_LW,1677,0.05102460552042459
MILO_LW,1678,0.09399191675130854
MILO_LW,1679,0.1452139004515443
MILO_LW,1680,0.37121004448583345
MILO_LW,1681,0.18600834433751268
MILO_LW,1682,0.26465322950177794
MILO_LW,1683,0.18600834433751268
MILO_LW,1684,0.09214234520870435
MILO_LW,1685,0.10801413098866837
MILO_LW,1686,0.07627971701706646
MILO_LW,1687,0.033887515253391155
MILO_LW,1688,0.04842595978182403
MILO_LW,1689,0.04842595978182403
MILO_LW,1690,0.05176925534282733
MILO_LW,1691,0.03724367547928699
MILO_LW,1692,0.005245801593964838
MILO_LW,1693,0.0035650757709491487
MILO_LW,1694,0.005253002618461987
MILO_LW,1695,0.07991666511620353
MILO_LW,1696,0.07553262240838866
MILO_LW,1697,0.06503542682705077
MILO_LW,1698,0.11761183516769622
MILO_LW,1699,0.10723239304266696
MILO_LW,1700,0.10723239304266696
MILO_LW,1701,0.06832581652119572
MILO_LW,1702,0.08347286991889558
MILO_LW,1703,0.08347286991889558
MILO_LW,1704,0.03858832212513618
MILO_LW,1705,0.09256971350756783
MILO_LW,1706,0.13022456722298653
MILO_LW,1707,0.08031682577696092
MILO_LW,1708,0.0322059262195101
MILO_LW,1709,0.034669910760378286
MILO_LW,1710,0.05754854821864445
MILO_LW,1711,0.05754854821864445
MILO_LW,1712,0.12534595274664626
MILO_LW,1713,0.1614788597409742
MILO_LW,1714,0.26077739074838796
MILO_LW,1715,0.1786263628659315
MILO_LW,1716,0.07136353219503694
MILO_LW,1717,0.08457172706825371
MILO_LW,1718,0.06637628650323389
MILO_LW,1719,0.0652445841232609
MILO_LW,1720,0.0652445841232609
MILO_LW,1721,0.07828429800948848
MILO_LW,1722,0.011813451624186174
MILO_LW,1723,0.06626627533346226
MILO_LW,1724,0.040963707036246896
MILO_LW,1725,0.049388183723329745
MILO_LW,1726,0.049388183723329745
MILO_LW,1727,0.049388183723329745
MILO_LW,1728,0.049388183723329745
MILO_LW,1729,0.15123380361055938
MILO_LW,1730,0.19203934359742786
MILO_LW,1731,0.09009455597347403
MILO_LW,1732,0.12916866565149934
MILO_LW,1733,0.12916866565149934
MILO_LW,1734,0.0639411759922379
MILO_LW,1735,0.11203122398654804
MILO_LW,1736,0.11044175085993656
MILO_LW,1737,0.03787598121074764
MILO_LW,1738,0.011438258317596432
MILO_LW,1739,0.011438258317596432
MILO_LW,1740,0.015721091285255957
MILO_LW,1741,0.09430642961225691
MILO_LW,1742,0.10103213539915519
MILO_LW,1743,0.05395202628330429
MILO_LW,1744,0.07339418731747194
MILO_LW,1745,0.10869426726104361
MILO_LW,1746,0.07448526261771271
MILO_LW,1747,0.07448526261771271
MILO_LW,1748,0.051314202670807406
MILO_LW,1749,0.0876901019513881
MILO_LW,1750,0.0876901019513881
MILO_LW,1751,0.06571744540578639
MILO_LW,1752,0.1276806484440054
MILO_LW,1753,0.1581806124409183
MILO_LW,1754,0.16469995598105006
MILO_LW,1755,0.16469995598105006
MILO_LW,1756,0.08260209452873704
MILO_LW,1757,0.025840612946711892
MILO_LW,1758,0.025840612946711892
MILO_LW,1759,0.05941987277296498
MILO_LW,1760,0.060357078071020774
MILO_LW,1761,0.0580692477144075
MILO_LW,1762,0.03978738676033175
MILO_LW,1763,0.058964010734478975
MILO_LW,1764,0.03978738676033175
MILO_LW,1765,0.1080513012476642
MILO_LW,1766,0.1080513012476642
MILO_LW,1767,0.0867947738765953
MILO_LW,1768,0.10824559818397851
MILO_LW,1769,0.08659935609238106
MILO_LW,1770,0.02991703638980475
MILO_LW,1771,0.07940950859699719
MILO_LW,1772,0.0712033669609931
MILO_LW,1773,0.07940950859699719
MILO_LW,1774,0.07873884947191205
MILO_LW,1775,0.07873884947191205
MILO_LW,1776,0.060373522015885854
MILO_LW,1777,0.06912606408034927
MILO_LW,1778,0.08679605794558051
MILO_LW,1779,0.1353744648981965
MILO_LW,1780,0.2273266687610976
MILO_LW,1781,0.07539388162940797
MILO_LW,1782,0.12909192342102022
MILO_LW,1783,0.12909192342102022
MILO_LW,1784,0.12487919021595138
MILO_LW,1785,0.10361010818353114
MILO_LW,1786,0.19237330625566917
MILO_LW,1787,0.19237330625566917
MILO_LW,1788,0.19909507366572207
MILO_LW,1789,0.19237330625566917
MILO_LW,1790,0.24437292197379176
MILO_LW,1791,0.141626153094685
MILO_LW,1792,0.2593672058241019
MILO_LW,1793,0.25661426709481305
MILO_LW,1794,0.14186721771332714
MILO_LW,1795,0.09035327036113631
SGD,5,1.0
SGD,6,0.7131172842098472
SGD,7,0.3348267971088403
SGD,8,0.1829266959802846
SGD,9,0.274179119336943
SGD,10,0.13079765754938674
SGD,11,0.13079765754938674
SGD,12,0.13079765754938674
SGD,13,0.26823312910586583
SGD,14,0.473657828115627
SGD,15,0.315550678561081
SGD,16,0.4125245005736442
SGD,17,0.43853545933171484
SGD,18,0.3254826261355504
SGD,19,0.3092677394497178
SGD,20,0.49669053855208456
SGD,21,0.5348895286217371
SGD,22,0.42433933589213035
SGD,23,0.4519113464232664
SGD,24,0.5064567624703107
SGD,25,0.5462328523956688
SGD,26,0.513752953878536
SGD,27,0.43888194344051484
SGD,28,0.5633421606261787
SGD,29,0.3153679604033064
SGD,30,0.2969096666501901
SGD,31,0.3152419390871109
SGD,32,0.36380002070579287
SGD,33,0.3700352426061469
SGD,34,0.08684324165098305
SGD,35,0.05995514097751477
SGD,36,0.08794131379248465
SGD,37,0.35466503878704275
SGD,38,0.16798750640788038
SGD,39,0.10812116947628887
SGD,40,0.10812116947628887
SGD,41,0.22871716191466032
SGD,42,0.22871716191466032
SGD,43,0.1406122628780282
SGD,44,0.1406122628780282
SGD,45,0.21774706690681048
SGD,46,0.18763225380768936
SGD,47,0.5764113019987663
SGD,48,0.5950907460215481
SGD,49,0.6525191167209137
SGD,50,0.5961637979249833
SGD,51,0.5961637979249833
SGD,52,0.32682550115144093
SGD,53,0.3546706604356951
SGD,54,0.14178772111257
SGD,55,0.09077098923864524
SGD,56,0.48506873104470094
SGD,57,0.388411786842824
SGD,58,0.388411786842824
SGD,59,0.29340430121792205
SGD,60,0.43796336332281743
SGD,61,0.42326225396730993
SGD,62,0.4452325318978781
SGD,63,0.47568393226206906
SGD,64,0.6811842770849392
SGD,65,0.47568393226206906
SGD,66,0.42415389124924857
SGD,67,0.5667285357388488
SGD,68,0.42027093151008865
SGD,69,0.19579280859647416
SGD,70,0.19769851343668043
SGD,71,0.40564302086503895
SGD,72,0.19223419567714967
SGD,73,0.40564302086503895
SGD,74,0.05068489712152143
SGD,75,0.1977962661643944
SGD,76,0.13254748906134753
SGD,77,0.13254748906134753
SGD,78,0.1974451983756097
SGD,79,0.42529616865080727
SGD,80,0.48820035764640324
SGD,81,0.2843443706766133
SGD,82,0.19789671023230457
SGD,83,0.2821365784449879
SGD,84,0.25962103035442685
SGD,85,0.1588382428265194
SGD,86,0.2502784835588606
SGD,87,0.5467363769424534
SGD,88,0.3923524333667181
SGD,89,0.21754748907425578
SGD,90,0.3923524333667181
SGD,91,0.527852899097608
SGD,92,0.10973357026343354
SGD,93,0.45553880916056616
SGD,94,0.18589513782582281
SGD,95,0.45553880916056616
SGD,96,0.12414653288512593
SGD,97,0.14363313307812373
SGD,98,0.5323002040760868
SGD,99,0.5323002040760868
SGD,100,0.6562250781520912
SGD,101,0.7850778298482335
SGD,102,0.754902820066234
SGD,103,0.3031064426483877
SGD,104,0.3031064426483877
SGD,105,0.426777166110605
SGD,106,0.426777166110605
SGD,107,0.22479269786728967
SGD,108,0.22479269786728967
SGD,109,0.16263029011999364
SGD,110,0.2532881250317258
SGD,111,0.22315813327686018
SGD,112,0.2532881250317258
SGD,113,0.21108362202271283
SGD,114,0.14658634616231944
SGD,115,0.3689081724634599
SGD,116,0.43129936014466685
SGD,117,0.25268765194989684
SGD,118,0.25268765194989684
SGD,119,0.6986597387336113
SGD,120,0.3329119408987492
SGD,121,0.2751360449997752
SGD,122,0.24797489837950823
SGD,123,0.257143107411536
SGD,124,0.257143107411536
SGD,125,0.257143107411536
SGD,126,0.281562548196433
SGD,127,0.4373271781844739
SGD,128,0.29203312190842035
SGD,129,0.29344207579837345
SGD,130,0.5643334207738534
SGD,131,0.8939003947545571
SGD,132,0.3294354478375537
SGD,133,0.2939974554702505
SGD,134,0.34588934047035963
SGD,135,0.34588934047035963
SGD,136,0.45183456717025117
SGD,137,0.45183456717025117
SGD,138,0.4242716390394842
SGD,139,0.20370745936087115
SGD,140,0.1293797730086052
SGD,141,0.5341206195371725
SGD,142,0.4882820395840806
SGD,143,0.4882820395840806
SGD,144,0.4882820395840806
SGD,145,0.40390528764064865
SGD,146,0.40390528764064865
SGD,147,0.30162364985705153
SGD,148,0.18348156936663604
SGD,149,0.5314450477876531
SGD,150,0.5314450477876531
SGD,151,0.18912172107580036
SGD,152,0.5314450477876531
SGD,153,0.4220810009767011
SGD,154,0.6282871922628825
SGD,155,0.6282871922628825
SGD,156,0.9905545177246322
SGD,157,1.0566147920603408
SGD,158,0.895769799471904
SGD,159,0.55812741292101
SGD,160,0.6068239361038805
SGD,161,0.46921108688148294
SGD,162,0.37383264838941926
SGD,163,0.20747721038388575
SGD,164,0.3078357474905491
SGD,165,0.4670866022398488
SGD,166,0.15696233160121859
SGD,167,0.220090165163475
SGD,168,0.220090165163475
SGD,169,0.26177730527509513
SGD,170,0.2607434067745877
SGD,171,0.5960809845886068
SGD,172,0.2747536596308448
SGD,173,0.3345432528023436
SGD,174,0.3345432528023436
SGD,175,0.5830965597380788
SGD,176,0.45563467118015766
SGD,177,0.28696116263769583
SGD,178,0.28696116263769583
SGD,179,0.28696116263769583
SGD,180,0.8435742924988302
SGD,181,0.9033439133112299
SGD,182,0.31205134280978264
SGD,183,0.1825681354671353
SGD,184,0.1825681354671353
SGD,185,0.2771510011533848
SGD,186,0.5671295942473993
SGD,187,0.2945553111514017
SGD,188,0.16539972142411016
SGD,189,0.16539972142411016
SGD,190,0.20480148154588462
SGD,191,0.20337206359025117
SGD,192,0.20337206359025117
SGD,193,0.20337206359025117
SGD,194,0.7804320615367455
SGD,195,0.3036227731445768
SGD,196,0.3036227731445768
SGD,197,0.20159731556386998
SGD,198,0.1959184450301079
SGD,199,0.2767725483753046
SGD,200,0.5425044789351372
SGD,201,0.5380949520083018
SGD,202,0.3791062515705764
SGD,203,0.1735670198570419
SGD,204,0.13855085762449176
SGD,205,0.31557550593036615
SGD,206,0.13855085762449176
SGD,207,0.2745990658961946
SGD,208,0.39657289680027286
SGD,209,0.20307449332434552
SGD,210,0.09526877443657787
SGD,211,0.02942351955998572
SGD,212,0.09659187567414884
SGD,213,0.09659187567414884
SGD,214,0.21543723998502057
SGD,215,0.19296382469395998
SGD,216,0.19296382469395998
SGD,217,0.967321845207476
SGD,218,0.967321845207476
SGD,219,0.920438153120715
SGD,220,0.920438153120715
SGD,221,0.5138074383278983
SGD,222,0.2257056484966393
SGD,223,0.1968313395532122
SGD,224,0.13675880199337573
SGD,225,0.13675880199337573
SGD,226,0.3374605021791706
SGD,227,0.0547820714101994
SGD,228,0.10801561591084316
SGD,229,0.6052980198444449
SGD,230,0.6052980198444449
SGD,231,0.49543973348058956
SGD,232,0.49543973348058956
SGD,233,0.7638438339063568
SGD,234,0.7638438339063568
SGD,235,0.494055467782816
SGD,236,0.494055467782816
SGD,237,0.6668712315672721
SGD,238,0.3553826853187288
SGD,239,0.6668712315672721
SGD,240,0.6668712315672721
SGD,241,0.8078424873129377
SGD,242,0.2320688631846722
SGD,243,0.2320688631846722
SGD,244,1.2634359997997915
SGD,245,1.06920591575825
SGD,246,0.7785649215810954
SGD,247,0.5850417714307419
SGD,248,0.7989715338040166
SGD,249,0.26529143130543825
SGD,250,0.14486197668327622
SGD,251,0.3270610960631963
SGD,252,0.6881494715080619
SGD,253,0.3270610960631963
SGD,254,0.10654743558233638
SGD,255,0.4754584052489243
SGD,256,0.30034426738297904
SGD,257,0.2879111583661914
SGD,258,0.3198222293777831
SGD,259,0.3198222293777831
SGD,260,0.16376181831161085
SGD,261,0.134935094639133
SGD,262,0.2441496782743334
SGD,263,0.2441496782743334
SGD,264,0.3743479955559176
SGD,265,0.6809097808019642
SGD,266,0.21080249962964612
SGD,267,0.736883469750821
SGD,268,0.9342179867374211
SGD,269,0.7886868106871936
SGD,270,0.8972545766824983
SGD,271,0.04807037031180647
SGD,272,0.04807037031180647
SGD,273,0.30632239883777773
SGD,274,0.37282780461913656
SGD,275,0.5759881987769631
SGD,276,0.4273348262970712
SGD,277,0.10007738051222276
SGD,278,0.16803467885658063
SGD,279,0.10007738051222276
SGD,280,0.3162643105727563
SGD,281,0.7622542087265708
SGD,282,0.7622542087265708
SGD,283,0.20246838459008876
SGD,284,0.41514065067643596
SGD,285,0.39597509547815407
SGD,286,0.03412711528285376
SGD,287,0.3852855998708635
SGD,288,0.618867534863883
SGD,289,0.9035322214012592
SGD,290,0.6673660281005924
SGD,291,0.22353749267014045
SGD,292,0.22353749267014045
SGD,293,0.24963250849414725
SGD,294,0.27793976386413743
SGD,295,0.2043198967059894
SGD,296,0.14489522351475873
SGD,297,0.2043198967059894
SGD,298,0.19558283355633516
SGD,299,0.3445526732070107
SGD,300,0.6804747476538419
SGD,301,0.41681274554929965
SGD,302,0.25655503688544423
SGD,303,0.25655503688544423
SGD,304,0.259048873935141
SGD,305,0.4098848277248807
SGD,306,0.3325332151610575
SGD,307,0.2778534520370143
SGD,308,0.604034097372823
SGD,309,0.604034097372823
SGD,310,0.6813934802375828
SGD,311,0.8561861872555996
SGD,312,0.8561861872555996
SGD,313,0.45989300832742663
SGD,314,0.45989300832742663
SGD,315,0.45989300832742663
SGD,316,0.5632493656864679
SGD,317,0.5632493656864679
SGD,318,0.3053808365525222
SGD,319,0.12283219986550203
SGD,320,0.19796246741418386
SGD,321,0.20132480679040432
SGD,322,0.20132480679040432
SGD,323,0.5147876025114888
SGD,324,0.5147876025114888
SGD,325,0.28496318437769846
SGD,326,0.37616476231155394
SGD,327,0.4415744394176587
SGD,328,0.6377834914657764
SGD,329,0.5322046274598526
SGD,330,0.7867789114175417
SGD,331,0.28624012451787134
SGD,332,0.19218822764485835
SGD,333,0.05412032444631549
SGD,334,0.1781289843492952
SGD,335,0.1781289843492952
SGD,336,0.12747949129920394
SGD,337,0.4140683864757275
SGD,338,0.36064778283777416
SGD,339,0.49702668170500264
SGD,340,0.4316525280996869
SGD,341,0.33584755206839834
SGD,342,0.2053102420099616
SGD,343,0.5633115264652633
SGD,344,0.412652476894037
SGD,345,0.3901689837719145
SGD,346,0.3901689837719145
SGD,347,0.29214147418660563
SGD,348,0.29214147418660563
SGD,349,0.25629819059698566
SGD,350,0.26610436086280703
SGD,351,0.06153844483020966
SGD,352,0.061264352820825416
SGD,353,0.12389906490879771
SGD,354,0.2330632970820886
SGD,355,0.22520799362992636
SGD,356,0.22520799362992636
SGD,357,0.2174361627413643
SGD,358,0.22520799362992636
SGD,359,0.3059757821211947
SGD,360,0.6115395750430191
SGD,361,0.5747961481272179
SGD,362,0.823420602934516
SGD,363,0.823420602934516
SGD,364,0.6937845438316069
SGD,365,0.29784675277922024
SGD,366,0.22760243277654252
SGD,367,0.2608590493456181
SGD,368,0.2608590493456181
SGD,369,0.6183044042495486
SGD,370,1.0865318751494737
SGD,371,0.5009258980970656
SGD,372,0.5009258980970656
SGD,373,0.314538890984229
SGD,374,0.3896179454126463
SGD,375,0.5742636429655744
SGD,376,0.5847304385638851
SGD,377,0.6895149095614005
SGD,378,0.6384030265972424
SGD,379,0.5293303049837352
SGD,380,0.2791793760112234
SGD,381,0.22890322589563827
SGD,382,0.22890322589563827
SGD,383,0.3294276115713357
SGD,384,0.2710809215711354
SGD,385,0.2710809215711354
SGD,386,0.4468807248729973
SGD,387,0.41990082996727374
SGD,388,0.4688444067047423
SGD,389,0.1592327240181985
SGD,390,0.7567619238120934
SGD,391,0.8786838700255296
SGD,392,0.5222358139047034
SGD,393,0.329981204775625
SGD,394,0.329981204775625
SGD,395,0.329981204775625
SGD,396,1.0072926474927528
SGD,397,0.5999529290100424
SGD,398,0.5999529290100424
SGD,399,0.7956651650227464
SGD,400,0.7956651650227464
SGD,401,0.5688441495757924
SGD,402,0.9089751824770463
SGD,403,0.6344930241513203
SGD,404,0.07149650630611919
SGD,405,0.07149650630611919
SGD,406,0.24084384070577983
SGD,407,0.7825561939836747
SGD,408,0.7293861960849458
SGD,409,0.7293861960849458
SGD,410,0.4823234974889784
SGD,411,0.17248806333934164
SGD,412,0.2515355361886842
SGD,413,0.8950593823529955
SGD,414,0.5663318325366533
SGD,415,0.3519755389382142
SGD,416,0.31706594786532877
SGD,417,0.44912895477702514
SGD,418,0.18258432330544266
SGD,419,0.18258432330544266
SGD,420,0.25808721110912125
SGD,421,0.4655577983256002
SGD,422,0.4363492648532937
SGD,423,0.4363492648532937
SGD,424,0.2972345674236039
SGD,425,0.7949806796510392
SGD,426,0.7748665633026723
SGD,427,0.46264408087623343
SGD,428,0.2886291422951301
SGD,429,0.2886291422951301
SGD,430,0.46264408087623343
SGD,431,0.33729201441817
SGD,432,0.5703068000182654
SGD,433,0.5310634690270538
SGD,434,0.336552475773766
SGD,435,0.3143485632081007
SGD,436,0.06475054446892062
SGD,437,0.3292288485957664
SGD,438,0.312716497032438
SGD,439,0.39704448288368016
SGD,440,0.3496827651408394
SGD,441,0.3496827651408394
SGD,442,0.6312077927071493
SGD,443,0.5931065231605237
SGD,444,0.2236504615630681
SGD,445,0.25255885804248457
SGD,446,0.319010070244714
SGD,447,0.42191957583191503
SGD,448,0.4491679325870401
SGD,449,0.04991433876974548
SGD,450,0.04991433876974548
SGD,451,0.3108166405345462
SGD,452,0.40863179582333287
SGD,453,0.258930398350338
SGD,454,0.7448550985467003
SGD,455,0.1507966193710276
SGD,456,0.276733629268163
SGD,457,0.38634520988103555
SGD,458,0.19091193686796187
SGD,459,0.0761530303904957
SGD,460,0.08629643887218787
SGD,461,0.08629643887218787
SGD,462,0.7996747225538737
SGD,463,0.8971022261105825
SGD,464,0.6720438491554991
SGD,465,0.6720438491554991
SGD,466,0.6720438491554991
SGD,467,0.47105473437976103
SGD,468,0.47105473437976103
SGD,469,0.24158691042347663
SGD,470,0.3135175447340024
SGD,471,0.276251713436683
SGD,472,0.276251713436683
SGD,473,0.276251713436683
SGD,474,0.5285516282870976
SGD,475,0.8257972982353146
SGD,476,0.5731220680089517
SGD,477,0.2348657466466576
SGD,478,0.5523283911738703
SGD,479,0.5523283911738703
SGD,480,0.2727491642028733
SGD,481,0.5523283911738703
SGD,482,0.6969523323071795
SGD,483,0.6969523323071795
SGD,484,0.6969523323071795
SGD,485,0.7024871418396805
SGD,486,0.8134316969814034
SGD,487,0.39546898433653804
SGD,488,0.2808420398588843
SGD,489,0.4377587686021025
SGD,490,0.2863050392041484
SGD,491,0.4254306179308369
SGD,492,0.2863050392041484
SGD,493,0.2863050392041484
SGD,494,1.019652458558207
SGD,495,1.019652458558207
SGD,496,0.8731895534251493
SGD,497,0.8731895534251493
SGD,498,0.4569045451845368
SGD,499,0.4569045451845368
SGD,500,0.2601973366223774
SGD,501,0.4391281368182568
SGD,502,0.3987431349148432
SGD,503,0.24912929920918095
SGD,504,0.37712207070469805
SGD,505,0.4253703910147016
SGD,506,0.4008540618942159
SGD,507,0.4630265993554145
SGD,508,0.4630265993554145
SGD,509,0.49605093673122225
SGD,510,0.28692743856959785
SGD,511,0.5517965767748328
SGD,512,0.5610930522338462
SGD,513,0.5112361552527465
SGD,514,0.5937727828170116
SGD,515,0.5491712865384564
SGD,516,0.12573749082618876
SGD,517,0.1526498667396245
SGD,518,0.1526498667396245
SGD,519,0.1039330216047206
SGD,520,0.046127730044964205
SGD,521,0.24275562633139922
SGD,522,0.0530383650477056
SGD,523,0.03979677211655272
SGD,524,0.6173179493258734
SGD,525,0.6786008941122699
SGD,526,0.5337386802045927
SGD,527,0.5337386802045927
SGD,528,0.714582130859311
SGD,529,0.4707555018366642
SGD,530,0.4707555018366642
SGD,531,0.4707555018366642
SGD,532,0.8935294288436931
SGD,533,0.8935294288436931
SGD,534,0.2628933395335263
SGD,535,0.09967466850018093
SGD,536,0.13015822608732008
SGD,537,0.23150900821383613
SGD,538,0.09000852832839083
SGD,539,0.07412278365737543
SGD,540,0.05052394408534174
SGD,541,0.05052394408534174
SGD,542,0.06609280368036263
SGD,543,0.05052394408534174
SGD,544,0.16631927451255404
SGD,545,0.17150741447615053
SGD,546,0.19454642459764512
SGD,547,0.3345115399527575
SGD,548,0.712332009910916
SGD,549,0.712332009910916
SGD,550,0.4003838442105272
SGD,551,0.6948920851967394
SGD,552,0.28477597483881706
SGD,553,0.14256057327009877
SGD,554,0.07754521826812649
SGD,555,0.30673843020287545
SGD,556,0.30673843020287545
SGD,557,0.6341464896431104
SGD,558,0.581157533701703
SGD,559,0.581157533701703
SGD,560,1.0337354142559063
SGD,561,0.17959256465930523
SGD,562,0.17959256465930523
SGD,563,0.10843450785376876
SGD,564,0.417173431836787
SGD,565,0.3935666477692142
SGD,566,0.17894770780013364
SGD,567,0.42240626514246804
SGD,568,0.42240626514246804
SGD,569,0.24722779556529215
SGD,570,0.20160699429001325
SGD,571,0.1481522509488947
SGD,572,0.1481522509488947
SGD,573,0.0866448711407373
SGD,574,0.1481522509488947
SGD,575,0.24105229481807416
SGD,576,0.9386742068999915
SGD,577,0.5872915103626722
SGD,578,0.5872915103626722
SGD,579,0.33798638826284233
SGD,580,0.957798920823914
SGD,581,0.7228752538092593
SGD,582,0.43882630270132067
SGD,583,0.48817146747908546
SGD,584,0.413320227349591
SGD,585,0.413320227349591
SGD,586,0.413320227349591
SGD,587,0.413320227349591
SGD,588,0.5218648342484506
SGD,589,0.24590875049158345
SGD,590,0.24590875049158345
SGD,591,0.3957955259781974
SGD,592,0.4515389344933683
SGD,593,0.2131671428691248
SGD,594,0.3660289039205844
SGD,595,0.2532740066034466
SGD,596,0.3931676519389996
SGD,597,0.3931676519389996
SGD,598,0.2290837873347149
SGD,599,0.15144204016455046
SGD,600,0.1851581775682421
SGD,601,0.10048148433729798
SGD,602,0.16894387731222987
SGD,603,0.6539426218352417
SGD,604,0.6539426218352417
SGD,605,0.5977403211025369
SGD,606,0.1864877749712826
SGD,607,0.6034839883841587
SGD,608,0.8397544139557418
SGD,609,0.46692984057247167
SGD,610,0.46692984057247167
SGD,611,0.46692984057247167
SGD,612,0.5058594041376656
SGD,613,0.5499071494158072
SGD,614,0.6194877417178761
SGD,615,0.6194877417178761
SGD,616,1.6806264118049548
SGD,617,0.18523320261280649
SGD,618,1.1061186746010352
SGD,619,1.1061186746010352
SGD,620,0.7088817883409378
SGD,621,0.3648558103055595
SGD,622,0.15447458566385885
SGD,623,0.09592205825856989
SGD,624,0.16080275495199342
SGD,625,0.16080275495199342
SGD,626,0.344842289522151
SGD,627,0.16716060425377896
SGD,628,0.16716060425377896
SGD,629,0.38471223510373315
SGD,630,0.49493856179541823
SGD,631,0.5016730690718014
SGD,632,0.22551942521478957
SGD,633,0.22551942521478957
SGD,634,0.2062754638460906
SGD,635,0.21843652516966391
SGD,636,0.41823348504301566
SGD,637,0.42951333673554626
SGD,638,0.42951333673554626
SGD,639,0.15533513928637618
SGD,640,0.5913539253672324
SGD,641,0.6736964941952636
SGD,642,1.065170523970131
SGD,643,1.0418524853917497
SGD,644,1.433984261146991
SGD,645,0.06741271480430401
SGD,646,0.06741271480430401
SGD,647,0.42816352914785477
SGD,648,0.4562511904733517
SGD,649,0.22634482109063278
SGD,650,0.22634482109063278
SGD,651,0.2668209696983313
SGD,652,0.31307223760173963
SGD,653,0.357630308625546
SGD,654,0.4144150255211851
SGD,655,0.3093492082620671
SGD,656,0.33800526422954297
SGD,657,0.18334907470240958
SGD,658,0.2576273968643313
SGD,659,0.18831341893919534
SGD,660,0.18831341893919534
SGD,661,0.43640454366863707
SGD,662,0.48647392073441736
SGD,663,0.31560507522204295
SGD,664,0.33060739577855325
SGD,665,0.2679302098991875
SGD,666,0.4178248217809606
SGD,667,0.7489944126373322
SGD,668,1.2515010110163136
SGD,669,0.3966953549431686
SGD,670,0.44727784090003236
SGD,671,0.7339515852029075
SGD,672,0.375289833462755
SGD,673,0.6791712882856391
SGD,674,0.6791712882856391
SGD,675,0.5926385329837381
SGD,676,0.20902139507255213
SGD,677,0.26512009119192637
SGD,678,0.26512009119192637
SGD,679,0.3285647290109974
SGD,680,0.09727347924863426
SGD,681,0.29233945533665046
SGD,682,0.32811708318961674
SGD,683,0.12990145495719327
SGD,684,0.11228658149576055
SGD,685,0.08343574841621199
SGD,686,0.08343574841621199
SGD,687,0.7827435133949412
SGD,688,0.8278343658490415
SGD,689,0.24647739917912162
SGD,690,0.15930399488876013
SGD,691,0.20933750724086747
SGD,692,0.5712977915271203
SGD,693,0.215833843410747
SGD,694,0.41447687490863117
SGD,695,0.41447687490863117
SGD,696,0.18628301070877185
SGD,697,0.18628301070877185
SGD,698,0.9263360868824329
SGD,699,0.24247593881215532
SGD,700,0.41675281929878155
SGD,701,0.6608216168239054
SGD,702,0.22289109441610844
SGD,703,0.21345720592697978
SGD,704,0.21345720592697978
SGD,705,0.2658023496687151
SGD,706,0.4554955541247337
SGD,707,0.2560180162932396
SGD,708,0.1880099656461515
SGD,709,0.1880099656461515
SGD,710,0.1880099656461515
SGD,711,0.19193321781472641
SGD,712,0.1719204610412401
SGD,713,0.40705148134954344
SGD,714,0.38454545024742637
SGD,715,0.40705148134954344
SGD,716,0.40705148134954344
SGD,717,0.5838756944938978
SGD,718,0.8593818123413748
SGD,719,0.247622810205994
SGD,720,1.019020286829919
SGD,721,0.3221927805254974
SGD,722,0.7306762613943981
SGD,723,0.48900195353216047
SGD,724,0.18798524009528986
SGD,725,0.23356184970789265
SGD,726,0.17288997525707214
SGD,727,0.17288997525707214
SGD,728,0.43267533567249394
SGD,729,0.5743163518982753
SGD,730,0.6512142412409088
SGD,731,0.7907327657531547
SGD,732,0.8530527781255973
SGD,733,0.8048154377053723
SGD,734,0.2027394137488433
SGD,735,0.2027394137488433
SGD,736,0.10457599018382355
SGD,737,0.29182965720119924
SGD,738,0.4386282998815548
SGD,739,0.4386282998815548
SGD,740,0.1255226794628976
SGD,741,0.23352728431004494
SGD,742,0.23352728431004494
SGD,743,0.23352728431004494
SGD,744,0.2942702232655754
SGD,745,0.26909157098342157
SGD,746,0.26909157098342157
SGD,747,0.5936798633446099
SGD,748,0.31121564596089757
SGD,749,0.5532264878067145
SGD,750,0.5532264878067145
SGD,751,0.4258741176778345
SGD,752,0.4013013664932402
SGD,753,0.2875697922745646
SGD,754,0.249710188015313
SGD,755,0.44049372538443465
SGD,756,0.42835386081517285
SGD,757,0.6047391282147259
SGD,758,0.5460664150733732
SGD,759,1.0611761166809608
SGD,760,1.0611761166809608
SGD,761,0.9925437698090236
SGD,762,0.5106786821495575
SGD,763,0.5285130324317932
SGD,764,0.32999946127005403
SGD,765,0.23136362547992523
SGD,766,0.23136362547992523
SGD,767,0.5681098798434031
SGD,768,0.6281105172198173
SGD,769,0.7403032588530789
SGD,770,0.361070575678537
SGD,771,0.7768962796156951
SGD,772,0.40422381011063946
SGD,773,0.5622492108570439
SGD,774,0.33288376717743706
SGD,775,0.31767889148135653
SGD,776,0.6136609108797618
SGD,777,0.6136609108797618
SGD,778,0.48182805537857304
SGD,779,0.48182805537857304
SGD,780,0.48182805537857304
SGD,781,0.6926163712839045
SGD,782,0.9924244110956545
SGD,783,0.9679357541249456
SGD,784,0.8684969297057815
SGD,785,0.8224413644691093
SGD,786,1.1706048422595379
SGD,787,0.537125889833783
SGD,788,0.44327094422631746
SGD,789,0.5109461568150064
SGD,790,0.5727953459447152
SGD,791,0.6391244382508906
SGD,792,0.3530305604897976
SGD,793,0.3313943187919379
SGD,794,0.3479747045832089
SGD,795,0.6578928272863123
SGD,796,0.4730549674051495
SGD,797,0.4730549674051495
SGD,798,0.2970958878994422
SGD,799,0.22162710246221845
SGD,800,0.310353177224476
SGD,801,0.8432455610691643
SGD,802,0.8432455610691643
SGD,803,1.5601673860501768
SGD,804,1.2291249605121684
SGD,805,0.7661942670999706
SGD,806,0.6901629620832328
SGD,807,0.4108514665372552
SGD,808,0.4108514665372552
SGD,809,1.0710985440619585
SGD,810,1.3616400157917476
SGD,811,1.2309032207039607
SGD,812,0.284449769053792
SGD,813,0.6982681019495657
SGD,814,0.7753941180179643
SGD,815,0.9519962382186302
SGD,816,0.6585434248294723
SGD,817,0.3865470575472263
SGD,818,0.3865470575472263
SGD,819,0.4222478728201922
SGD,820,0.31991156815272903
SGD,821,0.2890034085561777
SGD,822,0.3403919273493727
SGD,823,0.31500174472467685
SGD,824,0.5069940413557683
SGD,825,0.47254715991863727
SGD,826,0.5144610146439087
SGD,827,0.3892229875956345
SGD,828,0.3892229875956345
SGD,829,0.3892229875956345
SGD,830,0.20670402389739576
SGD,831,0.13794902236295895
SGD,832,0.1679765120310267
SGD,833,0.20073806092579957
SGD,834,0.25738226773236933
SGD,835,0.3798912168049811
SGD,836,0.1309115794723253
SGD,837,0.08629613186620116
SGD,838,0.7401941489619233
SGD,839,0.7133982548344988
SGD,840,0.37822289113306373
SGD,841,0.37822289113306373
SGD,842,0.9781103754646501
SGD,843,0.7216083936803327
SGD,844,0.7194117178525058
SGD,845,0.7194117178525058
SGD,846,0.7194117178525058
SGD,847,0.9214722365732809
SGD,848,0.925487062675185
SGD,849,0.08431820001085986
SGD,850,0.18055077274038603
SGD,851,0.9864428279837569
SGD,852,0.1496577609648884
SGD,853,0.38002499373298376
SGD,854,0.518208319686516
SGD,855,0.4822747160564771
SGD,856,0.21843201492463762
SGD,857,0.4822747160564771
SGD,858,0.5581460980700038
SGD,859,0.38582523566922483
SGD,860,0.2839841549919056
SGD,861,0.2839841549919056
SGD,862,0.5299227152341911
SGD,863,0.2564081039444898
SGD,864,0.2727544422439613
SGD,865,0.4651123516590402
SGD,866,0.4651123516590402
SGD,867,0.2978420729009693
SGD,868,0.4769040665618623
SGD,869,0.8699734360638944
SGD,870,0.3955145812225129
SGD,871,0.3955145812225129
SGD,872,0.7017763041251356
SGD,873,0.6052284736075509
SGD,874,0.6583144523867817
SGD,875,0.6021334001131473
SGD,876,0.5262050421171545
SGD,877,0.5262050421171545
SGD,878,0.5262050421171545
SGD,879,0.6430004157889316
SGD,880,0.6430004157889316
SGD,881,0.5851693592352828
SGD,882,0.4135246731677284
SGD,883,0.5851693592352828
SGD,884,0.3056464635210054
SGD,885,0.1064331255075595
SGD,886,0.3056464635210054
SGD,887,0.3056464635210054
SGD,888,0.6157043092037084
SGD,889,0.6808300884259184
SGD,890,0.2052390829628087
SGD,891,0.50970911673305
SGD,892,0.3135916308656556
SGD,893,0.3135916308656556
SGD,894,0.39356300797942256
SGD,895,0.10761380932482356
SGD,896,0.10930506864912513
SGD,897,0.27985966305326254
SGD,898,0.27985966305326254
SGD,899,0.6671000047720598
SGD,900,0.2350904000069788
SGD,901,0.2350904000069788
SGD,902,0.0861880568927471
SGD,903,0.15411155465771345
SGD,904,0.08726951966233316
SGD,905,0.10282715308894827
SGD,906,0.09179481180960886
SGD,907,0.10310037056553295
SGD,908,0.19353442636921844
SGD,909,0.304914906660893
SGD,910,0.32627954716176527
SGD,911,0.19237207981737287
SGD,912,0.18719438143771716
SGD,913,0.3116587493229785
SGD,914,0.573191464954571
SGD,915,0.11689730794122433
SGD,916,0.11689730794122433
SGD,917,0.5256068028549947
SGD,918,0.48636736537405006
SGD,919,0.48636736537405006
SGD,920,0.48636736537405006
SGD,921,0.5229365540453595
SGD,922,0.9390416844989306
SGD,923,1.2915633900037398
SGD,924,0.2893645643859157
SGD,925,0.4987343459127779
SGD,926,0.2984371255325392
SGD,927,0.3019262559483834
SGD,928,0.5372605410765686
SGD,929,0.5002058038045716
SGD,930,0.5389685029262455
SGD,931,0.5388748875318958
SGD,932,0.5389685029262455
SGD,933,0.4903293910652625
SGD,934,0.16479649000977345
SGD,935,0.167923198698247
SGD,936,0.167923198698247
SGD,937,0.3734527300504462
SGD,938,0.623411435884396
SGD,939,0.5721287855857258
SGD,940,0.6900985082196411
SGD,941,0.46275274171736464
SGD,942,0.46275274171736464
SGD,943,0.5019260957335394
SGD,944,0.31102222569353155
SGD,945,0.31102222569353155
SGD,946,0.31102222569353155
SGD,947,0.7100026431969748
SGD,948,0.8012866553086169
SGD,949,0.8012866553086169
SGD,950,0.5174570836525774
SGD,951,0.5174570836525774
SGD,952,0.47627923817977724
SGD,953,0.47627923817977724
SGD,954,0.3006764844779065
SGD,955,0.3006764844779065
SGD,956,0.3006764844779065
SGD,957,1.0363742519210695
SGD,958,1.0612738879872825
SGD,959,0.11397796779756539
SGD,960,0.029259647193348667
SGD,961,0.029259647193348667
SGD,962,0.11397796779756539
SGD,963,0.5714904179162805
SGD,964,0.6528027620257644
SGD,965,0.6528027620257644
SGD,966,0.46530428551233116
SGD,967,0.4361265567404607
SGD,968,0.2935213731145815
SGD,969,0.18155864369274466
SGD,970,0.46741772728491454
SGD,971,0.1525780037032014
SGD,972,0.2687821807135027
SGD,973,0.2687821807135027
SGD,974,0.7805157519328773
SGD,975,0.3740385229683521
SGD,976,0.6471094699756432
SGD,977,0.7234883194179731
SGD,978,0.6098753236272008
SGD,979,0.7234883194179731
SGD,980,0.6320025460393685
SGD,981,0.2969957452592624
SGD,982,0.3080187851309906
SGD,983,0.3080187851309906
SGD,984,0.17736834573021765
SGD,985,0.1201281177366279
SGD,986,0.12223945679210173
SGD,987,0.12223945679210173
SGD,988,0.12443589559094186
SGD,989,0.44446500351873064
SGD,990,0.46607939986561414
SGD,991,0.8663917189722987
SGD,992,1.0326209927321446
SGD,993,1.0195290597241626
SGD,994,0.7003555227555095
SGD,995,0.3781683993719713
SGD,996,0.2927116700661767
SGD,997,0.2927116700661767
SGD,998,0.3856830070958115
SGD,999,0.2148526586335862
SGD,1000,0.2217014048738618
SGD,1001,0.2217014048738618
SGD,1002,0.33978490000477307
SGD,1003,0.3942941406593782
SGD,1004,0.3942941406593782
SGD,1005,0.5413411507226074
SGD,1006,0.45174022740192527
SGD,1007,0.24142565485870007
SGD,1008,0.42418845702491276
SGD,1009,0.440862681882081
SGD,1010,0.440862681882081
SGD,1011,0.6130420104036
SGD,1012,0.4344085181762388
SGD,1013,0.38599211213133494
SGD,1014,0.7069440730151253
SGD,1015,0.38599211213133494
SGD,1016,0.7182428869101387
SGD,1017,0.5662168555761349
SGD,1018,0.5662168555761349
SGD,1019,0.3610818899709433
SGD,1020,0.33498814260334003
SGD,1021,0.3610818899709433
SGD,1022,0.40850189462528663
SGD,1023,0.2940577520866177
SGD,1024,0.3070393629642922
SGD,1025,0.3733790155982828
SGD,1026,0.45370850211255387
SGD,1027,0.45370850211255387
SGD,1028,0.4396220821359697
SGD,1029,0.4396220821359697
SGD,1030,0.3903802407489425
SGD,1031,0.42672473992520854
SGD,1032,0.4102172641259729
SGD,1033,0.2283734257615332
SGD,1034,0.9216709540298643
SGD,1035,0.9916458065734302
SGD,1036,1.1272545026919716
SGD,1037,1.0841238433427238
SGD,1038,1.0841238433427238
SGD,1039,0.5604773886624844
SGD,1040,0.19954913450216574
SGD,1041,0.5604773886624844
SGD,1042,0.5604773886624844
SGD,1043,0.016449711934910797
SGD,1044,0.5981956164448655
SGD,1045,0.6304635399994195
SGD,1046,0.6441295645488057
SGD,1047,0.21634741038338512
SGD,1048,0.21634741038338512
SGD,1049,0.22329332333737165
SGD,1050,0.43730311276121064
SGD,1051,0.5645083468227309
SGD,1052,0.43120494610927335
SGD,1053,0.16830243001155698
SGD,1054,0.30145854221998014
SGD,1055,0.28893493197309233
SGD,1056,1.1932259505954663
SGD,1057,0.28899794957444347
SGD,1058,0.26616940460519056
SGD,1059,0.15596918563011702
SGD,1060,0.40657876470795845
SGD,1061,0.4783594136439979
SGD,1062,0.939882142219234
SGD,1063,0.9261588171401541
SGD,1064,0.15758123971045157
SGD,1065,0.15758123971045157
SGD,1066,0.39624124189298887
SGD,1067,0.6022078959507096
SGD,1068,0.9489954822554569
SGD,1069,0.8350542912185582
SGD,1070,0.3497278427831826
SGD,1071,0.7766405853882288
SGD,1072,0.5033311182935207
SGD,1073,0.8124184643709651
SGD,1074,0.9022650503516191
SGD,1075,0.6826486596059844
SGD,1076,0.5766002470464479
SGD,1077,0.5766002470464479
SGD,1078,0.3666018334867481
SGD,1079,0.7948908092400377
SGD,1080,0.25896003857925226
SGD,1081,0.45274063282794835
SGD,1082,0.26897493495556785
SGD,1083,0.3840860793695527
SGD,1084,0.398278260099335
SGD,1085,0.398278260099335
SGD,1086,0.6791300629551174
SGD,1087,0.7707156760362082
SGD,1088,0.7784669699504361
SGD,1089,0.7784669699504361
SGD,1090,0.7387862510726427
SGD,1091,0.8173725084517228
SGD,1092,0.7314146513806186
SGD,1093,0.4506196329084346
SGD,1094,0.4506196329084346
SGD,1095,0.2834349468308239
SGD,1096,0.7043581000871728
SGD,1097,0.4496275753578346
SGD,1098,0.4496275753578346
SGD,1099,0.3472140132315586
SGD,1100,1.2141197192391988
SGD,1101,0.6698361335297093
SGD,1102,0.3217273196756577
SGD,1103,0.33271784588874614
SGD,1104,0.1933523619472941
SGD,1105,0.37336192590365486
SGD,1106,0.5771637782176025
SGD,1107,0.19423745886690147
SGD,1108,0.19423745886690147
SGD,1109,0.37252262603799974
SGD,1110,0.3520544001362754
SGD,1111,0.14961944847489944
SGD,1112,0.12919503975366864
SGD,1113,0.40492111832026645
SGD,1114,0.42995298847291413
SGD,1115,0.5536684922601876
SGD,1116,0.5536684922601876
SGD,1117,0.6965861669881303
SGD,1118,0.11902244185488159
SGD,1119,0.035574038516922
SGD,1120,0.11902244185488159
SGD,1121,0.1854498511925863
SGD,1122,0.1854498511925863
SGD,1123,0.1870937737868246
SGD,1124,0.7012607934956335
SGD,1125,0.21694796937233057
SGD,1126,0.7012607934956335
SGD,1127,0.7012607934956335
SGD,1128,0.6772308999721466
SGD,1129,0.48133913640474574
SGD,1130,0.5818773254569952
SGD,1131,0.06845854692874839
SGD,1132,0.0685444694586232
SGD,1133,0.0685444694586232
SGD,1134,0.5534529062882798
SGD,1135,0.39021978516700295
SGD,1136,0.29377049466064464
SGD,1137,0.08868287967249613
SGD,1138,0.10108868986325482
SGD,1139,0.12184830568224689
SGD,1140,0.12184830568224689
SGD,1141,0.7843071783070442
SGD,1142,1.0933236897725225
SGD,1143,1.380076171283263
SGD,1144,1.3290141662900876
SGD,1145,1.380076171283263
SGD,1146,1.7264639745008044
SGD,1147,0.9277506957054973
SGD,1148,0.2575307898352999
SGD,1149,0.16784988371099835
SGD,1150,0.16784988371099835
SGD,1151,0.13423525724554503
SGD,1152,0.1580654722029038
SGD,1153,0.336285525388221
SGD,1154,0.9464816901157928
SGD,1155,1.0702246441691505
SGD,1156,0.8986353815881054
SGD,1157,0.4362305268171629
SGD,1158,0.5333746157088762
SGD,1159,0.5333746157088762
SGD,1160,0.6855244411820418
SGD,1161,0.2733915603048638
SGD,1162,0.22257537773884528
SGD,1163,0.22257537773884528
SGD,1164,0.5029968081218806
SGD,1165,0.8655884630015422
SGD,1166,0.48781414744362683
SGD,1167,0.44001952569239877
SGD,1168,0.4258034078615905
SGD,1169,0.4871524291289946
SGD,1170,0.4837338954184444
SGD,1171,0.011864505263382542
SGD,1172,0.011864505263382542
SGD,1173,0.49986965804028527
SGD,1174,0.19321999844622656
SGD,1175,0.19321999844622656
SGD,1176,0.19321999844622656
SGD,1177,0.47287948561754045
SGD,1178,0.6529622346255728
SGD,1179,0.6782845306317653
SGD,1180,0.8177895339203611
SGD,1181,0.912885830358639
SGD,1182,0.6927639276014455
SGD,1183,0.49257290019152306
SGD,1184,0.49257290019152306
SGD,1185,0.26620175218016784
SGD,1186,0.26620175218016784
SGD,1187,0.04561937766334264
SGD,1188,0.28923517314179475
SGD,1189,0.4439598739369859
SGD,1190,0.9151398845140507
SGD,1191,0.9151398845140507
SGD,1192,0.8350592763152966
SGD,1193,0.6768250232717961
SGD,1194,0.3815441871303479
SGD,1195,0.25421800862800775
SGD,1196,0.15156227144018952
SGD,1197,0.2897559821116442
SGD,1198,0.5688802614708491
SGD,1199,0.6195564121909998
SGD,1200,0.21261627607336375
SGD,1201,0.8489774352223004
SGD,1202,0.8489774352223004
SGD,1203,0.8489774352223004
SGD,1204,1.110817777443391
SGD,1205,0.8536985412695555
SGD,1206,0.8480885350093168
SGD,1207,0.7703711319989436
SGD,1208,0.37558020690454746
SGD,1209,0.3563375017480727
SGD,1210,0.3173601400312101
SGD,1211,0.30572977978212346
SGD,1212,0.11070989260131953
SGD,1213,0.11238476449230678
SGD,1214,0.11423059481361426
SGD,1215,0.216014079242741
SGD,1216,0.5688252442173788
SGD,1217,0.3810944902996631
SGD,1218,1.1929326066858141
SGD,1219,0.20661906590375145
SGD,1220,0.20661906590375145
SGD,1221,0.42258427199925264
SGD,1222,0.2871191364619211
SGD,1223,0.3020291661646378
SGD,1224,0.09181228737263031
SGD,1225,0.11437365607029805
SGD,1226,0.37799796743006037
SGD,1227,0.3742678401377558
SGD,1228,0.355155955707643
SGD,1229,0.17826864077198937
SGD,1230,0.1857412130256083
SGD,1231,0.35924899689093165
SGD,1232,0.35924899689093165
SGD,1233,0.6797918554702601
SGD,1234,0.6552119346985509
SGD,1235,0.766420795772633
SGD,1236,1.0424287528250242
SGD,1237,0.9514751394011965
SGD,1238,0.6912441278162329
SGD,1239,0.31095792571939807
SGD,1240,0.31095792571939807
SGD,1241,0.35437003053986954
SGD,1242,0.4423579005408875
SGD,1243,0.4423579005408875
SGD,1244,0.37961350054522697
SGD,1245,0.2602868917672819
SGD,1246,0.2602868917672819
SGD,1247,0.3006424293704437
SGD,1248,0.20333917915934713
SGD,1249,0.7631736257147096
SGD,1250,0.8162781095002862
SGD,1251,0.44533979752455993
SGD,1252,0.41854006598832233
SGD,1253,0.3987680320874556
SGD,1254,0.3987680320874556
SGD,1255,0.3987680320874556
SGD,1256,0.5482591899605573
SGD,1257,0.24005416250649173
SGD,1258,0.24005416250649173
SGD,1259,0.5129982547335377
SGD,1260,0.5129982547335377
SGD,1261,0.2370036053179442
SGD,1262,0.2370036053179442
SGD,1263,0.33510028457519436
SGD,1264,0.44007331472471134
SGD,1265,0.2892877999618977
SGD,1266,0.4747862817792081
SGD,1267,0.44836798332932015
SGD,1268,0.31721369476819394
SGD,1269,0.17440098596241577
SGD,1270,0.17440098596241577
SGD,1271,0.11970421840852931
SGD,1272,0.11970421840852931
SGD,1273,0.5885758292156359
SGD,1274,0.4574717329557589
SGD,1275,0.5341667043172894
SGD,1276,0.2919334990756627
SGD,1277,0.2919334990756627
SGD,1278,0.5341667043172894
SGD,1279,0.7567681607842482
SGD,1280,0.04893526778196669
SGD,1281,0.04893526778196669
SGD,1282,0.06853391888335478
SGD,1283,0.16769481414623053
SGD,1284,0.16769481414623053
SGD,1285,0.16769481414623053
SGD,1286,0.90020152161114
SGD,1287,0.5900820717616212
SGD,1288,0.5439333178083736
SGD,1289,0.34883812053269686
SGD,1290,0.34883812053269686
SGD,1291,0.3070216550434563
SGD,1292,0.45046317100363387
SGD,1293,0.528732767286654
SGD,1294,0.5901430077796339
SGD,1295,0.795500445675218
SGD,1296,0.7138515640438428
SGD,1297,0.7223202974593692
SGD,1298,0.46609142546692856
SGD,1299,0.7377259682184165
SGD,1300,0.9782332575316953
SGD,1301,0.7806916195200976
SGD,1302,0.3260879407151812
SGD,1303,0.3177264051691331
SGD,1304,0.3177264051691331
SGD,1305,0.4036077434862509
SGD,1306,0.4111313048913564
SGD,1307,0.42297332304744467
SGD,1308,0.2795845204374633
SGD,1309,0.2795845204374633
SGD,1310,0.2367871680477375
SGD,1311,0.41805053167563766
SGD,1312,0.41805053167563766
SGD,1313,0.24163063694602735
SGD,1314,0.18276966498709057
SGD,1315,0.48584725273327645
SGD,1316,0.48584725273327645
SGD,1317,0.6969980002693881
SGD,1318,0.4733737749963059
SGD,1319,1.009630905564933
SGD,1320,1.009630905564933
SGD,1321,1.3581725273134841
SGD,1322,0.5556589457667207
SGD,1323,0.6632006624328264
SGD,1324,0.541650002923529
SGD,1325,0.8668544633584323
SGD,1326,0.5873958325942341
SGD,1327,0.4849704756350229
SGD,1328,0.4849704756350229
SGD,1329,0.2049755934773587
SGD,1330,0.5227366275514923
SGD,1331,0.6264705547134517
SGD,1332,0.6264705547134517
SGD,1333,0.2470104941218549
SGD,1334,0.417023285106507
SGD,1335,1.11185722982327
SGD,1336,0.23158202433845146
SGD,1337,0.7673305135711114
SGD,1338,0.6910847566487726
SGD,1339,0.29581119049041704
SGD,1340,0.29581119049041704
SGD,1341,0.45181162340367287
SGD,1342,0.07297832801338125
SGD,1343,0.3836974956091919
SGD,1344,0.36363624396802796
SGD,1345,0.453649531912194
SGD,1346,0.6646041099336443
SGD,1347,0.5316073439586569
SGD,1348,0.29851414786583885
SGD,1349,0.29851414786583885
SGD,1350,0.24829308658327304
SGD,1351,0.33195658236982534
SGD,1352,0.5186827968410774
SGD,1353,0.5186827968410774
SGD,1354,0.46611747684483673
SGD,1355,0.4757810040273194
SGD,1356,0.11989299598996823
SGD,1357,0.11989299598996823
SGD,1358,0.2545876729692084
SGD,1359,0.17923304464715803
SGD,1360,0.19217527585809138
SGD,1361,0.15141755628837403
SGD,1362,0.1859214807505236
SGD,1363,0.35549481943114997
SGD,1364,0.35549481943114997
SGD,1365,0.39424433610644033
SGD,1366,0.4810262110387724
SGD,1367,0.5167671128786634
SGD,1368,0.6042592037008457
SGD,1369,0.7076710633056782
SGD,1370,0.3832953954214354
SGD,1371,0.12955587150062164
SGD,1372,0.03442044452123986
SGD,1373,0.023665570385821275
SGD,1374,0.1647918727251208
SGD,1375,0.22831364319379985
SGD,1376,0.22831364319379985
SGD,1377,0.11030305438284976
SGD,1378,0.6384609377550703
SGD,1379,0.6384609377550703
SGD,1380,0.3045980723702346
SGD,1381,0.3045980723702346
SGD,1382,0.800086992476935
SGD,1383,0.4152790095887398
SGD,1384,0.4629660475774394
SGD,1385,0.10493077517570751
SGD,1386,0.48515051902487255
SGD,1387,0.10493077517570751
SGD,1388,0.06582451848490412
SGD,1389,0.6368455442753023
SGD,1390,0.6368455442753023
SGD,1391,0.8566075248227529
SGD,1392,0.982421461346556
SGD,1393,0.5373673705780683
SGD,1394,0.5373673705780683
SGD,1395,0.5373673705780683
SGD,1396,0.7710589899308175
SGD,1397,0.7710589899308175
SGD,1398,0.7710589899308175
SGD,1399,0.11596463823625765
SGD,1400,0.11596463823625765
SGD,1401,0.10443331782700985
SGD,1402,0.10602534571333737
SGD,1403,0.4397422208104759
SGD,1404,0.38934547170900774
SGD,1405,0.38934547170900774
SGD,1406,0.17656755422929216
SGD,1407,0.3018889305894199
SGD,1408,0.3018889305894199
SGD,1409,1.1339912650474997
SGD,1410,0.7803664179295333
SGD,1411,0.41223826437552064
SGD,1412,0.41223826437552064
SGD,1413,0.5197228894888121
SGD,1414,0.892952322649407
SGD,1415,0.892952322649407
SGD,1416,0.4249552707084985
SGD,1417,0.9021852403962242
SGD,1418,0.20408524764316635
SGD,1419,0.20408524764316635
SGD,1420,0.35938963362413645
SGD,1421,0.18592244326224758
SGD,1422,0.1962496817234614
SGD,1423,0.6576701272652029
SGD,1424,0.6576701272652029
SGD,1425,0.6576701272652029
SGD,1426,0.42369181297296615
SGD,1427,0.28977520678046376
SGD,1428,0.6853529495443459
SGD,1429,0.4241324300479281
SGD,1430,0.43456876349438744
SGD,1431,0.3061497288323746
SGD,1432,0.29324165505851135
SGD,1433,0.29324165505851135
SGD,1434,0.2641185947412805
SGD,1435,0.25445557544173397
SGD,1436,0.3994639685267296
SGD,1437,0.3994639685267296
SGD,1438,0.7249206182439261
SGD,1439,0.7660507432470882
SGD,1440,1.017028817868016
SGD,1441,0.8608701135697061
SGD,1442,1.017028817868016
SGD,1443,1.017028817868016
SGD,1444,1.0746839387829497
SGD,1445,0.8474692043064646
SGD,1446,0.8474692043064646
SGD,1447,0.6792106027110975
SGD,1448,0.6792106027110975
SGD,1449,0.1283627759763158
SGD,1450,0.9640353935123285
SGD,1451,0.3619014676264721
SGD,1452,0.09186676947537756
SGD,1453,0.3619014676264721
SGD,1454,0.1930648202405999
SGD,1455,0.1536535957828387
SGD,1456,0.20604074717855286
SGD,1457,0.2512953528624155
SGD,1458,0.4528420368666062
SGD,1459,0.18369486532053506
SGD,1460,0.18867820688169712
SGD,1461,0.18867820688169712
SGD,1462,0.36177815503074895
SGD,1463,0.5182927433634485
SGD,1464,0.5155012639447885
SGD,1465,0.11433922811302828
SGD,1466,0.16615501928297516
SGD,1467,0.05308396479125701
SGD,1468,0.11433922811302828
SGD,1469,0.5415848144720078
SGD,1470,0.5459654163790995
SGD,1471,0.5999661975674124
SGD,1472,0.6771634752468957
SGD,1473,0.5999661975674124
SGD,1474,0.2580439538662824
SGD,1475,0.2580439538662824
SGD,1476,0.7063520190520495
SGD,1477,0.2982608352512873
SGD,1478,0.24958554263045302
SGD,1479,0.24958554263045302
SGD,1480,0.3282201294650987
SGD,1481,0.4641268403584762
SGD,1482,0.313428839046977
SGD,1483,0.650624310156392
SGD,1484,0.4282497558128115
SGD,1485,0.3989803569858928
SGD,1486,0.20766496840806406
SGD,1487,0.32810751366461904
SGD,1488,0.31332614304735157
SGD,1489,0.3472732978162249
SGD,1490,0.5742817339783564
SGD,1491,0.5742817339783564
SGD,1492,0.39105984304089764
SGD,1493,1.1786703488552999
SGD,1494,1.4081766315262527
SGD,1495,0.2763373225689594
SGD,1496,0.2882833420342261
SGD,1497,1.0957091716431515
SGD,1498,0.3007493123656088
SGD,1499,0.4602584146696157
SGD,1500,0.4830522625543062
SGD,1501,0.16982326023720246
SGD,1502,0.49683121561537136
SGD,1503,0.6373139846945528
SGD,1504,1.2551969585619627
SGD,1505,0.9640217257976399
SGD,1506,0.41552379085895363
SGD,1507,0.7032062933962486
SGD,1508,0.32989490917117764
SGD,1509,1.2560616064783734
SGD,1510,1.4487864254880563
SGD,1511,0.33136603450218255
SGD,1512,0.28658985863262293
SGD,1513,0.24609857798650095
SGD,1514,0.24609857798650095
SGD,1515,0.24700439101349855
SGD,1516,0.46806925415415096
SGD,1517,0.1117793608453764
SGD,1518,0.16064100187265992
SGD,1519,0.5824795419190522
SGD,1520,0.967814642775923
SGD,1521,0.5507046810558508
SGD,1522,0.46521204893285084
SGD,1523,0.1895048862792961
SGD,1524,0.34747051795307365
SGD,1525,0.3309370031278671
SGD,1526,0.3966003287889042
SGD,1527,0.6549899925995747
SGD,1528,0.4191428971981938
SGD,1529,0.4191428971981938
SGD,1530,0.4191428971981938
SGD,1531,0.61616973355442
SGD,1532,0.6951948693031507
SGD,1533,0.26178574867156307
SGD,1534,0.26178574867156307
SGD,1535,0.38143412470494414
SGD,1536,0.5815523113324447
SGD,1537,0.11626077810948994
SGD,1538,0.11626077810948994
SGD,1539,0.4037236178649496
SGD,1540,0.5232514466307531
SGD,1541,0.5658201842444168
SGD,1542,0.5264441966749273
SGD,1543,0.5998158498363922
SGD,1544,0.4006448354828724
SGD,1545,0.12077212160810762
SGD,1546,0.528374055430916
SGD,1547,0.2890608287999863
SGD,1548,0.42576858264830103
SGD,1549,0.4439135639651213
SGD,1550,0.4404668226299238
SGD,1551,0.093273550470684
SGD,1552,0.24441444231548315
SGD,1553,0.26655907576837856
SGD,1554,0.26655907576837856
SGD,1555,0.37925340088994947
SGD,1556,0.20176941294453637
SGD,1557,0.613008210173542
SGD,1558,0.5009944757220712
SGD,1559,0.613008210173542
SGD,1560,0.6210860481650134
SGD,1561,0.562633887846555
SGD,1562,0.6225083811192423
SGD,1563,0.6225083811192423
SGD,1564,0.6225083811192423
SGD,1565,0.6225083811192423
SGD,1566,0.8934690153183964
SGD,1567,0.563951512328164
SGD,1568,1.056653997220816
SGD,1569,0.6659014905267384
SGD,1570,0.45572935950263105
SGD,1571,0.031064937910111737
SGD,1572,0.031064937910111737
SGD,1573,0.4612608342268771
SGD,1574,0.9352584776727182
SGD,1575,0.46332223791262495
SGD,1576,0.46332223791262495
SGD,1577,0.250655988030243
SGD,1578,0.29414133029157896
SGD,1579,0.29414133029157896
SGD,1580,0.29414133029157896
SGD,1581,0.4776946534573939
SGD,1582,0.49668614626656243
SGD,1583,0.49668614626656243
SGD,1584,0.49668614626656243
SGD,1585,0.39247002325297947
SGD,1586,0.23645688624221076
SGD,1587,0.29939052512914016
SGD,1588,0.3118624044544671
SGD,1589,0.3118624044544671
SGD,1590,0.4651536516418922
SGD,1591,0.7157619102823501
SGD,1592,0.9409517263602605
SGD,1593,0.6330276471399036
SGD,1594,1.0479505596762968
SGD,1595,0.5884404887329191
SGD,1596,0.6428280060623315
SGD,1597,0.5917736671819785
SGD,1598,0.5917736671819785
SGD,1599,0.15450793837000787
SGD,1600,0.25087479836214166
SGD,1601,0.3443965780919514
SGD,1602,0.3443965780919514
SGD,1603,1.001135756042925
SGD,1604,0.8750570569449939
SGD,1605,0.389918851741367
SGD,1606,0.5337060708394756
SGD,1607,0.5337060708394756
SGD,1608,0.7957094308258749
SGD,1609,0.4074835602195758
SGD,1610,0.2757816668118799
SGD,1611,0.2757816668118799
SGD,1612,0.5618890675849055
SGD,1613,0.9024072251678044
SGD,1614,0.97898602462027
SGD,1615,0.8581877573940675
SGD,1616,0.818333556441029
SGD,1617,0.3586838533561456
SGD,1618,0.7662121102164922
SGD,1619,0.33336888478241405
SGD,1620,0.33336888478241405
SGD,1621,0.378297543439424
SGD,1622,0.378297543439424
SGD,1623,0.5497152262284116
SGD,1624,0.5497152262284116
SGD,1625,0.6835598491410197
SGD,1626,0.6835598491410197
SGD,1627,0.4829015423255953
SGD,1628,0.4829015423255953
SGD,1629,0.3936146067125855
SGD,1630,0.4963609246206028
SGD,1631,1.0495108634429204
SGD,1632,0.9903332581127942
SGD,1633,0.36985174183172165
SGD,1634,0.5720953857896995
SGD,1635,0.2646432401857342
SGD,1636,0.2646432401857342
SGD,1637,0.5720953857896995
SGD,1638,0.8045782956666453
SGD,1639,0.8045782956666453
SGD,1640,0.8045782956666453
SGD,1641,0.6130802793330397
SGD,1642,0.13269104395025977
SGD,1643,0.13269104395025977
SGD,1644,0.24582045362956276
SGD,1645,0.2717104710851273
SGD,1646,0.26458118754522647
SGD,1647,0.26458118754522647
SGD,1648,0.04918039400888425
SGD,1649,0.4920003704902612
SGD,1650,0.4920003704902612
SGD,1651,0.5455574172003713
SGD,1652,0.46588441225101146
SGD,1653,0.42842562764218683
SGD,1654,0.27162100673360656
SGD,1655,0.27162100673360656
SGD,1656,0.27162100673360656
SGD,1657,0.42652170608295004
SGD,1658,0.8727022113179611
SGD,1659,0.8727022113179611
SGD,1660,0.7663179880077019
SGD,1661,0.7663179880077019
SGD,1662,0.3451684148157479
SGD,1663,0.3451684148157479
SGD,1664,0.5378698098355433
SGD,1665,0.3749294137174336
SGD,1666,0.3749294137174336
SGD,1667,0.62811775400121
SGD,1668,0.5583454530643277
SGD,1669,0.5249015026303673
SGD,1670,0.5249015026303673
SGD,1671,0.5249015026303673
SGD,1672,0.5336266080580259
SGD,1673,0.9481323073065802
SGD,1674,0.9481323073065802
SGD,1675,0.9481323073065802
SGD,1676,0.5150407107208324
SGD,1677,0.5562313896225215
SGD,1678,0.712929154353815
SGD,1679,0.340214819305765
SGD,1680,0.340214819305765
SGD,1681,0.33784035620362335
SGD,1682,0.3024074046049417
SGD,1683,0.26464809533422406
SGD,1684,0.3269064200758771
SGD,1685,0.13076480147249245
SGD,1686,0.10013173659180458
SGD,1687,0.10013173659180458
SGD,1688,0.14468906737845486
SGD,1689,0.14468906737845486
SGD,1690,0.19679406775523423
SGD,1691,0.14405068284450953
SGD,1692,0.7333688696002425
SGD,1693,1.2937215784320975
SGD,1694,1.3514417727155654
SGD,1695,0.9868418349668877
SGD,1696,0.39677460507864165
SGD,1697,0.39677460507864165
SGD,1698,0.717633603970062
SGD,1699,1.841207645544474
SGD,1700,1.6746338333739372
SGD,1701,1.4684636378871607
SGD,1702,0.2266388894037131
SGD,1703,0.2266388894037131
SGD,1704,0.2266388894037131
SGD,1705,0.33224967388103754
SGD,1706,0.620110615432022
SGD,1707,0.5693474770383404
SGD,1708,0.9933319719453219
SGD,1709,1.0282729119836589
SGD,1710,1.0202869761750444
SGD,1711,0.6394678316123955
SGD,1712,0.827495428015769
SGD,1713,0.22593589585741503
SGD,1714,0.1790968903381683
SGD,1715,0.1790968903381683
SGD,1716,0.24376477311655154
SGD,1717,0.4781663323379917
SGD,1718,0.38733541361627316
SGD,1719,0.5134679173287785
SGD,1720,0.6228336501417908
SGD,1721,0.5180321081692586
SGD,1722,0.5716421117463255
SGD,1723,0.45229497862860124
SGD,1724,0.21956299754759181
SGD,1725,0.23540830884222355
SGD,1726,0.21652401338125035
SGD,1727,0.3104480673001536
SGD,1728,0.6210354302589982
SGD,1729,0.05316140832710276
SGD,1730,0.06144434701870507
SGD,1731,0.6902210247668179
SGD,1732,0.6902210247668179
SGD,1733,0.6902210247668179
SGD,1734,0.6232703721147081
SGD,1735,0.24484778568161406
SGD,1736,0.5444446471896317
SGD,1737,0.5444446471896317
SGD,1738,0.3888095400628357
SGD,1739,0.4118324027867972
SGD,1740,1.2368072514536717
SGD,1741,0.4906148912296019
SGD,1742,0.4812165053099417
SGD,1743,0.8522413254496295
SGD,1744,0.5045101258953767
SGD,1745,0.2978916485959033
SGD,1746,0.46183791682740194
SGD,1747,0.46183791682740194
SGD,1748,0.4068561930503255
SGD,1749,0.34621878811232704
SGD,1750,0.1046845853907896
SGD,1751,0.2419732097862046
SGD,1752,0.2796913331280373
SGD,1753,0.25373655610026075
SGD,1754,0.3809324311743624
SGD,1755,0.24252189284861403
SGD,1756,0.24252189284861403
SGD,1757,0.39544300523597425
SGD,1758,0.32030470171304093
SGD,1759,0.3863075031992406
SGD,1760,0.3863075031992406
SGD,1761,0.5600470525181777
SGD,1762,0.5610685690223108
SGD,1763,0.6103023118918536
SGD,1764,0.12515653007320393
SGD,1765,0.22229863223378077
SGD,1766,0.1339676228378652
SGD,1767,0.31913785006066614
SGD,1768,0.3495335343895605
SGD,1769,0.9218595597383591
SGD,1770,0.3709338428024916
SGD,1771,0.3521523976560759
SGD,1772,0.3521523976560759
SGD,1773,0.49290639279514864
SGD,1774,0.6302595552912353
SGD,1775,0.7224296969085149
SGD,1776,0.6930646833433719
SGD,1777,0.7224296969085149
SGD,1778,0.5330957130327612
SGD,1779,0.5890699335410889
SGD,1780,0.5890699335410889
SGD,1781,0.3038012371322138
SGD,1782,0.2634628851764407
SGD,1783,0.3180711522139479
SGD,1784,0.3180711522139479
SGD,1785,0.3905358950332817
SGD,1786,0.4559208038463858
SGD,1787,0.4559208038463858
SGD,1788,0.7451724366054542
SGD,1789,0.5788571671092134
SGD,1790,0.5788571671092134
SGD,1791,0.4260806745669649
SGD,1792,0.07968834650791498
SGD,1793,0.11717319823712614
SGD,1794,0.30172916948888073
SGD,1795,0.4243669205170867
