{"losses": {"milo_LW_baseline_scale_aware": [[2.197828230476379, 1.929067227935791, 1.736465983581543, 1.6012186971028646, 1.4473371249516804, 1.290036465962728, 1.1449067976315817, 1.021693067296346, 0.9287979789733887, 0.8607488258043925, 0.8068846800168356, 0.7646938104311625, 0.7302702079137167, 0.7005433764457702, 0.673324459807078], [0.8112973108768463, 0.5765168787956237, 0.4960030018806458, 0.45384455892244974, 0.4258060598532359, 0.40662430555025736, 0.3896064367771149, 0.3764662002404531, 0.3639322363058726, 0.3531586958408356, 0.34383437309265136, 0.33546529148419696, 0.3276462602933248, 0.3210281399885813, 0.3145887687842051], [0.785004970296224, 0.439593026971817, 0.3497657384236654, 0.30956743168036144, 0.2881073960463206, 0.27243069133758546, 0.2608298861980438, 0.25210988529523215, 0.24542505451043448, 0.24028266448974608, 0.23582499116261801, 0.23146663229465483, 0.22772257483005523, 0.22398392916520438, 0.22015036629835766]], "milo_LW_scale_aware_False": [[0.2557368607441584, 0.2208524746020635, 0.22765719807942708, 0.21308689635594685, 0.1951347857872645, 0.18750548034509024, 0.18207119229634602, 0.17833137471675872, 0.17551445850928624, 0.17335891439914702, 0.1710378656387329, 0.16917989092667898, 0.1672392996708552, 0.16566557991902034, 0.16395164720217387], [0.798089354634285, 0.34308620692094166, 0.23929822299083073, 0.1882056295712789, 0.16794199587106703, 0.15604056984980902, 0.14994580266078314, 0.14625147763093313, 0.14310053638219833, 0.1409724782427152, 0.13917046671708425, 0.1373587188601494, 0.13586410425901413, 0.13490115940173467, 0.13340949745575587], [0.8206310379842917, 0.281080409014225, 0.18461974286238353, 0.15170208066304525, 0.1383995506008466, 0.13203288994630177, 0.12794886025985083, 0.1245536623398463, 0.12231481876770656, 0.12001867996851603, 0.1179651584982872, 0.11625869401892026, 0.11468566715319951, 0.11356271921396255, 0.11282111917138099]]}, "accuracies": {"milo_LW_baseline_scale_aware": [[26.003333333333334, 32.288333333333334, 37.09, 41.075, 47.32333333333333, 53.64833333333333, 60.391666666666666, 67.59166666666667, 72.32166666666667, 74.86166666666666, 76.75666666666666, 77.97333333333333, 78.86, 79.62833333333333, 80.30166666666666], [82.805, 84.945, 86.63666666666667, 88.04166666666667, 88.63166666666666, 89.03, 89.40833333333333, 89.83666666666667, 90.04166666666667, 90.28, 90.54666666666667, 90.71666666666667, 90.915, 91.02333333333333, 91.21166666666667], [90.625, 91.70333333333333, 92.10833333333333, 92.49166666666666, 92.72666666666667, 92.86333333333333, 93.08333333333333, 93.16166666666666, 93.31, 93.365, 93.475, 93.54666666666667, 93.57166666666667, 93.68, 93.77166666666666]], "milo_LW_scale_aware_False": [[93.12166666666667, 93.845, 94.04833333333333, 94.33666666666667, 94.48, 94.685, 94.79833333333333, 94.895, 94.96166666666667, 95.08666666666667, 95.13833333333334, 95.17333333333333, 95.165, 95.24, 95.27166666666666], [93.58833333333334, 94.66333333333333, 95.03, 95.31166666666667, 95.53, 95.64166666666667, 95.725, 95.85333333333334, 95.89333333333333, 95.94333333333333, 96.04166666666667, 96.08666666666667, 96.11, 96.135, 96.21833333333333], [94.115, 95.44666666666667, 95.84, 96.06, 96.245, 96.335, 96.47333333333333, 96.50333333333333, 96.54, 96.63166666666666, 96.66166666666666, 96.69333333333333, 96.69833333333334, 96.78166666666667, 96.81166666666667]]}, "f1_scores": {"milo_LW_baseline_scale_aware": [[0.23333535951732082, 0.2899488406852536, 0.3406768943710964, 0.3923518973130511, 0.4711325894299742, 0.5402794825474893, 0.6184163200241924, 0.6906491855474827, 0.7433321887125519, 0.7649071537929532, 0.7806975727785825, 0.7910481543204502, 0.7985480255761656, 0.804760822344153, 0.8104981305236538], [0.8325534281101339, 0.8527167534757535, 0.8671712847677565, 0.8796528191514137, 0.8854863331342173, 0.8894812621502395, 0.8931831774669309, 0.897529697207486, 0.8995436679458028, 0.9019339108934605, 0.9046029497724302, 0.9063222936947826, 0.9083219072141266, 0.9093755046687061, 0.9113427093311974], [0.9052397139684919, 0.916225694086533, 0.9203436763071998, 0.9242472237951015, 0.9266177731289137, 0.9279842164173135, 0.930265111524467, 0.9310417919431261, 0.9325684781358843, 0.9331020834379882, 0.9342102445925816, 0.934907414687691, 0.9351843744398229, 0.9362784282137439, 0.9372002530494068]], "milo_LW_scale_aware_False": [[0.9305767215133234, 0.9379197533153049, 0.9399540793775311, 0.942919802095305, 0.9443596870220683, 0.9464245196035398, 0.9475952855033489, 0.9485621492430194, 0.9492295112189977, 0.9504681191317601, 0.9510084717413833, 0.9513639012642148, 0.9512871839394114, 0.9520312983395623, 0.9523613016056356], [0.9352327971510166, 0.9461481918758234, 0.9499159253197955, 0.9527568983794591, 0.9549641618827185, 0.956101408409463, 0.9569505632480222, 0.9582391438637133, 0.9586418070342839, 0.9591399631336438, 0.9601285664438723, 0.9605721404295376, 0.9608138034739391, 0.9610693271196705, 0.9618945404685165], [0.940588208800581, 0.9541067733729859, 0.9581048162494353, 0.960330270477923, 0.9622003746798505, 0.9630916602333139, 0.9645065653746631, 0.9648027288049417, 0.9651842918620576, 0.9661048146120313, 0.9663932171458898, 0.9667260258889432, 0.9667668708036699, 0.9675999896029941, 0.9678949803160574]]}}