{"losses": {"milo_eps_1e-05": [[0.0273411080445993, 0.001699035697417822, 8.297239401193035e-05, 1.2259225248651973e-06, 1.8584499270914988e-07, 1.016365549081873e-07, 8.77470725961634e-08, 7.963114700721974e-08, 7.322774945694258e-08, 6.884888267677524e-08, 6.488324726940201e-08, 6.187723449346076e-08, 5.9065908265054646e-08, 5.6896333811333e-08, 5.489364539551881e-08], [0.028236972904774282, 0.0013356042517781773, 4.955237682162365e-05, 3.156253541962428e-06, 2.32926517868511e-07, 1.1719315605454029e-07, 9.265803326907e-08, 7.915223619872809e-08, 7.189852244309236e-08, 6.67408395616557e-08, 6.268382286940266e-08, 5.906191071692509e-08, 5.6214828910701915e-08, 5.36121332559721e-08, 5.13392386910283e-08], [0.02933520115689039, 0.0013734447324897938, 5.935622131026068e-05, 1.4536770047475519e-06, 2.2952298367269938e-07, 9.747943008792485e-08, 7.552623689512927e-08, 6.693940983003207e-08, 6.096912486353763e-08, 5.673331031014565e-08, 5.3427270156092276e-08, 5.0806695097449504e-08, 4.8058963357415033e-08, 4.6133763546052365e-08, 4.39761063753726e-08]], "milo_eps_0.005": [[0.03923701205104503, 0.0028508988374330887, 0.0004060886723109062, 2.1248629703576447e-05, 6.1896022781580724e-06, 5.2669290064675545e-06, 4.727569629646903e-06, 4.3564837341605765e-06, 4.067487064546545e-06, 3.833754668231867e-06, 3.640679590176887e-06, 3.480179384192657e-06, 3.339864661990196e-06, 3.2145347350412596e-06, 3.107495289757149e-06], [0.04999150548385041, 0.005438363831149916, 0.00039755283261954847, 5.062117307774147e-05, 1.0250775976033685e-05, 7.931016873406805e-06, 6.951211900336792e-06, 6.314503918217203e-06, 5.821460411770711e-06, 5.453651332267502e-06, 5.1476186097007805e-06, 4.90343839457618e-06, 4.690382127075191e-06, 4.504276714608579e-06, 4.345412972561509e-06], [0.04275566620539372, 0.0024209370989407126, 0.0004113529806451744, 3.4119808558053556e-05, 1.4501805065466656e-05, 1.102836493613116e-05, 9.679548226974788e-06, 8.798919561936695e-06, 8.134131803354569e-06, 7.587634988019924e-06, 7.1684918546092525e-06, 6.807402177312246e-06, 6.499834430144347e-06, 6.241844991098707e-06, 6.014403836034295e-06]], "milo_eps_0.05": [[0.04497567927284872, 0.004009419011808206, 0.000905967953410001, 0.0001623215309136241, 3.614738114183531e-05, 2.5620970186578873e-05, 2.2870285722484595e-05, 2.108202803431709e-05, 1.9951212313199562e-05, 1.9106283298323964e-05, 1.8400497857129258e-05, 1.7902951520085962e-05, 1.7479401399164375e-05, 1.723808100971181e-05, 1.696636524980685e-05], [0.0482046487982229, 0.005482045944917021, 0.0010951814631917174, 0.00017667100230150818, 5.5806520414869944e-05, 3.944131684525208e-05, 3.5587731986363975e-05, 3.330358605102883e-05, 3.1500581048052704e-05, 3.032033507460028e-05, 2.9411355991487418e-05, 2.8745110897818902e-05, 2.8207576790236998e-05, 2.7777497732639252e-05, 2.735763079309284e-05], [0.04469086739852622, 0.004689693087171539, 0.0011098773571619554, 0.0003122793220651564, 8.437515031199231e-05, 6.262369428024309e-05, 5.464747859070182e-05, 5.0375322541926454e-05, 4.764134681960665e-05, 4.55655348455366e-05, 4.3850638995756226e-05, 4.2560150089396605e-05, 4.158282250467285e-05, 4.0637087233758964e-05, 4.0002550529940585e-05]]}, "accuracies": {"milo_eps_1e-05": [[99.545, 99.95, 99.99833333333333, 100.0, 100.0, 100.0, 100.0, 100.0, 100.0, 100.0, 100.0, 100.0, 100.0, 100.0, 100.0], [99.52833333333334, 99.95833333333333, 99.99833333333333, 100.0, 100.0, 100.0, 100.0, 100.0, 100.0, 100.0, 100.0, 100.0, 100.0, 100.0, 100.0], [99.56333333333333, 99.955, 99.99666666666667, 100.0, 100.0, 100.0, 100.0, 100.0, 100.0, 100.0, 100.0, 100.0, 100.0, 100.0, 100.0]], "milo_eps_0.005": [[99.42333333333333, 99.91333333333333, 99.98333333333333, 100.0, 100.0, 100.0, 100.0, 100.0, 100.0, 100.0, 100.0, 100.0, 100.0, 100.0, 100.0], [99.29166666666667, 99.86833333333334, 99.98833333333333, 100.0, 100.0, 100.0, 100.0, 100.0, 100.0, 100.0, 100.0, 100.0, 100.0, 100.0, 100.0], [99.305, 99.91, 99.98666666666666, 100.0, 100.0, 100.0, 100.0, 100.0, 100.0, 100.0, 100.0, 100.0, 100.0, 100.0, 100.0]], "milo_eps_0.05": [[99.26166666666667, 99.86833333333334, 99.96166666666667, 99.995, 100.0, 100.0, 100.0, 100.0, 100.0, 100.0, 100.0, 100.0, 100.0, 100.0, 100.0], [99.12166666666667, 99.84, 99.96, 99.99833333333333, 100.0, 100.0, 100.0, 100.0, 100.0, 100.0, 100.0, 100.0, 100.0, 100.0, 100.0], [99.11666666666666, 99.85833333333333, 99.965, 99.99333333333334, 100.0, 100.0, 100.0, 100.0, 100.0, 100.0, 100.0, 100.0, 100.0, 100.0, 100.0]]}, "f1_scores": {"milo_eps_1e-05": [[0.995424588397646, 0.9994973833922671, 0.9999830497020585, 1.0, 1.0, 1.0, 1.0, 1.0, 1.0, 1.0, 1.0, 1.0, 1.0, 1.0, 1.0], [0.9952626956226723, 0.9995871374188209, 0.9999834031028805, 1.0, 1.0, 1.0, 1.0, 1.0, 1.0, 1.0, 1.0, 1.0, 1.0, 1.0, 1.0], [0.9955815788835916, 0.9995496958453278, 0.9999656576865712, 1.0, 1.0, 1.0, 1.0, 1.0, 1.0, 1.0, 1.0, 1.0, 1.0, 1.0, 1.0]], "milo_eps_0.005": [[0.9941698443735925, 0.9991258614029286, 0.9998342032659687, 1.0, 1.0, 1.0, 1.0, 1.0, 1.0, 1.0, 1.0, 1.0, 1.0, 1.0, 1.0], [0.9928677443457813, 0.9986702984974594, 0.9998809779718906, 1.0, 1.0, 1.0, 1.0, 1.0, 1.0, 1.0, 1.0, 1.0, 1.0, 1.0, 1.0], [0.9929971174195631, 0.9990921231537845, 0.9998678415964074, 1.0, 1.0, 1.0, 1.0, 1.0, 1.0, 1.0, 1.0, 1.0, 1.0, 1.0, 1.0]], "milo_eps_0.05": [[0.9925758886666791, 0.9986667369229565, 0.999619300744184, 0.9999497574828174, 1.0, 1.0, 1.0, 1.0, 1.0, 1.0, 1.0, 1.0, 1.0, 1.0, 1.0], [0.9911817409732444, 0.998387434507715, 0.9996021211938364, 0.9999846028700252, 1.0, 1.0, 1.0, 1.0, 1.0, 1.0, 1.0, 1.0, 1.0, 1.0, 1.0], [0.9910986990417715, 0.9985772762237974, 0.9996478661943977, 0.9999321914663163, 1.0, 1.0, 1.0, 1.0, 1.0, 1.0, 1.0, 1.0, 1.0, 1.0, 1.0]]}}