{"losses": {"milo_momentum_0.9": [[0.20812769779364268, 0.09266209674874941, 0.06883607759475709, 0.056218113750219345, 0.0479404056660831, 0.04167907241185506, 0.03613565285181006, 0.03232951481491327, 0.029533921215683222, 0.02664767141789198, 0.024600289802315333, 0.022576031319176158, 0.021109217541106045, 0.018959919110064706, 0.017578554049506784], [0.07236451484610637, 0.02925139714513595, 0.02080245009548962, 0.01622007033661163, 0.012700218714742612, 0.010915218800189905, 0.008699213271029294, 0.007913206730404635, 0.006665753208888539, 0.005924023404081042, 0.005741372579312883, 0.004996888707184311, 0.004593663280468899, 0.004072268370750438, 0.003709400590720664], [0.046925751919431304, 0.010819082995500261, 0.00623138221266369, 0.004349019594388179, 0.0031943917519189806, 0.0025949327178575914, 0.002339060159832297, 0.0017819716602023013, 0.0014828761090359573, 0.0012443127518046821, 0.0011417774465996748, 0.0009212274163142865, 0.0007919729112983381, 0.0006605570117225094, 0.0005522198071453507]], "milo_momentum_0.0": [[0.0015682986765131015, 0.0005420893166957587, 0.00040164991079006236, 0.00030355507538697564, 0.00024391147130396954, 0.00018922701158444397, 0.00016934144939884088, 0.00012698315735785095, 0.00011579630289743363, 0.00011757713591747839, 9.400872983011747e-05, 8.075671476585739e-05, 5.6146515691216334e-05, 6.112242163168654e-05, 3.822061001998615e-05], [0.0007511943251589401, 0.00012043358078537191, 5.890033702483682e-05, 5.933611641236591e-05, 3.1908411032327423e-05, 1.9591710634009966e-05, 1.9800316796166347e-05, 1.9303612757585142e-05, 1.1195869134523188e-05, 5.21504531257051e-06, 1.0707475254776e-05, 4.741855208855365e-06, 5.2259913319479286e-06, 3.4998916448557793e-06, 3.6123384569843136e-06], [0.000638729103940447, 9.264201553135838e-06, 5.005164876668762e-06, 3.455402442068589e-06, 3.3055914081160155e-06, 2.9041944412104688e-06, 2.683804408900414e-06, 2.448039919030028e-06, 2.165264064963897e-06, 2.0796397309216746e-06, 1.949296539108521e-06, 1.8574432340756175e-06, 1.7612282035770476e-06, 1.6997405797762137e-06, 1.607461592660305e-06]], "milo_momentum_0.45": [[0.0020094921107962817, 3.2119716432309056e-05, 4.0576288666973896e-06, 2.5962591609830572e-06, 2.007735513696692e-06, 1.8039146149476438e-06, 1.6297997466078111e-06, 1.4697153129570021e-06, 1.3915004877314156e-06, 1.2890249723644349e-06, 1.2421806011085816e-06, 1.162440733768714e-06, 1.101664153823852e-06, 1.053448128160047e-06, 1.0097310508020504e-06], [0.002282896845129195, 1.602915068040905e-05, 3.0003730717908183e-06, 1.7643976743556776e-06, 1.4673109582872713e-06, 1.3345613332830908e-06, 1.1903163341003165e-06, 1.091947117995081e-06, 1.0159994519502409e-06, 9.550728125304885e-07, 9.04662145395226e-07, 8.60785361779411e-07, 8.172866866667998e-07, 7.886544837598801e-07, 7.524699258510737e-07], [0.0015338662628047283, 1.3750908786319846e-05, 1.8337504389497403e-06, 1.1498498311757051e-06, 9.793192546168209e-07, 8.6054609060587e-07, 7.879914766798871e-07, 7.329437608422751e-07, 6.864681647205846e-07, 6.495026050932514e-07, 6.154640555223523e-07, 5.858964242444623e-07, 5.600904290777938e-07, 5.388820585058814e-07, 5.181127354338363e-07]]}, "accuracies": {"milo_momentum_0.9": [[93.85, 97.24166666666666, 97.96666666666667, 98.355, 98.60833333333333, 98.84166666666667, 98.98666666666666, 99.125, 99.23, 99.29, 99.35833333333333, 99.41333333333333, 99.46, 99.52833333333334, 99.53833333333333], [98.185, 99.24, 99.485, 99.60166666666667, 99.71166666666667, 99.76333333333334, 99.8, 99.83333333333333, 99.85833333333333, 99.87666666666667, 99.88166666666666, 99.89666666666666, 99.91166666666666, 99.93333333333334, 99.93666666666667], [98.915, 99.72833333333334, 99.86, 99.91833333333334, 99.935, 99.96333333333334, 99.96166666666667, 99.96666666666667, 99.97166666666666, 99.97833333333334, 99.97666666666667, 99.97666666666667, 99.98333333333333, 99.98333333333333, 99.98666666666666]], "milo_momentum_0.0": [[99.96333333333334, 99.98666666666666, 99.99, 99.99, 99.99333333333334, 99.99666666666667, 99.99666666666667, 99.99666666666667, 99.99666666666667, 99.99666666666667, 99.99666666666667, 99.99833333333333, 99.99833333333333, 99.99833333333333, 99.99833333333333], [99.98, 99.995, 99.99666666666667, 99.99833333333333, 99.99833333333333, 99.99833333333333, 99.99833333333333, 99.99833333333333, 100.0, 100.0, 100.0, 100.0, 100.0, 100.0, 100.0], [99.99166666666666, 100.0, 100.0, 100.0, 100.0, 100.0, 100.0, 100.0, 100.0, 100.0, 100.0, 100.0, 100.0, 100.0, 100.0]], "milo_momentum_0.45": [[99.93833333333333, 100.0, 100.0, 100.0, 100.0, 100.0, 100.0, 100.0, 100.0, 100.0, 100.0, 100.0, 100.0, 100.0, 100.0], [99.935, 100.0, 100.0, 100.0, 100.0, 100.0, 100.0, 100.0, 100.0, 100.0, 100.0, 100.0, 100.0, 100.0, 100.0], [99.955, 100.0, 100.0, 100.0, 100.0, 100.0, 100.0, 100.0, 100.0, 100.0, 100.0, 100.0, 100.0, 100.0, 100.0]]}, "f1_scores": {"milo_momentum_0.9": [[0.937803464840367, 0.9721859390550701, 0.9795245088423808, 0.9834459233981201, 0.9860101844495063, 0.988373363947875, 0.9898257764715568, 0.9912178988127753, 0.9922776027346683, 0.9928821151407096, 0.9935776538086902, 0.9941311239133016, 0.9946069008189016, 0.9952788116759199, 0.9953730207329652], [0.981719665411015, 0.9923692806108102, 0.9948304280508096, 0.9960168916077171, 0.9971261028974885, 0.9976483906887585, 0.9980004603600878, 0.9983451562542742, 0.9985958832141278, 0.9987734634254977, 0.9988224674960179, 0.9989803407202545, 0.9991249753607493, 0.9993440796256626, 0.9993780799370005], [0.9890886113504178, 0.9972835832908309, 0.9985965678805817, 0.9991951824476513, 0.9993586557751085, 0.9996399141179901, 0.9996258481939051, 0.999673529290326, 0.9997197173801915, 0.9997877073247834, 0.9997724662909231, 0.9997740331637404, 0.999838195846609, 0.9998389140339539, 0.9998712726507737]], "milo_momentum_0.0": [[0.999639152707488, 0.9998697059201691, 0.9999026295359199, 0.9999026295359199, 0.9999365443298723, 0.999968642044669, 0.999968642044669, 0.999968642044669, 0.999968642044669, 0.999968642044669, 0.999968642044669, 0.9999846028700252, 0.9999846028700252, 0.9999846028700252, 0.9999846028700252], [0.9998050745120466, 0.9999526804804557, 0.999968642044669, 0.9999846028700252, 0.9999846028700252, 0.9999846028700252, 0.9999846028700252, 0.9999846028700252, 1.0, 1.0, 1.0, 1.0, 1.0, 1.0, 1.0], [0.9999156292997247, 1.0, 1.0, 1.0, 1.0, 1.0, 1.0, 1.0, 1.0, 1.0, 1.0, 1.0, 1.0, 1.0, 1.0]], "milo_momentum_0.45": [[0.9993777489728135, 1.0, 1.0, 1.0, 1.0, 1.0, 1.0, 1.0, 1.0, 1.0, 1.0, 1.0, 1.0, 1.0, 1.0], [0.9993430086328503, 1.0, 1.0, 1.0, 1.0, 1.0, 1.0, 1.0, 1.0, 1.0, 1.0, 1.0, 1.0, 1.0, 1.0], [0.999547439747565, 1.0, 1.0, 1.0, 1.0, 1.0, 1.0, 1.0, 1.0, 1.0, 1.0, 1.0, 1.0, 1.0, 1.0]]}}