{"val_losses": {"MILO_normalize_True": [[0.00376093189988799, 0.0003135501281686679, 0.00014051012708697915, 0.0001151606843594615, 9.961280092925644e-05, 9.491987559496629e-05, 8.928456470524762e-05, 8.530259120569213e-05, 8.32337454417889e-05, 8.14600331348083e-05], [0.0013520207912256215, 0.00012183066076066223, 3.810182819827557e-05, 2.8381406616605768e-05, 1.938328194266153e-05, 1.5583236825776817e-05, 9.846025404829699e-06, 7.426281005193639e-06, 5.565254114999026e-06, 4.8950476822733194e-06]], "MILO_normalize_False": [[0.007315585568190778, 0.0021095802606586915, 0.0006675364599116316, 0.0007768169956767755, 0.0005024393630000305, 0.0005480083624489756, 0.0008410579357087651, 0.0008777522507920366, 0.0016023630975304211, 0.0009016132284256552], [0.011584798751618169, 0.00456340541584262, 0.002763755946276554, 0.0023284180944009372, 0.0018153251351400589, 0.0019215588856721297, 0.0019940969397546724, 0.002112078175600618, 0.002247375517617911, 0.0024476404797906678]]}, "val_accuracies": {"MILO_normalize_True": [[99.89333333333333, 99.99, 99.995, 99.995, 99.995, 99.995, 99.99666666666667, 99.99666666666667, 99.99666666666667, 99.99666666666667], [99.96, 99.99666666666667, 99.99833333333333, 100.0, 100.0, 100.0, 100.0, 100.0, 100.0, 100.0]], "MILO_normalize_False": [[99.795, 99.925, 99.985, 99.98166666666667, 99.99666666666667, 99.99833333333333, 99.98666666666666, 99.99666666666667, 99.97333333333333, 99.99833333333333], [99.61, 99.86833333333334, 99.945, 99.96833333333333, 99.99333333333334, 99.99666666666667, 99.995, 99.99666666666667, 99.99333333333334, 99.995]]}, "val_f1_scores": {"MILO_normalize_True": [[0.9989304066297462, 0.9999007814628339, 0.9999499258364832, 0.9999499258364832, 0.9999499258364832, 0.9999499258364832, 0.9999669261975512, 0.9999669261975512, 0.9999669261975512, 0.9999669261975512], [0.9995959558249657, 0.9999663615891894, 0.999983863849315, 1.0, 1.0, 1.0, 1.0, 1.0, 1.0, 1.0]], "MILO_normalize_False": [[0.9979241099088606, 0.9992423572141786, 0.9998497473968445, 0.999815453312236, 0.9999656834954973, 0.9999834526847288, 0.9998645725866877, 0.9999656838667452, 0.9997314816816797, 0.9999836271433725], [0.9960645804574833, 0.998685856128984, 0.9994459278251935, 0.9996786967706791, 0.9999333956798824, 0.9999673254684588, 0.9999507768226913, 0.9999673254684588, 0.9999339799730332, 0.9999499644571699]]}, "val_aucs": {"MILO_normalize_True": [[0.9999993379496498, 0.9999999962964236, 0.9999999993873245, 1.0, 1.0, 0.9999999996843691, 1.0, 1.0, 1.0, 1.0], [0.999999859223929, 0.9999999990531074, 1.0, 1.0, 1.0, 1.0, 1.0, 1.0, 1.0, 1.0]], "MILO_normalize_False": [[0.9999974589255647, 0.9999997025317018, 0.999999952423396, 0.999999975406819, 0.9999999996620168, 0.9999999996894239, 0.9999999863154004, 0.9999999940677933, 0.9999997314473863, 1.0], [0.9999906272694995, 0.999998541402387, 0.9999997980069274, 0.9999999251511735, 0.9999999950701206, 0.9999999962585477, 1.0, 1.0, 0.9999999990838603, 1.0]]}}