{"val_losses": {"MILO_LW_momentum_0.9": [[1.5469472089004517, 1.4126371060180665, 1.2449712059783935, 1.3033285779762267, 1.166021092376709, 1.428201366996765, 0.9882278303337098, 0.8863581967353821, 0.9039730929279327, 1.0413147009658814], [1.3527124431324005, 1.3547302923703193, 1.1009834359622002, 1.0759537614154815, 0.8738900547790527, 0.8965465111613273, 0.6924429382610321, 0.8038303337001801, 1.03563297290802, 0.7354412473535538]], "MILO_LW_momentum_0.0": [[0.7402555048656464, 0.7026619016075134, 0.6977631081693619, 0.6367292871630191, 0.6582783891332149, 0.64409352897048, 0.6934959971046448, 0.7232165600395203, 0.6574712459754943, 0.6230124042892456], [0.7024646053218842, 0.6613859033429622, 0.6679278727149963, 0.6039056534767151, 0.5923916179847717, 0.6170296466636658, 0.5495458474445343, 0.7361053593492508, 0.6061013293194771, 0.5519365853834152]], "MILO_LW_momentum_0.45": [[0.7502807137966157, 0.7655415638542176, 0.6706566207504272, 0.6132904570174217, 0.6672903904438019, 0.5505460277652741, 0.5816718455147744, 0.5798009152793884, 0.5165755047464371, 0.5118512631654739], [0.572506137843132, 0.6568226912593842, 0.7079239612960816, 0.6134566627788544, 0.5593139650726319, 0.5218023166656495, 0.5512162604999542, 0.5892970084142685, 0.6063719062376023, 0.6299376257801056]]}, "val_accuracies": {"MILO_LW_momentum_0.9": [[93.82, 93.608, 94.124, 93.488, 93.866, 92.624, 94.146, 94.418, 94.164, 93.74], [93.98, 93.454, 93.69, 93.672, 93.95, 93.802, 94.666, 93.962, 92.716, 94.204]], "MILO_LW_momentum_0.0": [[94.59, 94.448, 94.486, 94.41, 94.566, 94.498, 93.968, 93.742, 94.23, 94.374], [94.332, 94.39, 94.114, 94.206, 94.53, 94.248, 94.706, 93.348, 94.214, 94.484]], "MILO_LW_momentum_0.45": [[93.842, 93.826, 94.436, 94.2, 93.666, 94.644, 94.388, 94.098, 94.472, 94.688], [94.972, 93.898, 93.612, 93.938, 93.976, 94.542, 94.534, 93.924, 93.426, 93.18]]}, "val_f1_scores": {"MILO_LW_momentum_0.9": [[0.9382859789705449, 0.9357875039000143, 0.9417345465268818, 0.9346065958187006, 0.9389327277488944, 0.9255636162859406, 0.9412833052264988, 0.9440875245109153, 0.9421715109999658, 0.936429383289061], [0.9397201777811904, 0.9348438336349499, 0.9377924511999256, 0.9360695565033004, 0.9392402124819347, 0.9371353980969059, 0.9465149428751332, 0.9396728908335084, 0.9271855548656927, 0.9424014941691684]], "MILO_LW_momentum_0.0": [[0.9459782813499416, 0.9448667611566709, 0.9451332036459703, 0.9440108800215834, 0.9455269293057903, 0.9448244852128683, 0.9397820692344444, 0.937388061764206, 0.9425341300514278, 0.9436477471870337], [0.9431439112923943, 0.9437824455107471, 0.9410676467148118, 0.9416772845166033, 0.9452697059188571, 0.9423350442451885, 0.9469085562170496, 0.9334353788370228, 0.9424321565344853, 0.9449101655210981]], "MILO_LW_momentum_0.45": [[0.9372868574389024, 0.9384191620795569, 0.9445335321281829, 0.9420529322401728, 0.9363783120398936, 0.9463982451848972, 0.9438639738177205, 0.9409185579261752, 0.9445774980464993, 0.9469972100623849], [0.9496130560379212, 0.9383806611231085, 0.937067435204644, 0.9397747596610084, 0.9396727695793249, 0.9451273749881368, 0.9457153582416125, 0.9397302715857345, 0.9335341394874132, 0.9311602858070869]]}, "val_aucs": {"MILO_LW_momentum_0.9": [[0.9962359957777778, 0.996449636888889, 0.996751652888889, 0.9965050775555555, 0.9967545726666668, 0.9963157944444445, 0.9969587795555557, 0.9971402328888888, 0.9971480311111112, 0.9965159671111111], [0.9963454342222222, 0.9965534304444444, 0.997138724, 0.9966248026666668, 0.9972844917777778, 0.9970346191111112, 0.9975217186666665, 0.9972214706666668, 0.9969197097777778, 0.9973870340000002]], "MILO_LW_momentum_0.0": [[0.9974890431111112, 0.9975937060000002, 0.9974744011111112, 0.997513634888889, 0.9975161793333334, 0.9974401297777777, 0.9973765015555556, 0.9974131335555556, 0.9974689033333334, 0.9974175542222221], [0.997241236888889, 0.9975701933333333, 0.9974723704444445, 0.9975006780000001, 0.997593152, 0.9974858866666667, 0.9976681908888889, 0.9972963022222221, 0.9974461802222223, 0.9975525504444445]], "MILO_LW_momentum_0.45": [[0.9974832322222221, 0.9974692613333334, 0.9974422995555556, 0.9977026055555556, 0.9975583895555553, 0.9976531773333335, 0.997590229111111, 0.9975562648888889, 0.9976686971111113, 0.9976963857777779], [0.9977379659999999, 0.9976705404444444, 0.9975734373333334, 0.9977533437777778, 0.9977853882222222, 0.9976436626666667, 0.9977546877777778, 0.9975287668888889, 0.9975224584444444, 0.9974849684444445]]}}