{"losses": {"milo_lr_0.01": [[1.5666241861724854, 1.0749538020133973, 0.8611729519462585, 0.7384013052940369, 0.6526099535560608, 0.5892595415878296, 0.5356522316837311, 0.502270216884613, 0.4651834504699707, 0.4347017443847656, 0.4096187785053253, 0.3834240517902374, 0.36218727365493775, 0.3459881400632858, 0.32934949522972107], [0.6830855263900757, 0.4429959841537476, 0.376273090801239, 0.331822934961319, 0.3051600380420685, 0.2812981534385681, 0.2634296131801605, 0.24538443338394164, 0.22760939350128173, 0.21745076560020446, 0.2036680912733078, 0.19497241672992707, 0.18171003747463227, 0.172841650056839, 0.16367015939950944], [0.49675393455505373, 0.28684143097400666, 0.23393637003421783, 0.2053561128616333, 0.18286054480552674, 0.165932174795866, 0.1535828638792038, 0.14184185731887816, 0.1325529375934601, 0.12076468376636505, 0.11208391043424606, 0.10457167641162872, 0.09945901401400566, 0.09306141981124878, 0.08856350885391236]], "milo_lr_0.1": [[2.846910343837738, 1.5278144522476196, 1.2120202779769897, 1.044817977142334, 0.9446772491455078, 0.863575036869049, 0.7755874465560914, 0.7241378375244141, 0.6627738650131225, 0.6159260340309143, 0.5763086581802368, 0.5489494988441467, 0.5139352371025085, 0.4819581363105774, 0.46054569052696226], [2.0598385434913635, 0.8286584588241577, 0.6818989394283295, 0.5841656965065003, 0.520316314907074, 0.4860969281578064, 0.44990709972381593, 0.4206717612934113, 0.40246074010849, 0.3723093672275543, 0.34700051506996155, 0.34316428696632384, 0.321404514541626, 0.30926807249069216, 0.2938228722190857], [1.4579619960403443, 0.6340189736270905, 0.48710820371627805, 0.4165287578201294, 0.37500690442085266, 0.34629936400413514, 0.32465917709350584, 0.2919685894155502, 0.28191513540267943, 0.2675551461315155, 0.24677825444221496, 0.2359457334280014, 0.2316687872505188, 0.22353756922721862, 0.203307372713089]], "milo_lr_0.001": [[0.1495174274110794, 0.14277629001140593, 0.13459954259872436, 0.13459176674842835, 0.13555960743427276, 0.1335322221159935, 0.13151805877685546, 0.1301790324306488, 0.1315787167739868, 0.12912185105323792, 0.13050583726406098, 0.12702266268730164, 0.12594422766923904, 0.13036407344818116, 0.12894713806152344], [0.13133853877544402, 0.1279645679283142, 0.12781928284168242, 0.1233726494884491, 0.12462925365686417, 0.12218521401405334, 0.12363304387569428, 0.12240300435066223, 0.12175115587711334, 0.12375345676183701, 0.12304919878005982, 0.12144357585430145, 0.1202022655582428, 0.12102743716239929, 0.1195452643609047], [0.12366897977828979, 0.12363560055494309, 0.11932288304090499, 0.12213443873882293, 0.11841209553718567, 0.12167524344444275, 0.11980821806430816, 0.11961975859880447, 0.11711872631072998, 0.11612144931793213, 0.1173010692191124, 0.11601803188323975, 0.11611886534690857, 0.11601423155069351, 0.11575357986450195]]}, "accuracies": {"milo_lr_0.01": [[42.264, 61.204, 69.348, 73.836, 77.004, 79.454, 81.35, 82.642, 83.8, 84.9, 85.7, 86.668, 87.378, 87.94, 88.552], [76.702, 84.802, 87.118, 88.66, 89.6, 90.256, 90.904, 91.454, 92.026, 92.394, 92.906, 93.1, 93.712, 93.98, 94.28], [83.296, 90.112, 91.802, 92.826, 93.432, 94.214, 94.6, 95.04, 95.398, 95.664, 96.102, 96.288, 96.414, 96.776, 96.804]], "milo_lr_0.1": [[29.102, 46.512, 57.914, 63.678, 67.116, 69.884, 73.114, 74.928, 77.142, 78.72, 80.034, 81.02, 82.362, 83.374, 84.2], [56.184, 73.988, 77.91, 80.848, 82.69, 83.758, 84.904, 85.854, 86.482, 87.42, 88.2, 88.414, 89.0, 89.494, 89.988], [71.1, 81.248, 84.848, 86.724, 87.906, 88.796, 89.198, 90.448, 90.696, 91.138, 91.788, 92.112, 92.132, 92.542, 93.09]], "milo_lr_0.001": [[94.834, 95.044, 95.382, 95.336, 95.384, 95.38, 95.454, 95.436, 95.378, 95.604, 95.45, 95.566, 95.506, 95.458, 95.48], [95.426, 95.57, 95.526, 95.666, 95.714, 95.79, 95.73, 95.746, 95.776, 95.746, 95.806, 95.808, 95.822, 95.774, 95.902], [95.71, 95.618, 95.864, 95.846, 95.94, 95.768, 95.822, 95.89, 95.91, 96.034, 95.954, 96.054, 96.012, 95.942, 96.116]]}, "f1_scores": {"milo_lr_0.01": [[0.41843817632100533, 0.6099843222230078, 0.692728670696425, 0.7378039945443858, 0.7697805850319066, 0.7942622576121867, 0.8132860383661846, 0.8262163222475198, 0.8378116130507056, 0.8488392076987358, 0.8568183755291768, 0.8664657180293751, 0.8736416826748377, 0.8792170542295388, 0.8854193232082015], [0.7666993161250868, 0.8478310553769521, 0.8710313229813036, 0.8864313259555322, 0.8959224260540741, 0.9024870851241744, 0.9089451786708072, 0.9144751869243816, 0.9202457297747948, 0.9238732158906577, 0.929030484234489, 0.9309663716606501, 0.9370794337769721, 0.9397660283106349, 0.9427733918319644], [0.8327930768060678, 0.9010598025224207, 0.9179660246026449, 0.9282188618215903, 0.9342868711306973, 0.942115089456227, 0.9459581903207033, 0.9503932046636345, 0.9539702900268978, 0.956630330237991, 0.9610113441704099, 0.9628764319155281, 0.9641308731400882, 0.967752134734298, 0.9680312615039026]], "milo_lr_0.1": [[0.28930439678301445, 0.4621930546095564, 0.577511206639679, 0.6360425366871885, 0.67049719950562, 0.6983337424103928, 0.730559228727981, 0.7489131356995855, 0.7709925777022243, 0.7870967960204981, 0.800099639738785, 0.8100269927036636, 0.8233822028715391, 0.8336757961741685, 0.8418227890969471], [0.5615687595703096, 0.7398197920602401, 0.778807802253791, 0.8082555940459992, 0.8268421600608014, 0.8373657342359315, 0.8488602664709546, 0.8584722889692674, 0.8646208247046412, 0.8741139109907646, 0.8818369899744406, 0.8841085234663544, 0.8898600596075641, 0.8948397183402452, 0.899748127312755], [0.711262356928493, 0.8125109077668924, 0.848529998129105, 0.8672726795537727, 0.8789620735128386, 0.8879037048246797, 0.8918868259023723, 0.9044222018216926, 0.9069072047333764, 0.9113544625893077, 0.9178312973908411, 0.921073203037744, 0.9213281522424636, 0.925437831320008, 0.9308656150395151]], "milo_lr_0.001": [[0.9483411535947888, 0.9504028294101599, 0.9537863546152151, 0.9533354297164228, 0.9538229457210621, 0.9537715979894885, 0.9545111377177365, 0.9543137734396397, 0.9537538391598434, 0.9560361424499177, 0.9544687451670064, 0.9556254218319544, 0.9550155153593984, 0.9545610233232242, 0.9547750321432125], [0.9542258517116778, 0.955674786459847, 0.9552518491256172, 0.956641059164388, 0.9571306863096725, 0.9578885119316449, 0.9573005115325406, 0.9574504918469591, 0.9577440097038021, 0.9574419434660824, 0.9580342664985269, 0.958059124842174, 0.9582043705980828, 0.9577231046641661, 0.9590011062460109], [0.9570628133573431, 0.9561518893828721, 0.9586138835409201, 0.9584239942090905, 0.9593761491932815, 0.9576557824660512, 0.9582049115661553, 0.9588750148962619, 0.9590698157954032, 0.9603291946377605, 0.9595154590567431, 0.9605263240947173, 0.9601108905483497, 0.959422239090651, 0.9611321242970334]]}}