{"losses": {"milo_adaptive_True": [[3.1144395131206513, 0.6475449551582336, 0.555567759847641, 0.5210926690387726, 0.49067761374473573, 0.4650966487312317, 0.446546875705719, 0.4256250139045715, 0.42450164383888245, 0.4183234224319458, 0.42334498409271243, 0.409015591506958, 0.4142862730026245, 0.384223590016365, 0.3844385562801361], [2.5661583397293093, 0.6067951713562012, 0.5318335851860047, 0.5003302082633972, 0.45786189186096193, 0.44488968719482425, 0.44629774731636046, 0.43696235206604006, 0.4097084525680542, 0.3988425608253479, 0.4243077198314667, 0.3813055061244965, 0.3871143022918701, 0.3773653194904327, 0.37899717970848085], [2.578110156726837, 0.6303012605953217, 0.5460537360334397, 0.4883988256454468, 0.4648788458251953, 0.4385195066070557, 0.4056357879829407, 0.40817843216896055, 0.4014564908790588, 0.3799748491859436, 0.38360609736442564, 0.37372693632125853, 0.3611928594207764, 0.36094845760345456, 0.37272901739120484]], "milo_adaptive_False": [[36.69671082855225, 2.320461685180664, 2.321029185028076, 2.321242897796631, 2.3200953105163573, 2.319270647354126, 2.3201440632629393, 2.3203762437438966, 2.3185995220947264, 2.3196313124847414, 2.320405623550415, 2.320130216522217, 2.32003704536438, 2.319438214187622, 2.3191661177825926], [2.319485241851807, 2.31883873336792, 2.3186118563842775, 2.3191076054382322, 2.318688759613037, 2.318648172454834, 2.319933996429443, 2.3190468980407717, 2.3181568592071535, 2.317915820465088, 2.3181222468566896, 2.3174596615600587, 2.317914426574707, 2.317470249786377, 2.3177029206085207], [2.3178773567199706, 2.3173639154052736, 2.3175835510253906, 2.317419605560303, 2.317130664520264, 2.317556808013916, 2.317897646408081, 2.3179976286315918, 2.317113800048828, 2.3172061598205564, 2.317710846939087, 2.3180283988952635, 2.3175681401062014, 2.3168417211914063, 2.3173597186279298]]}, "accuracies": {"milo_adaptive_True": [[78.206, 84.502, 86.046, 86.93, 87.512, 87.974, 88.36, 88.612, 88.744, 88.642, 88.81, 89.108, 89.06, 89.456, 89.632], [78.596, 84.984, 86.168, 87.146, 87.918, 88.098, 88.212, 88.622, 88.852, 89.012, 88.954, 89.53, 89.442, 89.324, 89.682], [78.312, 85.182, 86.546, 87.47, 87.804, 88.226, 88.792, 88.802, 89.028, 89.37, 89.404, 89.398, 89.834, 89.916, 89.784]], "milo_adaptive_False": [[11.336, 9.828, 9.892, 9.966, 10.05, 9.928, 9.952, 10.114, 10.064, 10.276, 10.032, 10.15, 9.908, 10.064, 9.978], [10.11, 9.916, 10.15, 9.902, 9.982, 9.998, 9.96, 9.868, 9.996, 9.96, 9.858, 9.976, 10.086, 9.964, 10.324], [10.038, 10.102, 10.03, 9.766, 10.088, 9.882, 9.882, 9.894, 10.064, 9.902, 9.952, 9.954, 9.834, 10.074, 9.868]]}, "f1_scores": {"milo_adaptive_True": [[0.7823392214384526, 0.8451334771831638, 0.8602955985389285, 0.869327572850018, 0.8751355095041882, 0.8797839253559673, 0.8837044450946161, 0.886087983707142, 0.8875150416557072, 0.8865186991747842, 0.8881611262383444, 0.8910859469845474, 0.89074097659214, 0.894578720895332, 0.89643023542588], [0.7859125747194804, 0.8498745377618029, 0.861803894385764, 0.8714942650019883, 0.8791824393658152, 0.8810390467054964, 0.8820835412337715, 0.8862587023329376, 0.8885514740823819, 0.8901420656308829, 0.8895101599880265, 0.8954098779723735, 0.8944223378658723, 0.8932405441202764, 0.8968686333864998], [0.7828985210631633, 0.8518340403507668, 0.8655366831676548, 0.8747019934196031, 0.8780358900570899, 0.8822668959988335, 0.8878620641657001, 0.887990266578548, 0.890270853857755, 0.8936429304091706, 0.8939886238636466, 0.8939654476015073, 0.8982757531976453, 0.8990818043158739, 0.8978427906843571]], "milo_adaptive_False": [[0.09076960332376467, 0.05792321396828367, 0.06651251192269834, 0.06535607325994088, 0.06247373596966922, 0.05931079626354552, 0.06135298030333132, 0.0646114113388456, 0.0629450830370078, 0.06624179028681854, 0.06704105707438578, 0.0662119566146841, 0.06477533733679727, 0.062102358028042946, 0.05919936902888758], [0.0612695391453517, 0.06053482499743795, 0.06358199208013789, 0.06681612079218237, 0.06510651233131655, 0.06764766243621098, 0.06588311614966749, 0.06338944313977239, 0.06473467381189844, 0.06445614632348354, 0.05940153507177122, 0.062171457289567834, 0.062134827667607105, 0.06698063763288378, 0.064124572307872], [0.0665691556867418, 0.06774729943412111, 0.0673513327792305, 0.060291202243381414, 0.06156840149600136, 0.06108509546591497, 0.06171091058721182, 0.06291771680146382, 0.06192292696247374, 0.06202557059002371, 0.05981438492745329, 0.060069820255554116, 0.0632958277837534, 0.06417777460108512, 0.061148161533642956]]}}