{"losses": {"milo_normalize_True": [[1.8108944113731384, 0.522193482093811, 0.4423439650249481, 0.4248127561092377, 0.39653043462753296, 0.4140467868900299, 0.39050598989486696, 0.382493197517395, 0.38613825273513797, 0.38793196031570437, 0.37095694865226747, 0.35852151408195493, 0.36511582201957704, 0.35236191177368165, 0.3570705417251587], [4.279806770534515, 0.5851147883987426, 0.5319468050098419, 0.4782208829975128, 0.4546283947181702, 0.44339294845581056, 0.4288367055130005, 0.4404431232070923, 0.42581249715805053, 0.43627354030609133, 0.3984847320842743, 0.40953788970947264, 0.39729252353668215, 0.3991542248916626, 0.37805459634780886], [4.252818461341858, 0.6472907608604431, 0.5460287717437744, 0.511539979686737, 0.4994828123664856, 0.478678212184906, 0.4412390700912476, 0.45486501777648924, 0.4475419187164307, 0.43473844343185425, 0.4313034942722321, 0.4274816814994812, 0.41230079374313355, 0.4038070987701416, 0.40347038637161253]], "milo_normalize_False": [[9.02162330980301, 0.6861410321712494, 0.596421444568634, 0.5230693295669556, 0.5123084508228302, 0.45012989521026614, 0.4323589176177979, 0.41191895383834837, 0.3993258542919159, 0.38120703603744505, 0.37071939202308657, 0.35729473932266237, 0.35636476566314695, 0.3589045801258087, 0.3456528689575195], [5.136220680217743, 0.6581511115264893, 0.5616828544807434, 0.5096946018028259, 0.45963609132766725, 0.43663697345733643, 0.43442303173065183, 0.41575067974090574, 0.405821692905426, 0.3827709619140625, 0.37200428394317625, 0.3614682761001587, 0.3629454666519165, 0.3489015534210205, 0.3555375846195221], [4.1251759855651855, 0.6172783115386963, 0.5295624877548217, 0.4821886337471008, 0.4648283576774597, 0.42898340328216555, 0.4238821758174896, 0.3934941614341736, 0.38511143849372864, 0.37230868003845213, 0.3600664205121994, 0.3573357783317566, 0.34990992958068845, 0.34154793485641477, 0.3350263484668732]]}, "accuracies": {"milo_normalize_True": [[82.128, 87.192, 88.18, 88.886, 89.192, 89.164, 89.654, 89.8, 89.796, 89.942, 90.114, 90.28, 90.07, 90.476, 90.284], [79.422, 86.058, 87.232, 87.858, 88.312, 88.624, 88.734, 88.718, 89.04, 88.816, 89.192, 89.24, 89.486, 89.352, 89.832], [79.048, 85.418, 86.796, 87.466, 87.856, 88.048, 88.624, 88.484, 88.724, 88.928, 88.884, 88.886, 89.28, 89.412, 89.412]], "milo_normalize_False": [[68.914, 79.364, 82.45, 84.2, 85.292, 86.43, 86.948, 87.374, 87.902, 88.214, 88.496, 88.832, 88.784, 88.874, 89.306], [72.274, 80.204, 83.22, 84.778, 85.994, 86.614, 87.138, 87.284, 87.32, 88.258, 88.47, 88.712, 88.834, 89.178, 89.222], [72.454, 81.316, 83.796, 85.122, 85.604, 86.64, 87.004, 87.604, 88.132, 88.29, 88.542, 88.78, 88.83, 89.046, 89.194]]}, "f1_scores": {"milo_normalize_True": [[0.8214392151366031, 0.8720060558167786, 0.8818791138562491, 0.8888905260089613, 0.8919352122634348, 0.8916835320080432, 0.8965344159243029, 0.8980589668397378, 0.8979551451416927, 0.8993415469336066, 0.9011060029443818, 0.9027747187779844, 0.9007211495866014, 0.9047726863566361, 0.9028327600540541], [0.7941770569241932, 0.860574802161185, 0.8723717556078714, 0.8785282144167093, 0.8831385714068102, 0.8862926329613103, 0.8874513859409007, 0.8872305306144931, 0.890501350686421, 0.8881882787209762, 0.8919764770326986, 0.8924083393889463, 0.8948918569497264, 0.893558911174126, 0.8983767573778975], [0.7906477948907927, 0.8541840994980483, 0.8680227231415023, 0.8746886469956727, 0.8786371182724209, 0.8804015542318832, 0.8863016363983528, 0.8848435272939685, 0.8872120970829147, 0.8893030356880043, 0.8888358358029779, 0.8888545518131815, 0.8927949385836458, 0.8940951303835698, 0.894099331086647]], "milo_normalize_False": [[0.6907624123077254, 0.7961272736580252, 0.8260046031686628, 0.843112845830517, 0.8537953226926283, 0.8649942120745763, 0.8701072236727784, 0.8742089382910061, 0.8794945769208887, 0.8825830916688272, 0.8853395222124145, 0.8886424141548191, 0.8881295811224703, 0.8890641224455642, 0.8932516930041319], [0.7276155661025484, 0.8049288899708511, 0.833790290840791, 0.8487401949392165, 0.8603854108524305, 0.8665230873126637, 0.8716646509319009, 0.8730336874262015, 0.8733979261189374, 0.8826557314675909, 0.8848517040918825, 0.8872470691145586, 0.8883435263020362, 0.8918404867614997, 0.8922905401690304], [0.7289573486365876, 0.815173397689953, 0.8393731330586791, 0.8522492791889832, 0.8568820214495245, 0.8671730132200454, 0.8706574112043504, 0.8764835912671789, 0.8816736082099078, 0.8832766731182515, 0.8856319112560553, 0.8879842872367177, 0.8884402791935158, 0.8907043727091647, 0.8920975863749401]]}}