{"val_losses": {"MILO_eps_1e-05": [[0.0016593100603939732, 9.496240108556033e-05, 7.992261787617505e-05, 7.617768814544033e-05, 7.385256255211025e-05, 7.230674332058485e-05, 7.150424212291059e-05, 7.056932548467039e-05, 6.978734593055466e-05, 6.89279286822733e-05], [0.0010757322392249663, 9.489120209626923e-05, 7.274546921046567e-05, 7.015706558520651e-05, 6.852953446053469e-05, 6.687320458615353e-05, 6.607002257974414e-05, 6.513775312834334e-05, 6.483807952690767e-05, 6.382226550563613e-05]], "MILO_eps_0.005": [[0.002913676737159566, 0.0001986520113757333, 0.00011236292328440858, 0.00010000668852624888, 9.244390118671811e-05, 8.756582953160539e-05, 8.404837438377075e-05, 8.137602501423657e-05, 7.926459531632577e-05, 7.750609009607151e-05], [0.003998214176910785, 0.00046756677229067107, 0.00013604247259253188, 0.00011385143827530916, 0.0001063984746907644, 0.00010252262329666972, 9.776085399920688e-05, 9.47808307820786e-05, 9.23342599634445e-05, 9.034502064135558e-05]], "MILO_eps_0.05": [[0.0033381814479695494, 0.000576904432540306, 0.0002344628006478936, 0.00019273353948424336, 0.00017935005315502603, 0.0001705247758516709, 0.00016377355531699405, 0.0001583916276499475, 0.00015371034775801058, 0.00014983539039711786], [0.005809429767541339, 0.0007991214591342762, 0.00027110570968222043, 0.00023149072000798582, 0.00021527302971193006, 0.00020336428155510192, 0.00019467947486450979, 0.00018786973324850641, 0.00018187424340829293, 0.00017702502869129452]]}, "val_accuracies": {"MILO_eps_1e-05": [[99.95666666666666, 99.99666666666667, 99.99666666666667, 99.99666666666667, 99.99666666666667, 99.99666666666667, 99.99666666666667, 99.99666666666667, 99.99666666666667, 99.99666666666667], [99.97166666666666, 99.99666666666667, 99.99833333333333, 99.99666666666667, 99.99833333333333, 99.99833333333333, 99.99833333333333, 99.99833333333333, 99.99833333333333, 99.99833333333333]], "MILO_eps_0.005": [[99.93, 99.99333333333334, 99.995, 99.99666666666667, 99.99666666666667, 99.99666666666667, 99.99666666666667, 99.99833333333333, 99.99833333333333, 99.99833333333333], [99.9, 99.98666666666666, 99.99666666666667, 99.99666666666667, 99.99666666666667, 99.99666666666667, 99.99666666666667, 99.99666666666667, 99.99666666666667, 99.99666666666667]], "MILO_eps_0.05": [[99.89, 99.97833333333334, 99.995, 99.995, 99.995, 99.995, 99.995, 99.995, 99.995, 99.99666666666667], [99.85, 99.97833333333334, 99.995, 99.995, 99.995, 99.995, 99.995, 99.995, 99.995, 99.995]]}, "val_f1_scores": {"MILO_eps_1e-05": [[0.9995637110770561, 0.9999679019242039, 0.9999679019242039, 0.9999679019242039, 0.9999679019242039, 0.9999679019242039, 0.9999679019242039, 0.9999679019242039, 0.9999679019242039, 0.9999660950313316], [0.9997150208344519, 0.9999660950313316, 0.9999822311820166, 0.9999660950313316, 0.9999822311820166, 0.9999822311820166, 0.9999822311820166, 0.9999822311820166, 0.9999822311820166, 0.9999822311820166]], "MILO_eps_0.005": [[0.9992886573142377, 0.9999322042007149, 0.9999490946702636, 0.9999660950313316, 0.9999660950313316, 0.9999660950313316, 0.9999660950313316, 0.9999822311820166, 0.9999822311820166, 0.9999822311820166], [0.9989867420082756, 0.9998634192141751, 0.9999660950313316, 0.9999660950313316, 0.9999660950313316, 0.9999660950313316, 0.9999660950313316, 0.9999660950313316, 0.9999660950313316, 0.9999660950313316]], "MILO_eps_0.05": [[0.9988855830055497, 0.9997822168944422, 0.9999499258364832, 0.9999499258364832, 0.9999499258364832, 0.9999499258364832, 0.9999499258364832, 0.9999499258364832, 0.9999499258364832, 0.9999669261975512], [0.9984904287592707, 0.999781838766185, 0.9999499258364832, 0.9999499258364832, 0.9999499258364832, 0.9999499258364832, 0.9999499258364832, 0.9999499258364832, 0.9999499258364832, 0.9999499258364832]]}, "val_aucs": {"MILO_eps_1e-05": [[0.9999988147179211, 1.0, 1.0, 1.0, 1.0, 1.0, 1.0, 1.0, 1.0, 1.0], [0.9999999214141024, 0.9999999993687382, 1.0, 1.0, 1.0, 1.0, 1.0, 1.0, 1.0, 1.0]], "MILO_eps_0.005": [[0.9999974515881569, 0.9999999987408982, 1.0, 1.0, 1.0, 1.0, 1.0, 1.0, 1.0, 1.0], [0.9999981617561705, 0.9999999674594593, 0.9999999993687382, 0.9999999993687382, 0.9999999996843691, 0.9999999996843691, 1.0, 1.0, 1.0, 1.0]], "MILO_eps_0.05": [[0.9999994355243945, 0.9999999793615478, 0.9999999987560628, 0.9999999993687382, 0.9999999996843691, 0.9999999996843691, 0.9999999996843691, 0.9999999996843691, 0.9999999996843691, 1.0], [0.9999968272659224, 0.9999999578282731, 0.9999999981259073, 0.9999999990565291, 0.9999999993687382, 0.9999999993687382, 0.9999999993687382, 0.9999999993687382, 0.9999999993687382, 0.9999999993687382]]}}