{"val_losses": {"MILO_normalize_True": [[0.11923478438854218, 0.06382715883374214, 0.09013273345828056, 0.04339917769014835, 0.0405584207880497, 0.038110957530140877, 0.03007224458321929, 0.03312933913618326, 0.026599772771149874, 0.026570705493167042], [0.09627801983237266, 0.05237147944927215, 0.042996684060692784, 0.04255425078570843, 0.04766663361415267, 0.028871059617698192, 0.02406581819191575, 0.028850553836226464, 0.021601789190918208, 0.02373700324475765]], "MILO_normalize_False": [[0.4604732213973999, 0.18656857984066008, 0.1121854975348711, 0.1269643336749077, 0.15835860672712326, 0.13758238142669202, 0.1095703573012352, 0.14774257151603698, 0.09023129399299622, 0.09136299215912819], [0.384376849861145, 0.25078862448215483, 0.20909360038757324, 0.288393208694458, 0.2048090531873703, 0.2772028938484192, 0.25446069331645965, 0.19258604788303374, 0.1897036127614975, 0.18052566222667693]]}, "val_accuracies": {"MILO_normalize_True": [[96.122, 97.74, 97.122, 98.49, 98.59, 98.676, 98.968, 98.852, 99.06, 99.026], [96.776, 98.132, 98.412, 98.466, 98.34, 98.964, 99.162, 98.97, 99.214, 99.18]], "MILO_normalize_False": [[92.106, 95.428, 96.89, 96.468, 95.658, 96.176, 96.658, 95.726, 96.956, 96.982], [88.47, 91.81, 93.114, 90.644, 93.19, 91.42, 91.642, 93.372, 93.768, 93.818]]}, "val_f1_scores": {"MILO_normalize_True": [[0.9613085478097749, 0.9775124126812148, 0.9713093476108922, 0.9849141218198193, 0.9859117820512008, 0.986796249717492, 0.9896643370335628, 0.9885309890294138, 0.9906086124916282, 0.9902629597671133], [0.9680584017111723, 0.981333596385977, 0.984113836480967, 0.984655101340276, 0.9833703231138738, 0.9896406247456836, 0.9916260412392577, 0.9896661260339821, 0.9921384275252656, 0.9918030078843607]], "MILO_normalize_False": [[0.9212787828911289, 0.9543740857087064, 0.968860662034904, 0.9647970415827698, 0.9566539414291061, 0.9616781281843012, 0.9665940320134933, 0.9573852688829559, 0.9696455985310622, 0.9698529535815178], [0.8858467937599276, 0.9176223364969944, 0.9312352978620512, 0.9043475936728527, 0.9319729820307685, 0.9135086753041298, 0.9167251662988558, 0.9343719986646049, 0.9381154897242991, 0.9384452227043667]]}, "val_aucs": {"MILO_normalize_True": [[0.9993688828888889, 0.9997043504444443, 0.9996794164444444, 0.9998573915555555, 0.9998841173333333, 0.9998871706666665, 0.9999247666666667, 0.9999262966666667, 0.99994122, 0.9999407448888888], [0.9995230057777776, 0.9998072853333332, 0.999857384888889, 0.9998765775555555, 0.9998912037777778, 0.9999312993333334, 0.999948026, 0.9999403993333333, 0.9999575431111112, 0.9999608017777778]], "MILO_normalize_False": [[0.9988368995555555, 0.9992699013333333, 0.9994858455555555, 0.9994771435555556, 0.9993185206666666, 0.9992396893333332, 0.9994233513333333, 0.9991598117777778, 0.9995133506666667, 0.9995258851111111], [0.9959658835555555, 0.9977470811111111, 0.9978927817777778, 0.9972206946666666, 0.9979011484444446, 0.9975088224444445, 0.9981365502222221, 0.9982924804444444, 0.9984847086666667, 0.9984751573333334]]}}