{"val_losses": {"MILO_adaptive_True": [[0.014289003299254303, 0.0057469403644104505, 0.0033455215231796803, 0.0021317221234877556, 0.0015663229952474164, 0.0013194228569283345, 0.0012249442976833961, 0.0008979354906536173, 0.0007647751321489826, 0.0006501896451775489], [0.004035674424353268, 0.001472638983281528, 0.0005642272651743648, 0.000416832295350711, 0.00022438003498197455, 9.038305325675917e-05, 7.511263174361981e-05, 4.190555274996465e-05, 3.78702763784986e-05, 3.210522206815464e-05]], "MILO_adaptive_False": [[1.9232948088328043, 0.9273558767000835, 0.9346190516471863, 1.2049193435668946, 1.515580721795559, 0.8861311402400335, 1.0582051468372344, 1.081829326136907, 0.5763244689027468, 0.5442208747148514], [0.6871472007195155, 0.5633584538300832, 0.4780047790924708, 0.5025634999116262, 0.5850636141002176, 0.5324765713969867, 0.508303031394879, 0.3544925144990285, 0.30430568156639737, 0.33854562116053033]]}, "val_accuracies": {"MILO_adaptive_True": [[99.57, 99.82333333333334, 99.90333333333334, 99.94666666666667, 99.94833333333334, 99.96833333333333, 99.96666666666667, 99.97333333333333, 99.97833333333334, 99.98], [99.88166666666666, 99.95666666666666, 99.98, 99.98333333333333, 99.99, 99.99833333333333, 99.99833333333333, 100.0, 100.0, 100.0]], "MILO_adaptive_False": [[87.645, 88.05166666666666, 89.995, 91.67166666666667, 93.28333333333333, 92.55833333333334, 93.215, 93.45333333333333, 94.05, 94.2], [94.19666666666667, 94.635, 94.37333333333333, 94.87333333333333, 95.09833333333333, 94.51166666666667, 95.38, 95.53833333333333, 95.63166666666666, 95.90333333333334]]}, "val_f1_scores": {"MILO_adaptive_True": [[0.9956835125480925, 0.9982263907396607, 0.9990343023808677, 0.9994680689249696, 0.9994875454671284, 0.9996846159929603, 0.9996665258308406, 0.9997339752084183, 0.9997841890898449, 0.9997991416835459], [0.9988111810086236, 0.9995686462271571, 0.9997979325720723, 0.9998327161151284, 0.9998996777451739, 0.9999823348031777, 0.9999823348031777, 1.0, 1.0, 1.0]], "MILO_adaptive_False": [[0.8789529456773539, 0.887134056222672, 0.9047516813360945, 0.9198416136092218, 0.934471972388953, 0.9289331222307642, 0.9353839249103363, 0.9368360079816748, 0.9431767845607162, 0.9445445834102845], [0.9443088926270203, 0.9484361680021713, 0.9463020910478604, 0.9510479862399702, 0.9529637040092549, 0.9473933304109214, 0.9554591040344563, 0.957171039575412, 0.9580281923777146, 0.9606035921290645]]}, "val_aucs": {"MILO_adaptive_True": [[0.9999868492986647, 0.9999966878511847, 0.9999982136022307, 0.9999989832687284, 0.9999993794455552, 0.9999994565028985, 0.999999610477768, 0.9999997409510083, 0.9999998291552818, 0.9999998807922792], [0.9999988020298772, 0.9999997380526091, 0.9999999852546612, 0.9999999929461947, 0.999999998161934, 1.0, 1.0, 1.0, 1.0, 1.0]], "MILO_adaptive_False": [[0.9808818488761414, 0.9879994259886166, 0.9900940140108816, 0.9921622309228834, 0.9932031959476874, 0.9939728567368311, 0.9948326882934933, 0.9939142029197757, 0.9960409305494833, 0.9964647324496528], [0.9958099119155854, 0.9964615581857288, 0.9970371428068386, 0.9967474445786616, 0.9971354036917806, 0.9969112899826337, 0.9972559933075447, 0.9975588656975078, 0.9981143902394061, 0.9980228091302207]]}}