{"losses": {"milo_LW_baseline_scale_factor": [[1.0370463459253312, 0.3578148578385512, 0.20680331614613534, 0.15031270455519358, 0.1289034670929114, 0.11913632901310921, 0.11206739564736684, 0.10780818393230439, 0.10557706190347671, 0.10358809751470884, 0.10181228945652644, 0.10047009072303772, 0.0990616065065066, 0.09788074932495754, 0.09685234552820524], [0.8894013992389043, 0.283771863168478, 0.16364436060587564, 0.12179669777552286, 0.10449348490635554, 0.09590623510082563, 0.09261614572207133, 0.09062968340714772, 0.08876515473326048, 0.08724735630949339, 0.08586275107065837, 0.08466529608567555, 0.08365276171167692, 0.08276584744354089, 0.08205168415109317], [0.3356163732647896, 0.11878910798231761, 0.09090662472844124, 0.08315565640926362, 0.08045401183962822, 0.07874464106907447, 0.07727384421030681, 0.07608949417273203, 0.07509374552369118, 0.07445939599672953, 0.07372655703028043, 0.07280892497499784, 0.07219112915198009, 0.07150144133766492, 0.07115171498755614]], "milo_LW_scale_factor_0.1": [[0.16051096447904906, 0.09610212662418684, 0.08097339129050572, 0.07380530355771382, 0.0717790962378184, 0.0701668116192023, 0.068532035672913, 0.06750273680488268, 0.0666480200757583, 0.06586753677030405, 0.06544252196351687, 0.06474888026118278, 0.06443791373868783, 0.06358108109732469, 0.06308747823238373], [0.36401656296551227, 0.11403293784856797, 0.07733317960153023, 0.06610997595787048, 0.06361082233389219, 0.06146317293047905, 0.06009327454517285, 0.05937858325143655, 0.05841777593592803, 0.05789776824216048, 0.05715260877807935, 0.056584832208355265, 0.05603669756352901, 0.0556339442640543, 0.05523075789064169], [0.7623845629747957, 0.20650017212430635, 0.09672449439664682, 0.0699689116962254, 0.061631551817556224, 0.05769291430898011, 0.05571822751164436, 0.054468625015020374, 0.05323414302170277, 0.05276556687851747, 0.05238762458562851, 0.05174456673363845, 0.051072173095742864, 0.05061908106754223, 0.05009422269165516]], "milo_LW_scale_factor_0.5": [[0.13076644821564357, 0.06508408659100533, 0.05539974969948332, 0.051918052977323534, 0.04988152040665348, 0.048972188227127, 0.047848058756192524, 0.047216866317391394, 0.04642072620441516, 0.04611711829304695, 0.045633474693695705, 0.0451320920770367, 0.0446174706513683, 0.04416408174956838, 0.044041277813911435], [0.09952103021591902, 0.05470665413861473, 0.0492814518759648, 0.04701026075234016, 0.04408558766245842, 0.0429167446958522, 0.041992250188191735, 0.04147209721207619, 0.041133642633756004, 0.040627908166249595, 0.03979916708295544, 0.039508371605972446, 0.03931307561124364, 0.038905937793850896, 0.0388034200121959], [0.488116660502553, 0.09636693701831003, 0.052215557931611936, 0.04547546451563637, 0.040446780272821586, 0.03938663911223412, 0.038291586891189215, 0.03771290015553435, 0.03726278477261464, 0.03675012513697147, 0.03633160119441648, 0.036040951204051576, 0.03563129664386312, 0.03529914047742883, 0.03526543516628444]]}, "accuracies": {"milo_LW_baseline_scale_factor": [[94.41166666666666, 95.785, 96.19333333333333, 96.47833333333334, 96.645, 96.79, 96.87333333333333, 96.965, 97.015, 97.08166666666666, 97.09166666666667, 97.12333333333333, 97.16833333333334, 97.21166666666667, 97.235], [95.075, 96.26666666666667, 96.73333333333333, 97.01166666666667, 97.17166666666667, 97.30833333333334, 97.36666666666666, 97.40666666666667, 97.45166666666667, 97.56333333333333, 97.58, 97.56333333333333, 97.63666666666667, 97.65, 97.66], [96.23333333333333, 97.19, 97.51, 97.595, 97.74666666666667, 97.76833333333333, 97.83, 97.90166666666667, 97.93333333333334, 97.915, 97.94833333333334, 97.95666666666666, 97.98666666666666, 98.00833333333334, 98.02666666666667]], "milo_LW_scale_factor_0.1": [[96.71333333333334, 97.53666666666666, 97.79166666666667, 97.93333333333334, 98.00666666666666, 98.05166666666666, 98.08833333333334, 98.09166666666667, 98.14833333333333, 98.17, 98.18, 98.23166666666667, 98.23666666666666, 98.23, 98.26833333333333], [96.695, 97.715, 98.025, 98.18666666666667, 98.24666666666667, 98.29666666666667, 98.34166666666667, 98.38333333333334, 98.41166666666666, 98.41333333333333, 98.46166666666667, 98.49333333333334, 98.50166666666667, 98.52333333333333, 98.5], [96.17666666666666, 97.52833333333334, 98.02333333333333, 98.24666666666667, 98.35, 98.44333333333333, 98.48, 98.53666666666666, 98.57, 98.595, 98.58333333333333, 98.59166666666667, 98.64666666666666, 98.67666666666666, 98.66333333333333]], "milo_LW_scale_factor_0.5": [[97.62166666666667, 98.33666666666667, 98.49166666666666, 98.60333333333334, 98.64833333333333, 98.66166666666666, 98.72666666666667, 98.74666666666667, 98.75833333333334, 98.76333333333334, 98.78666666666666, 98.82166666666667, 98.85333333333334, 98.84, 98.845], [97.925, 98.55, 98.705, 98.76833333333333, 98.81333333333333, 98.86333333333333, 98.88166666666666, 98.89666666666666, 98.91333333333333, 98.91, 98.94333333333333, 98.95166666666667, 98.95666666666666, 98.97666666666667, 98.95], [97.14, 98.26333333333334, 98.68333333333334, 98.82666666666667, 98.91833333333334, 98.97666666666667, 99.03, 99.04166666666667, 99.05, 99.07333333333334, 99.065, 99.10166666666667, 99.095, 99.10666666666667, 99.11833333333334]]}, "f1_scores": {"milo_LW_baseline_scale_factor": [[0.943568002564765, 0.9575191736696403, 0.9616370351356158, 0.9645261590782767, 0.9662199668988547, 0.9676906803293367, 0.9685270325590464, 0.9694533763527824, 0.969953889688848, 0.9706291104851894, 0.9707298895561827, 0.971040299522002, 0.9715026856054056, 0.9719353777405264, 0.9721770938560195], [0.9502755279595629, 0.962384104341127, 0.9671086487299847, 0.9699026864115183, 0.9715325866414275, 0.9729022446129741, 0.9735136760106002, 0.9738968074505696, 0.9743539155008994, 0.9754854534851004, 0.9756474418980374, 0.9754884125766934, 0.9762335159043953, 0.9763642468848912, 0.9764688816677601], [0.9620120016584585, 0.9716970027592835, 0.9749404684916518, 0.975817342799207, 0.9773385541427514, 0.9775724676797848, 0.9781896083421149, 0.9789102529069975, 0.9792334577609783, 0.9790351614860459, 0.9793747567195593, 0.9794672309404335, 0.9797685593191036, 0.979982865132252, 0.9801651226065162]], "milo_LW_scale_factor_0.1": [[0.9668601207186341, 0.9752108611047514, 0.9777799487969073, 0.9792376927154878, 0.979972329972639, 0.9804174569955781, 0.9807871196125424, 0.9807996854801561, 0.9813861052963763, 0.9816007711959965, 0.9817207437063045, 0.9822406292765569, 0.9822763274981201, 0.9822119095009016, 0.9825958403307242], [0.966687936182778, 0.9770115194146392, 0.9801316092947785, 0.9817666650423597, 0.9823733836125397, 0.9828774338812059, 0.9833311282388892, 0.9837461840601238, 0.98402849567324, 0.9840643069162873, 0.9845417344644831, 0.9848597858976461, 0.9849361333351991, 0.9851661283420702, 0.9849234550868466], [0.9614197455454672, 0.9751022623645978, 0.9801020079377981, 0.9823784551808432, 0.9834109848578338, 0.9843497139524333, 0.9847305604591226, 0.985286939065532, 0.9856403660386277, 0.9858842612505997, 0.985767062043634, 0.9858600992897193, 0.986398575995798, 0.9867169074073626, 0.9865783102567693]],