{"val_losses": {"MILO_LW_normalize_True": [[0.11493395644923052, 0.10620345691386611, 0.10234150191744168, 0.10066755361774994, 0.09939228715697924, 0.09809317553228854, 0.0973092758278052, 0.09655083309428446, 0.0961700861788956, 0.09548171702027321], [0.116178307094154, 0.10975269598758314, 0.10466458118756612, 0.10241615959207218, 0.10141347111662229, 0.1003964942852656, 0.09968502735128859, 0.09914933736125627, 0.09874910946316086, 0.09834867407189062]], "MILO_LW_normalize_False": [[0.10384978911379973, 0.10218400709231694, 0.10133257317078533, 0.10008585339983304, 0.10032760528617848, 0.10055593589941661, 0.10077419989310438, 0.1006659266643847, 0.10065803687108953, 0.10080553582906723], [0.11626554083960752, 0.11157628799875577, 0.10900538984189431, 0.10850350199341774, 0.10772577409433821, 0.10757193462451299, 0.10693532105485598, 0.10671381446222464, 0.1068584361165762, 0.10632060658534367]]}, "val_accuracies": {"MILO_LW_normalize_True": [[96.40333333333334, 96.515, 96.54833333333333, 96.57333333333334, 96.595, 96.62833333333333, 96.64, 96.65833333333333, 96.675, 96.69], [96.145, 96.355, 96.44666666666667, 96.50666666666666, 96.53333333333333, 96.56666666666666, 96.57166666666667, 96.58833333333334, 96.59, 96.60166666666667]], "MILO_LW_normalize_False": [[96.48, 96.53, 96.56, 96.58, 96.59, 96.57833333333333, 96.59333333333333, 96.58833333333334, 96.59333333333333, 96.58833333333334], [96.25666666666666, 96.37333333333333, 96.42, 96.455, 96.48666666666666, 96.49833333333333, 96.48833333333333, 96.53, 96.52333333333333, 96.52666666666667]]}, "val_f1_scores": {"MILO_LW_normalize_True": [[0.9653836790965882, 0.9664861996446126, 0.9668286107174925, 0.9670585314710385, 0.967278310898665, 0.9676179814559631, 0.96770645187738, 0.967899106649664, 0.9680242626467639, 0.9681814912978485], [0.9633040738600471, 0.9651478484249256, 0.9660223075497413, 0.9665354039696605, 0.96681326273073, 0.9670598606668184, 0.9671405520014119, 0.9672894071055719, 0.9673233430319307, 0.9674044161279511]], "MILO_LW_normalize_False": [[0.9662781813012536, 0.9667115599657148, 0.9669425105530335, 0.9670711729468963, 0.9671758236522198, 0.9670315179927502, 0.9671504376254891, 0.9670548966624329, 0.9671044299953682, 0.9670789072938659], [0.9638671959214266, 0.9648841728243678, 0.9653112544900015, 0.9656474400328905, 0.9659104425911419, 0.9659987848522791, 0.9658594097021901, 0.966272576542071, 0.9661690561479173, 0.9662074406038995]]}, "val_aucs": {"MILO_LW_normalize_True": [[0.9989278806212841, 0.998985707400273, 0.9990098736839739, 0.9990314284227733, 0.9990450341552461, 0.9990632925236774, 0.9990782069588555, 0.9990930556418733, 0.9991032244453597, 0.9991137030057008], [0.9987693083737559, 0.9989003938480698, 0.998954796513092, 0.9989932289300846, 0.9990125512552137, 0.9990184927889386, 0.9990318133445841, 0.9990391688130245, 0.9990418672875115, 0.9990597989512748]], "MILO_LW_normalize_False": [[0.9989819159961992, 0.9989922113371851, 0.9990161872329596, 0.9990329374880833, 0.9990276305370284, 0.9990361073751831, 0.9990346131754275, 0.9990297214666937, 0.9990345705559026, 0.9990336489378304], [0.9988584703988591, 0.998912591058389, 0.9989345982468286, 0.9989463987467604, 0.9989650684711014, 0.9989804950941423, 0.9989720235188008, 0.99898208405847, 0.9989836954537061, 0.9989846784527456]]}}