{"losses": {"milo_eps_1e-05": [[2.3038203303718565, 0.5336744703674317, 0.4570012552261353, 0.4167026613998413, 0.4043654622077942, 0.3836383750629425, 0.3698422613334656, 0.37080146788597107, 0.3558737904071808, 0.34948111909627916, 0.3430692471313477, 0.3474177707195282, 0.3275184393119812, 0.3378373370218277, 0.3223624606704712], [3.784088985557556, 0.5463684807395935, 0.48233529488563537, 0.431913272151947, 0.39580862518787385, 0.40402589403152467, 0.38863411645889284, 0.36769745018959044, 0.36825362975120546, 0.3630114064502716, 0.36381608949661254, 0.3520454417610168, 0.34807327641487124, 0.33701249298095703, 0.3409816293621063], [3.256296683959961, 0.5567476222419738, 0.5014185111999512, 0.44407936933517456, 0.4327306840133667, 0.39863347041130065, 0.3975212021446228, 0.3790877985858917, 0.38947494222640994, 0.3753907614421845, 0.3647623491859436, 0.36003747257232666, 0.3602847558403015, 0.3543111595392227, 0.35728373888015746]], "milo_eps_0.005": [[4.914870187339782, 0.4906861108016968, 0.42603059547424316, 0.39681409162521364, 0.37627870206832886, 0.353712841835022, 0.34981620767593385, 0.3350892120552063, 0.3317577028274536, 0.32063018295288087, 0.31717094568252563, 0.3071058741569519, 0.29736851622581484, 0.29834834915161135, 0.29726250453948977], [4.780891093997956, 0.4626439364242554, 0.4001966477584839, 0.37392703310012815, 0.3450669361686707, 0.3392574083709717, 0.3337377680206299, 0.3280771240234375, 0.31510713579177857, 0.3056910051345825, 0.30478947150230407, 0.2959949353790283, 0.2913600042152405, 0.29044038236141206, 0.2784878267860413], [3.3972466120147704, 0.43854377292633057, 0.39339075846672056, 0.3622036829948425, 0.33612781728744506, 0.33080937045097353, 0.3164020456504822, 0.30530649034500124, 0.3023271970462799, 0.3031726662302017, 0.2962938215255737, 0.28536223737716676, 0.28678782288074495, 0.2817068874359131, 0.2778919116067886]], "milo_eps_0.05": [[2.9898513326644895, 0.3920964254665375, 0.33992143523216245, 0.32416559789657595, 0.3065242512512207, 0.29226455738067625, 0.28484715480804446, 0.2749708985757828, 0.2759310932445526, 0.26384246381759646, 0.2586128344631195, 0.2604894381046295, 0.25205718297958374, 0.251732506685257, 0.24610766977787019], [1.678049534664154, 0.3679297180366516, 0.33119179510116575, 0.3000779785346985, 0.2904398568534851, 0.28322732278823853, 0.2778473866844177, 0.27035737721443176, 0.26551175806045535, 0.2535389157676697, 0.2544178542518616, 0.24987071125984192, 0.24878973257064818, 0.24225709300994874, 0.23880719168663025], [1.669690599679947, 0.36112865592479704, 0.3201594159889221, 0.2988291921043396, 0.2868278255081177, 0.2764464450263977, 0.2693158837890625, 0.25882360906600954, 0.2523003487443924, 0.2499609988641739, 0.2374075674343109, 0.2432156079530716, 0.2403617588329315, 0.24162428061485292, 0.23821629519462587]]}, "accuracies": {"milo_eps_1e-05": [[79.668, 86.082, 87.474, 88.164, 88.542, 89.18, 89.332, 89.618, 89.652, 89.882, 90.002, 89.982, 90.224, 90.344, 90.492], [78.25, 85.736, 86.994, 87.976, 88.672, 88.648, 88.838, 89.282, 89.356, 89.716, 89.792, 89.954, 89.962, 90.25, 90.116], [78.732, 85.718, 86.846, 87.884, 88.152, 88.896, 89.004, 89.486, 89.304, 89.568, 89.774, 89.73, 89.67, 90.016, 89.964]], "milo_eps_0.005": [[77.34, 85.324, 87.25, 87.956, 88.436, 89.144, 89.18, 89.658, 89.742, 90.18, 90.132, 90.456, 90.728, 90.518, 90.768], [79.778, 86.344, 87.91, 88.56, 89.462, 89.436, 89.53, 89.91, 90.282, 90.372, 90.48, 90.876, 90.936, 90.894, 91.254], [81.09, 86.874, 88.22, 89.004, 89.62, 89.964, 90.106, 90.648, 90.594, 90.698, 90.744, 91.092, 91.026, 91.212, 91.33]], "milo_eps_0.05": [[81.74, 87.878, 89.366, 89.78, 90.138, 90.69, 90.832, 91.272, 91.192, 91.576, 91.8, 91.616, 91.914, 92.014, 92.012], [82.704, 88.492, 89.78, 90.414, 90.758, 91.05, 91.178, 91.404, 91.472, 91.836, 91.67, 92.082, 91.984, 92.11, 92.412], [83.22, 88.834, 89.81, 90.54, 91.05, 91.12, 91.316, 91.81, 91.722, 91.988, 92.362, 92.266, 92.21, 92.338, 92.182]]}, "f1_scores": {"milo_eps_1e-05": [[0.7965987307667854, 0.8607522997051229, 0.8746403707691284, 0.8815130621458825, 0.885373216358745, 0.8916777492181772, 0.8932501431956034, 0.8961300013007143, 0.8963958292068478, 0.8986755987003614, 0.8999441900086023, 0.899703012457627, 0.9021350643622557, 0.9033943190938828, 0.9048140365680432], [0.7819653928310804, 0.8572134011188478, 0.8698776035800708, 0.8796564059029285, 0.886625013466003, 0.8863646336677379, 0.888279320096486, 0.8927157734290094, 0.8934064017485872, 0.8970759445570573, 0.8978903875959828, 0.899441105700655, 0.8995418503630639, 0.9024529252489819, 0.9010587184297842], [0.7869224496559324, 0.8570796178978671, 0.8683979737802169, 0.8786800751028266, 0.8814117357634454, 0.8889446664659287, 0.8899051763063103, 0.8947811556866061, 0.892925034863034, 0.8956699788736591, 0.8976724104605491, 0.897179499960411, 0.8966515130660087, 0.9001357627136819, 0.8995475031895094]], "milo_eps_0.005": [[0.7728775391867628, 0.8529760118632499, 0.8722998950756204, 0.8794859157726205, 0.8844244053778254, 0.8914328023813134, 0.8918049023467173, 0.8965638412246981, 0.8973330896094444, 0.9016930329307499, 0.9012572142153925, 0.9046183022133214, 0.9072854779564002, 0.9051578914310335, 0.9076296579248895], [0.7987695841802294, 0.8640278039705438, 0.8793793144056421, 0.8859473998552032, 0.8947298365743936, 0.8945713885711708, 0.8953727206626703, 0.8992044425901922, 0.9028721515235736, 0.903781293801396, 0.9048596673160322, 0.9086892501510121, 0.9093524011206016, 0.9089904909840637, 0.9125308334800024], [0.8119369052338599, 0.8689949848721286, 0.8824824922438779, 0.8902637655466247, 0.8964454554225103, 0.8998566041994897, 0.9012120463375064, 0.9066825577617676, 0.9061574019606138, 0.907174060155856, 0.9076252793063224, 0.9110222177760082, 0.9104096404703899, 0.9123136632661962, 0.9134028963133153]], "milo_eps_0.05": [[0.8186793776543153, 0.8793057070590671, 0.893745043129363, 0.8979854585168239, 0.9015350229514555, 0.906992195881676, 0.9083591843175547, 0.9127864234927985, 0.9120023043124842, 0.9158058176922846, 0.9180760886357788, 0.9162439527530057, 0.9191923339105088, 0.9202145534695892, 0.9201847556576788], [0.8283367892582156, 0.885374596319792, 0.8980642962755667, 0.9042710685310024, 0.9076675835387347, 0.9105819676611441, 0.9118446313643135, 0.9141110017536253, 0.9148204133387967, 0.9184215808731813, 0.9167886336611639, 0.9208606558477188, 0.919922628938175, 0.9211687203389898, 0.9241853431158755], [0.8336262610465225, 0.8887617327975832, 0.8982949218819852, 0.9054964476000634, 0.9106189339998068, 0.9113575400477794, 0.9132368278799232, 0.9181359964538824, 0.9173467358444392, 0.9199600191043326, 0.9237041002331132, 0.9227448015498284, 0.9221885901123409, 0.9234174234179126, 0.9218742664382589]]}}