{"val_losses": {"MILO_LW_weight_decay_0.0001": [[1.1792662683486939, 0.9224741880226135, 0.8142683358287811, 0.66238146048069, 0.870813065071106, 0.8920533181381226, 0.6218272758197785, 0.4946182471295446, 0.6117054896068573, 0.6417573362541199], [1.5531346375274657, 1.104760009841919, 0.8913870946884155, 0.860280750002861, 0.9626406380462647, 0.5465335654973984, 0.5810129597592354, 0.5756221605637669, 0.7452873455238342, 0.42921566048622134]], "MILO_LW_weight_decay_0.001": [[1.3307784219932557, 0.8324579587364197, 0.7216568420505524, 0.6329200848531723, 0.5461795363038778, 0.8049992469406128, 0.6740637807655334, 0.5477098118591308, 0.5757559528827667, 0.4525025664025545], [2.846992487792969, 0.5587734197640419, 0.8617606382369996, 0.6508727339109779, 0.6028612873744965, 0.5266045764064788, 0.691588705277443, 0.48386243515968325, 0.4390899104499817, 0.523006529045105]], "MILO_LW_weight_decay_0.0": [[1.0555776798629761, 0.8010538590431213, 0.8470909548270702, 0.8130783752822875, 0.5112386744254828, 0.5177402071762085, 0.7754802513790131, 0.4994337976950407, 0.48195356178283694, 0.5241644013738632], [0.7872723452377319, 0.5413729763982446, 0.9195712749481201, 0.6218358527576924, 0.4125941047601402, 0.5651446531867981, 0.42471335309267044, 0.47666605016708374, 0.7585932307815552, 0.6375757686257363]]}, "val_accuracies": {"MILO_LW_weight_decay_0.0001": [[93.686, 93.904, 94.09, 94.588, 93.498, 93.268, 94.168, 95.006, 94.07, 93.776], [92.758, 93.042, 93.742, 93.488, 92.752, 95.004, 94.24, 94.492, 92.44, 95.276]], "MILO_LW_weight_decay_0.001": [[92.698, 93.648, 94.472, 94.628, 94.886, 93.57, 93.284, 94.81, 94.096, 95.26], [89.228, 95.534, 93.154, 94.568, 94.628, 94.94, 93.006, 95.016, 95.116, 94.55]], "MILO_LW_weight_decay_0.0": [[93.27, 94.522, 93.85, 93.624, 95.284, 94.98, 93.684, 94.924, 94.916, 94.464], [94.834, 95.652, 93.84, 94.548, 95.876, 94.802, 95.436, 95.11, 92.582, 93.922]]}, "val_f1_scores": {"MILO_LW_weight_decay_0.0001": [[0.9373777435685493, 0.9377228140907977, 0.9416572521888777, 0.9460636954044543, 0.9341405646358689, 0.932828949088376, 0.9425082473728945, 0.9498522587273474, 0.9411037324949978, 0.93672330363372], [0.9265823768364534, 0.9322657531818865, 0.9376340255691599, 0.9350626222261681, 0.92856426361123, 0.9501690120465411, 0.9434284071254424, 0.9447819522186188, 0.9236277230767337, 0.9530229361275474]], "MILO_LW_weight_decay_0.001": [[0.927910959543939, 0.9362529780570121, 0.9453309080726031, 0.9460102647389925, 0.9485732614185547, 0.935255498514908, 0.9338237244196327, 0.9479995556369494, 0.9408526612139279, 0.9523149480314526], [0.8909017797419813, 0.9553347656144988, 0.9297804489924347, 0.9466752225708467, 0.946759865049476, 0.9493566137554594, 0.9283467477383566, 0.9504020419411651, 0.951383508726553, 0.9453395010622151]], "MILO_LW_weight_decay_0.0": [[0.9333721350651981, 0.945517463453808, 0.9381350139530632, 0.9362979674094856, 0.9525074047016568, 0.949768521231212, 0.9365945025851101, 0.9494739838664266, 0.94963515099699, 0.9447226361121619], [0.948510891936108, 0.9569094707911635, 0.9379271586224027, 0.9451579530544475, 0.9585686132767005, 0.9483034580045245, 0.9547237307866225, 0.9505488575131518, 0.9244724989889657, 0.9395474809936919]]}, "val_aucs": {"MILO_LW_weight_decay_0.0001": [[0.9967862231111113, 0.9972605717777776, 0.9974796326666665, 0.9978958215555556, 0.9976310140000001, 0.9972928242222222, 0.9976896844444445, 0.9979783406666666, 0.9977432635555556, 0.9974149531111112], [0.9962572606666666, 0.997326516, 0.9975940986666666, 0.9976953062222224, 0.9972082740000001, 0.9980210806666665, 0.9978937862222222, 0.9978726655555554, 0.9978332464444444, 0.9981515755555554]], "MILO_LW_weight_decay_0.001": [[0.9971022908888889, 0.9978012646666666, 0.9978582504444443, 0.9979133802222222, 0.9980219475555554, 0.9976192453333335, 0.9980043575555557, 0.9979919904444445, 0.9979202526666666, 0.9981032784444445], [0.9942444051111112, 0.998185084, 0.9977084377777778, 0.9979906815555555, 0.9980868262222222, 0.9982470328888888, 0.9980924640000002, 0.9982582273333331, 0.9982434297777777, 0.9982107375555556]], "MILO_LW_weight_decay_0.0": [[0.9976025166666667, 0.9980235308888888, 0.9977792271111111, 0.997760414, 0.9980849466666667, 0.9981799002222225, 0.9976783564444445, 0.9982236635555555, 0.9983661799999999, 0.9981232928888888], [0.9979837526666667, 0.9984303408888889, 0.9971156055555553, 0.998134892, 0.9985222491111111, 0.9981037531111111, 0.9983832773333333, 0.9983114977777777, 0.997782957111111, 0.9979672579999999]]}}