{"losses": {"milo_LW_adaptive_True": [[0.5312448998260498, 0.34841680406570436, 0.29547436979293823, 0.2676445378780365, 0.24041712476730348, 0.2251860503768921, 0.21222933381557466, 0.20636273657798768, 0.19457703511714936, 0.19271703150749206, 0.18331307525634766, 0.17511233395576478, 0.1655766806077957, 0.1691915653038025, 0.16219972579956055], [0.47023635738372804, 0.30516341851234435, 0.254019107503891, 0.23854037340164186, 0.21599259155273437, 0.20120139236450196, 0.19409117614507676, 0.18580791273117064, 0.17861857743263246, 0.16811362967967988, 0.16295995703697205, 0.16125771777153014, 0.15685546966314315, 0.15071961153030394, 0.14404719804525376], [0.43317833161354063, 0.28248392055511473, 0.24065916961669923, 0.2223419909954071, 0.2021326434469223, 0.1870843968963623, 0.18034760268211364, 0.1729665126132965, 0.16682768327236175, 0.1607584786748886, 0.1546600792837143, 0.1456284118771553, 0.14336981238842011, 0.13639355187654495, 0.1384930717945099]], "milo_LW_adaptive_False": [[239.66682947292327, 9.079146335144044, 9.320188657531737, 9.078707064208984, 9.529936826171875, 9.000297088317872, 9.676964298095703, 9.695894888305665, 10.234426927337646, 9.479053018493653, 9.566843069458008, 9.798413078765869, 8.922324988098145, 9.00217691986084, 10.134340554351807], [9.214433284301759, 10.101253395996094, 9.514279106750488, 9.500110079956055, 8.889105381469726, 10.12635570892334, 9.143375404663086, 10.644141233520507, 8.758553284606933, 10.327716080322265, 9.727350129089356, 9.715852459716796, 8.910016598205566, 9.562017475585938, 9.106179943237304], [8.638836635742187, 10.764497507019042, 9.930544217529297, 8.783122940368653, 10.041802694702149, 9.509057901916504, 9.0900881149292, 9.737266467285156, 9.647145677490235, 9.643531711730956, 8.918483197174073, 9.664462116394043, 9.119816468200684, 9.939868340148927, 9.225741015625]]}, "accuracies": {"milo_LW_adaptive_True": [[82.486, 88.23, 89.832, 90.788, 91.73, 92.198, 92.578, 92.872, 93.228, 93.378, 93.58, 93.758, 94.208, 94.022, 94.362], [84.496, 89.544, 91.246, 91.736, 92.672, 92.994, 93.224, 93.602, 93.97, 94.136, 94.232, 94.346, 94.504, 94.72, 95.052], [85.688, 90.346, 91.778, 92.354, 93.046, 93.564, 93.68, 93.918, 94.234, 94.378, 94.532, 94.848, 94.968, 95.226, 95.19]], "milo_LW_adaptive_False": [[10.274, 9.98, 10.1, 10.012, 9.938, 10.068, 9.688, 10.034, 9.986, 9.986, 9.868, 9.866, 9.814, 9.924, 10.106], [10.182, 10.008, 9.922, 10.33, 10.084, 10.03, 9.96, 10.008, 9.792, 9.772, 9.992, 9.936, 9.73, 9.696, 10.11], [9.824, 9.972, 10.138, 10.362, 10.048, 10.024, 10.006, 10.21, 10.012, 9.996, 9.854, 10.046, 9.686, 9.908, 9.824]]}, "f1_scores": {"milo_LW_adaptive_True": [[0.8249800523706827, 0.8822979692444257, 0.8983491002101411, 0.9078582612142789, 0.9172794221206079, 0.9219636106975265, 0.9257450245596166, 0.9287127916034066, 0.9322699860418847, 0.9337538789925441, 0.9358019303253327, 0.9375807330842123, 0.9420761509187148, 0.940214911672389, 0.9436171276435117], [0.8451161335659261, 0.8954370278421628, 0.9124740801118781, 0.9173552469561255, 0.9266902680231413, 0.9299633715734767, 0.9322289574043587, 0.936017066122558, 0.9396771396901447, 0.9413735464503711, 0.942304076045309, 0.9434688208085497, 0.945024517417276, 0.9471756774619893, 0.9505174121392328], [0.8570385083185471, 0.9034907798132492, 0.9178009218878544, 0.9235547581783553, 0.9304401929393435, 0.935620869353387, 0.9367994284813059, 0.9391612020408384, 0.9423376469093837, 0.94378401480063, 0.945327366328832, 0.9484584579785867, 0.9496904070746334, 0.95226810925732, 0.9519254145421583]], "milo_LW_adaptive_False": [[0.10251129145051771, 0.09960321042554873, 0.10094066138527484, 0.10009274453050318, 0.09938546220821898, 0.10054133897620612, 0.09666495339481028, 0.10025734835279958, 0.09975366665962301, 0.09983375472435027, 0.09855682421740164, 0.09861104380382973, 0.09813010735307855, 0.09911875566834771, 0.10098394680006328], [0.10174518504452193, 0.1000218621035297, 0.09907737545571492, 0.10321204650064246, 0.1007791219883452, 0.10014079191596811, 0.0994695222979649, 0.09998556640672869, 0.09785897978362748, 0.09770951136964275, 0.09970943628047915, 0.09918283110979957, 0.09726667476740006, 0.09695075697618852, 0.10108950655526727], [0.09816947859804873, 0.09969770602050414, 0.10134924003006687, 0.10343013731979475, 0.10042138040306789, 0.10012731390391685, 0.0999099462132745, 0.10201571589794926, 0.10008219580796458, 0.0998956665746503, 0.09839720095158995, 0.10029000611319702, 0.09678578710172456, 0.09895826086400679, 0.0980864574213433]]}}