{"val_losses": {"AdamW": [[0.3565169414515401, 0.33343738427016867, 0.33024554889942537, 0.3200329962085857, 0.3219285006845147]]}, "val_accuracies": {"AdamW": [[0.6438022337410675, 0.6668100410957549, 0.6699472060488099, 0.680144922035596, 0.6782584782729774]]}, "val_f1_scores": {"AdamW": [[0.8103752117302856, 0.8547059729327425, 0.8337810323883177, 0.8617893133950416, 0.8489742843944086]]}, "val_aucs": {"AdamW": [[0.0, 0.0, 0.0, 0.0, 0.0]]}}