{"val_losses": {"milo_normalize_True": [[1.4803238878250122, 1.1279051515579224, 0.9385371351242066, 0.8053397560119628, 0.7431495842933655, 0.650530832195282, 0.6318985193252563, 0.582010744190216, 0.553437701845169, 0.534308011341095, 0.5027290257453918, 0.500463726902008, 0.4688072400569916, 0.44478465847969056, 0.44810148286819457], [1.3699598905563355, 1.0669144309997558, 0.886319368648529, 0.7953098656654358, 0.7127703361511231, 0.6523363116264344, 0.6118683779716492, 0.5720182792663574, 0.5612428996562958, 0.5081268059253693, 0.5110033296585083, 0.4860855807304382, 0.4651965753078461, 0.4629884636878967, 0.45105120577812197], [1.2604518119812012, 1.0055707292556764, 0.8782571173667908, 0.7652790374755859, 0.6774664035797119, 0.6587826756477356, 0.598218046951294, 0.5684596045017243, 0.5276413180351257, 0.5260972077846527, 0.5006982119560242, 0.4606830332756042, 0.4590497308731079, 0.49151447896957395, 0.4513530712127686]], "milo_normalize_False": [[1.5898636178970338, 1.4255334209442139, 1.1288393003463746, 1.0042111545562744, 0.8969818452835083, 0.7825389810562133, 0.6396392954826355, 0.6580685997962952, 0.5385865200996399, 0.5271965267181397, 0.469870636510849, 0.48956722240448, 0.45917522091865537, 0.4858063957452774, 0.4175541793584824], [1.5983807842254638, 1.3378608558654785, 1.114618458366394, 0.9938799098968506, 0.8197091163635254, 0.7397865691184997, 0.6460980751991272, 0.6363673013687133, 0.5645425002098083, 0.5395483909130097, 0.5396299706459046, 0.46500972328186035, 0.4383185422420502, 0.45732577199935914, 0.45726848487854005], [1.5443873960494996, 1.2493488382339477, 1.1169498805999756, 1.0190665699005126, 0.7006850678443909, 0.6921464211463928, 0.5891037746429444, 0.5591605331420898, 0.5328296646118164, 0.47372166047096254, 0.4568480357170105, 0.46816076323986056, 0.40502219417095187, 0.39223947138786314, 0.43111211214065553]]}, "val_accuracies": {"milo_normalize_True": [[47.1, 60.02, 66.99, 71.69, 74.16, 77.38, 77.99, 79.76, 80.22, 81.69, 82.65, 82.87, 84.02, 84.78, 84.51], [50.41, 61.9, 69.29, 72.26, 74.81, 77.34, 79.24, 80.22, 80.76, 82.43, 82.7, 83.55, 84.14, 84.41, 84.97], [54.19, 64.15, 68.93, 73.14, 75.94, 77.0, 78.8, 80.42, 81.68, 81.87, 83.21, 84.34, 84.09, 83.64, 84.77]], "milo_normalize_False": [[39.81, 47.93, 59.34, 64.09, 68.71, 71.81, 78.04, 78.21, 81.87, 81.79, 84.31, 83.47, 84.32, 84.07, 85.65], [41.09, 51.89, 60.18, 65.39, 70.58, 74.04, 77.26, 78.01, 80.42, 81.23, 81.64, 83.75, 85.09, 84.14, 84.53], [42.38, 54.83, 59.33, 63.1, 75.8, 76.19, 79.67, 81.23, 81.98, 83.59, 84.14, 84.19, 86.37, 86.49, 85.37]]}, "val_f1_scores": {"milo_normalize_True": [[0.4623985578247516, 0.5976694420882425, 0.6654782079984496, 0.7138669168384271, 0.7413016875629083, 0.7731400619769019, 0.7803553115072428, 0.7961111078376465, 0.8014450840548536, 0.8160227961289012, 0.8257392705380548, 0.828925331334798, 0.8404628765765658, 0.8477452952404118, 0.845008687871255], [0.48694458798298845, 0.6171410124719829, 0.6896486619580079, 0.7221962811597787, 0.7477314206285957, 0.772997578546101, 0.7910880099628549, 0.8032368961432257, 0.8080751000321055, 0.823867586798128, 0.8267002607235618, 0.8344960347438819, 0.8425605316957411, 0.8431497240706666, 0.8489649778830298], [0.5365732612029903, 0.63641557290141, 0.6855717444243778, 0.7302933292395579, 0.7598039632768312, 0.7691351310610064, 0.7881607473750434, 0.8031156753938073, 0.8165166045287584, 0.8177613328427581, 0.8322275549087819, 0.842941878320817, 0.8408728290249801, 0.8348996844566571, 0.8475221355849893]], "milo_normalize_False": [[0.3752459947942348, 0.4837006402135593, 0.582079688489691, 0.6361297276429205, 0.6836785709041079, 0.7177988418732948, 0.779238473179871, 0.7798227179657078, 0.8184862674568738, 0.8191950981747249, 0.8425454130474843, 0.8330555726887166, 0.8428572603720313, 0.839733107787708, 0.8559387782729498], [0.39187196208948955, 0.5119438063451062, 0.5993919362972305, 0.6574960963587804, 0.7002162027704799, 0.7405071701729586, 0.7771382113016739, 0.7748685026516858, 0.8061351031152839, 0.8101445282885757, 0.8140164527403492, 0.8382641182656443, 0.8485619059147302, 0.8406239811875095, 0.8456921799660193], [0.3987953050430266, 0.5244943991135721, 0.5953147496570235, 0.6275782564913861, 0.7559666996386308, 0.752016566894567, 0.7951713843150031, 0.8098086558067218, 0.8200550002378643, 0.8335886701782937, 0.8423793140506591, 0.8429470915839257, 0.8627248822591174, 0.8649396476934484, 0.8546140124678449]]}, "val_aucs": {"milo_normalize_True": [[0.0, 0.0, 0.0, 0.0, 0.0, 0.0, 0.0, 0.0, 0.0, 0.0, 0.0, 0.0, 0.0, 0.0, 0.0], [0.0, 0.0, 0.0, 0.0, 0.0, 0.0, 0.0, 0.0, 0.0, 0.0, 0.0, 0.0, 0.0, 0.0, 0.0], [0.0, 0.0, 0.0, 0.0, 0.0, 0.0, 0.0, 0.0, 0.0, 0.0, 0.0, 0.0, 0.0, 0.0, 0.0]], "milo_normalize_False": [[0.0, 0.0, 0.0, 0.0, 0.0, 0.0, 0.0, 0.0, 0.0, 0.0, 0.0, 0.0, 0.0, 0.0, 0.0], [0.0, 0.0, 0.0, 0.0, 0.0, 0.0, 0.0, 0.0, 0.0, 0.0, 0.0, 0.0, 0.0, 0.0, 0.0], [0.0, 0.0, 0.0, 0.0, 0.0, 0.0, 0.0, 0.0, 0.0, 0.0, 0.0, 0.0, 0.0, 0.0, 0.0]]}}