{"val_losses": {"MILO_LW_adaptive_True": [[0.10896614506293942, 0.10134209824980547, 0.09882923218508562, 0.09526824410938886, 0.09363016247699658, 0.09245935665095846, 0.0911838279777517, 0.09052105013821274, 0.08940075149536132, 0.08883650393895805], [0.09109615772186468, 0.08592949710590765, 0.08324767076383965, 0.08202893292109172, 0.07986458727580806, 0.07900579291284085, 0.07793239212539047, 0.07745266362229983, 0.07626377577611129, 0.07561472614208857]], "MILO_LW_adaptive_False": [[2.1199677555720013, 2.6355345812479656, 2.226464740753174, 2.0690701574325563, 2.541920000521342, 1.8993692334493002, 2.167937252680461, 1.8875227387110391, 1.9000333808263143, 2.010097868092855], [2.980978837076823, 1.8288985530217488, 1.7870938839594523, 1.6678166699091594, 1.6987022150039672, 2.5674205914815267, 1.8386090087890625, 1.9237301364898682, 1.82673566309611, 1.7661112077713013]]}, "val_accuracies": {"MILO_LW_adaptive_True": [[96.555, 96.65333333333334, 96.745, 96.80666666666667, 96.87333333333333, 96.88333333333334, 96.93333333333334, 96.95833333333333, 96.975, 96.995], [97.06666666666666, 97.185, 97.245, 97.255, 97.30833333333334, 97.36166666666666, 97.395, 97.43166666666667, 97.47666666666667, 97.48666666666666]], "MILO_LW_adaptive_False": [[23.826666666666668, 24.498333333333335, 26.925, 27.383333333333333, 30.958333333333332, 30.015, 25.043333333333333, 28.998333333333335, 28.3, 36.065], [35.403333333333336, 30.266666666666666, 38.17666666666667, 37.54833333333333, 36.35, 40.653333333333336, 30.838333333333335, 28.855, 30.27166666666667, 40.208333333333336]]}, "val_f1_scores": {"MILO_LW_adaptive_True": [[0.9665094080117408, 0.9674523253072795, 0.9683448401399831, 0.9690037668895105, 0.9696169582948937, 0.9697072008156844, 0.9701758294872429, 0.9704384207016983, 0.9705784500197595, 0.9707665838139368], [0.9713531635518168, 0.9724367108193095, 0.9729924554321585, 0.9730916936134386, 0.9735847748092927, 0.9741242425620904, 0.9744587768065222, 0.9747484838436865, 0.9751751061398586, 0.9752460456833434]], "MILO_LW_adaptive_False": [[0.2186325774595117, 0.2027918703702874, 0.22290098258069543, 0.23170617985794414, 0.25803523645867055, 0.25259100309026083, 0.19818752601965542, 0.24717145035002944, 0.2609656635882739, 0.3461572600335675], [0.3143386434942678, 0.26947637962678445, 0.3704689796559618, 0.36172360075490534, 0.35149646262812595, 0.3862756359523897, 0.28126392969807246, 0.24550377785972738, 0.2724711236172385, 0.3871996497813216]]}, "val_aucs": {"MILO_LW_adaptive_True": [[0.999039591726089, 0.9991133808544435, 0.9991534822929344, 0.9991971956080347, 0.999221350401198, 0.9992368265672745, 0.9992540732711681, 0.9992689971064884, 0.9992751129189219, 0.9992898576665838], [0.9992993821987227, 0.9993672660225306, 0.9993948607690184, 0.9994139261756271, 0.9994331791807378, 0.9994465160644241, 0.999470383881641, 0.9994824242473982, 0.9995033509031218, 0.9995117413027355]], "MILO_LW_adaptive_False": [[0.631025722363568, 0.6356024690294808, 0.652660840306028, 0.6579256680604356, 0.6902837232508526, 0.6814906863477839, 0.6359838226497447, 0.6710613628357349, 0.6736929047567474, 0.7274203351090105], [0.7253197600872389, 0.684631984616223, 0.7451251540632201, 0.7392138364781085, 0.7280795580736382, 0.7599079066207208, 0.6888426490571641, 0.6730148320083154, 0.6840106875665948, 0.7584966592399769]]}}