{"val_losses": {"MILO_LW_momentum_0.9": [[0.14078356136480968, 0.12433055207530658, 0.11576166803777645, 0.11018848423813081, 0.10729860643018037, 0.10515494060581913, 0.10362578998009364, 0.1025548081432474, 0.10174896426002185, 0.10050708920730055], [0.14810578838099123, 0.13457939261458815, 0.12681722982327143, 0.12184302037084417, 0.1197180619597435, 0.11805824694235804, 0.11636295044223467, 0.11506632044196595, 0.11360897190173468, 0.11223215441697727]], "MILO_LW_momentum_0.0": [[0.17479823652108512, 0.16554428042173386, 0.15976230579018594, 0.15481523113648096, 0.15026891039062756, 0.14684303529461226, 0.1440385170996189, 0.14146762264768284, 0.13965495242476464, 0.13810406276782353], [0.20893889255325, 0.19628850487470628, 0.18912440427541732, 0.18285272260904312, 0.17838617720802624, 0.17478309737443923, 0.17209764323631924, 0.16959734882116317, 0.16748867394129435, 0.16564112274646758]], "MILO_LW_momentum_0.45": [[0.23911590740680694, 0.22123608954747517, 0.21013207586606344, 0.20390791029731434, 0.199324507122092, 0.19589684092998505, 0.19256779968341192, 0.18956530665953955, 0.1872494515101115, 0.18514211089809735], [0.24105650497277578, 0.22310276698271433, 0.21312943724791208, 0.20728981882333755, 0.20301184508800507, 0.2005285027106603, 0.19800742102066676, 0.1957519538442294, 0.1937685744524002, 0.19189024226268134]]}, "val_accuracies": {"MILO_LW_momentum_0.9": [[96.35833333333333, 96.585, 96.70833333333333, 96.78333333333333, 96.82, 96.85666666666667, 96.87333333333333, 96.88833333333334, 96.89833333333333, 96.91], [96.06, 96.34333333333333, 96.43, 96.48166666666667, 96.52, 96.53, 96.555, 96.55833333333334, 96.59166666666667, 96.61]], "MILO_LW_momentum_0.0": [[95.315, 95.46166666666667, 95.56833333333333, 95.665, 95.75333333333333, 95.80833333333334, 95.865, 95.91666666666667, 95.95, 95.97666666666667], [94.84166666666667, 95.01833333333333, 95.12, 95.23166666666667, 95.31, 95.375, 95.41833333333334, 95.46, 95.485, 95.51833333333333]], "MILO_LW_momentum_0.45": [[94.12666666666667, 94.48166666666667, 94.70166666666667, 94.835, 94.89, 94.93166666666667, 94.97666666666667, 95.03, 95.06166666666667, 95.09166666666667], [93.65833333333333, 94.10333333333334, 94.31166666666667, 94.43, 94.51666666666667, 94.58, 94.635, 94.68166666666667, 94.73, 94.76166666666667]]}, "val_f1_scores": {"MILO_LW_momentum_0.9": [[0.9651952547496523, 0.967311746538482, 0.9684330301276394, 0.9691413445930183, 0.9694766700708428, 0.9698256853410984, 0.9699574843007254, 0.9701227880783886, 0.9701837687263376, 0.970306080566762], [0.9624817412305612, 0.9650140184516726, 0.9659059437042637, 0.9663776462878705, 0.9667418684984298, 0.9668197945331316, 0.9670592722026903, 0.967112022811105, 0.9674065351909389, 0.9675592227254668]], "MILO_LW_momentum_0.0": [[0.9559753987232412, 0.9572880166295189, 0.9582529316961725, 0.9591075138172431, 0.9598672964768253, 0.9603468328791221, 0.9608489159629275, 0.9612880099954275, 0.9615840165962253, 0.9618290809059513], [0.9517280603655018, 0.9532857540503963, 0.9541923985244039, 0.9551582205552324, 0.9558444191640245, 0.956424706016365, 0.9568060820119749, 0.957188351694968, 0.9574108819630194, 0.9577234002829119]], "MILO_LW_momentum_0.45": [[0.9455763477959638, 0.9486437441248681, 0.9505411214416499, 0.9516968390363962, 0.9521765427568415, 0.952534655008832, 0.9529594073462613, 0.9534276580186212, 0.9536937383107738, 0.9539348556956082], [0.9416342160034994, 0.945367834313877, 0.9471620588911718, 0.9482245898031962, 0.9489656986796116, 0.9495343523205131, 0.9500111610345761, 0.9504192273081136, 0.9508438486785324, 0.9511143236354662]]}, "val_aucs": {"MILO_LW_momentum_0.9": [[0.9987386107062293, 0.9989068419166898, 0.9989892145888091, 0.9990315889873698, 0.999061054109536, 0.9990849480157145, 0.9991062796472587, 0.9991166580009716, 0.9991357862555283, 0.9991425573546044], [0.9985625147601693, 0.9987647850901336, 0.9988544553132253, 0.998884932503864, 0.9989107084976221, 0.9989277722971375, 0.9989484410959154, 0.9989559141058175, 0.9989698709107333, 0.9989808846674748]], "MILO_LW_momentum_0.0": [[0.9980477401927328, 0.9981769750192692, 0.9982702995012023, 0.9983454949591323, 0.9984099332046202, 0.9984617532710519, 0.9985034961743675, 0.9985307700125455, 0.9985565213916103, 0.9985747205756134], [0.9976315894337235, 0.9977950550152149, 0.9978903785059533, 0.9979784978766386, 0.9980513038186626, 0.9981079839839457, 0.9981507064094524, 0.9981935561730124, 0.9982225371517398, 0.9982430758242007]], "MILO_LW_momentum_0.45": [[0.9970071761852244, 0.9973279172747483, 0.99752143938752, 0.9976340855234097, 0.9976900968505976, 0.9977374115619743, 0.9977813172681145, 0.9978267332659119, 0.9978593643895073, 0.9978904032522488], [0.9966498232721559, 0.9970320466385079, 0.9972348453780636, 0.9973418628960232, 0.9974281058878377, 0.9974764829847356, 0.9975287246295356, 0.9975721083692768, 0.9976075795832957, 0.997641697422576]]}}