{"val_losses": {"milo_LW_lr_0.01": [[1.491389005279541, 1.2622424043655396, 1.0661365993499756, 0.9611093165397644, 0.9033347932815552, 0.8031663022041321, 0.776439321231842, 0.7415114419937133, 0.712291456604004, 0.6792769276618957, 0.6655893326759338, 0.6273110507011413, 0.6565955152511597, 0.634473567199707, 0.5824155252456665], [1.4970840999603272, 1.2332823579788208, 1.0487186450958252, 0.9553328701019287, 0.8766565418243408, 0.7903924122810364, 0.7699021427154541, 0.7325387185096741, 0.7075445399284362, 0.6812232301712036, 0.6311673257827759, 0.629713226222992, 0.6259381788253784, 0.5996467988014221, 0.5992595364570618], [1.5468111576080321, 1.1970345722198485, 1.0706588888168336, 0.9265283184051514, 0.8824042556762696, 0.8944794931411744, 0.8175752758026124, 0.7366719815254211, 0.7064756326675415, 0.6773683388710022, 0.6371450859069824, 0.6059619434356689, 0.597267626285553, 0.5925139441490174, 0.5656484972000122]], "milo_LW_lr_0.1": [[1.9099868532180786, 2.136936541748047, 1.3149864734649659, 1.0974980674743653, 0.9992794202804566, 0.9139290867805481, 0.9707237847328186, 0.8031686388015747, 0.7992176954269409, 0.6922237987041473, 0.7878052167892456, 0.6727852734565735, 0.6074287502765655, 0.7649075419425965, 0.5898847809791565], [1.985609320640564, 1.6001717142105103, 1.5570317216873168, 1.2649925769805908, 1.1824027856826782, 0.9795409982681275, 0.9404041179656982, 0.8711112691879273, 0.8985779382705689, 0.7909321013450623, 0.7246764028549194, 0.7123837615013122, 0.831415072441101, 0.7292298344135284, 0.6237701072216034], [1.7235916318893432, 1.4289469879150392, 1.269333899497986, 1.1576345067977905, 1.3061384561538696, 0.8987648355484009, 0.8324129703521729, 0.7822432650566101, 0.7664754426002502, 0.7914362067222596, 0.7477372921943665, 0.6748793849468231, 0.612044186592102, 0.6179812329292297, 0.7015284289836884]], "milo_LW_lr_0.001": [[1.2241464530944823, 0.9635212731361389, 0.8848019610404968, 0.75174995470047, 0.675699770450592, 0.6467857815742493, 0.5763825498580932, 0.5413315285682678, 0.5396056264877319, 0.5122887469291687, 0.5049191283226013, 0.4801421778202057, 0.4969757437705994, 0.4750428828239441, 0.47108003282546995], [1.2449855575561524, 1.0553440320968628, 0.8425791785240173, 0.7549986824989319, 0.6985320836067199, 0.5898262946128845, 0.5760505201339722, 0.5822784512519836, 0.5318662629127503, 0.5174772258758545, 0.5069285208702088, 0.5420925446510315, 0.48039455471038817, 0.4697297565460205, 0.45755165796279906], [1.1747781417846679, 0.962466676902771, 0.8764770404815674, 0.7475163472175598, 0.6665767407417298, 0.6425741760253906, 0.607015066242218, 0.6074169270515442, 0.5453160643100738, 0.5259099623680115, 0.5202316840171815, 0.49668700857162473, 0.46938070030212403, 0.48913097562789914, 0.479223206615448]]}, "val_accuracies": {"milo_LW_lr_0.01": [[45.05, 54.09, 62.01, 66.02, 68.62, 71.61, 72.72, 74.1, 75.47, 76.51, 76.77, 78.05, 77.25, 78.4, 80.08], [44.67, 55.04, 61.99, 66.11, 68.78, 71.93, 72.88, 74.6, 75.28, 76.33, 77.78, 77.89, 78.26, 79.48, 79.52], [44.06, 57.15, 61.25, 67.21, 69.12, 68.26, 71.85, 74.18, 75.1, 75.97, 77.49, 78.76, 79.23, 79.33, 80.59]], "milo_LW_lr_0.1": [[30.19, 34.89, 55.49, 61.2, 64.49, 67.86, 67.46, 71.78, 72.88, 76.09, 73.5, 77.54, 78.99, 75.05, 79.82], [29.73, 40.8, 45.67, 55.61, 57.85, 65.44, 66.06, 69.27, 68.67, 72.56, 75.19, 74.71, 71.33, 75.64, 78.91], [35.42, 47.26, 54.37, 58.67, 55.87, 67.78, 71.05, 72.56, 73.48, 72.73, 74.64, 76.67, 78.8, 78.98, 76.82]], "milo_LW_lr_0.001": [[55.05, 65.43, 68.75, 73.67, 76.49, 77.87, 79.87, 81.24, 81.59, 82.61, 82.82, 84.09, 83.71, 83.76, 84.36], [54.26, 62.55, 70.23, 73.36, 75.44, 79.45, 80.2, 80.34, 81.76, 82.64, 82.68, 81.45, 83.48, 84.0, 84.31], [57.79, 65.98, 69.17, 73.43, 76.4, 77.53, 78.94, 79.37, 81.41, 81.9, 82.57, 83.09, 84.31, 83.42, 84.06]]}, "val_f1_scores": {"milo_LW_lr_0.01": [[0.43199511111017597, 0.5365178891780432, 0.6137259949743002, 0.6553065656878665, 0.68575845150399, 0.7119804627418725, 0.7254419478689399, 0.7389892790141419, 0.7523832256586656, 0.7653560126601445, 0.7651053403002649, 0.7790291880174497, 0.7705651453134801, 0.7847589072347064, 0.802105577553206], [0.4402592249067562, 0.5383513630709037, 0.6052009040911908, 0.6596072956281852, 0.6904895889688027, 0.7198707963588037, 0.7285729796345548, 0.7438328794290512, 0.7543413745917966, 0.7633994461190373, 0.7772572266196094, 0.7798202411424113, 0.7809889303808635, 0.7924610953238497, 0.7934393490211712], [0.44228049701091426, 0.5695821515879996, 0.6114604539695095, 0.6683025380571859, 0.6886071989642474, 0.6791883626689196, 0.71867273758329, 0.742769150135955, 0.7532427440151747, 0.7599516215021822, 0.7742805393523702, 0.7874152721500647, 0.7896002402616604, 0.7934567685403494, 0.8049751292703438]], "milo_LW_lr_0.1": [[0.2394822191094781, 0.31150781301481284, 0.5527631285320436, 0.6093896469746105, 0.6458116089852454, 0.6782891575282077, 0.6677127472792563, 0.7187254639470815, 0.7290654384768809, 0.7595082068734527, 0.7328189279952524, 0.775465889535672, 0.7854954646448986, 0.7564994573071094, 0.7949829903978105], [0.2571138466511246, 0.3927827878159098, 0.4308081864435481, 0.5511551917135729, 0.5910745346814462, 0.6538283580680034, 0.657752010467957, 0.6881545520243519, 0.6819987868921387, 0.7208822975437827, 0.7471887511250485, 0.7467385864867081, 0.703929667646388, 0.7505782604141993, 0.7851827912216601], [0.31724067479106655, 0.43963882667009013, 0.5197464142650801, 0.5841429387417519, 0.55257297097933, 0.6773454109998731, 0.710359990859365, 0.72294704680208, 0.7322554549446565, 0.7317668002556695, 0.7427147807534759, 0.7691453870289326, 0.789628515994554, 0.7840809105930993, 0.7577558658934914]], "milo_LW_lr_0.001": [[0.5494181848615296, 0.6532660973894983, 0.6834694408878093, 0.7338576854640971, 0.764047116622721, 0.7760344096087033, 0.7965691467562722, 0.8114846349270058, 0.8158644903413034, 0.8264419899283506, 0.8292444013310634, 0.8415614984482245, 0.8359660423532714, 0.8377651562060301, 0.8429065612590814], [0.5328748422081865, 0.6200500897950575, 0.6957937000506812, 0.7334532266924565, 0.7504357918480833, 0.7936735536124467, 0.8002601944711133, 0.8016106050228411, 0.8169832298724101, 0.8254298348457558, 0.8277973233115334, 0.8161192388556919, 0.8335790709953418, 0.8383781996464297, 0.8444314898576796], [0.577338750854898, 0.6571063191224399, 0.69269221156984, 0.7349582328499237, 0.764209139001972, 0.777837835088043, 0.7897445654340114, 0.7915545984009824, 0.8116018938928462, 0.8178928398598246, 0.8252379656107255, 0.830417019499485, 0.8432545377366665, 0.8361751791837955, 0.8397706417221829]]}, "val_aucs": {"milo_LW_lr_0.01": [[0.0, 0.0, 0.0, 0.0, 0.0, 0.0, 0.0, 0.0, 0.0, 0.0, 0.0, 0.0, 0.0, 0.0, 0.0], [0.0, 0.0, 0.0, 0.0, 0.0, 0.0, 0.0, 0.0, 0.0, 0.0, 0.0, 0.0, 0.0, 0.0, 0.0], [0.0, 0.0, 0.0, 0.0, 0.0, 0.0, 0.0, 0.0, 0.0, 0.0, 0.0, 0.0, 0.0, 0.0, 0.0]], "milo_LW_lr_0.1": [[0.0, 0.0, 0.0, 0.0, 0.0, 0.0, 0.0, 0.0, 0.0, 0.0, 0.0, 0.0, 0.0, 0.0, 0.0], [0.0, 0.0, 0.0, 0.0, 0.0, 0.0, 0.0, 0.0, 0.0, 0.0, 0.0, 0.0, 0.0, 0.0, 0.0], [0.0, 0.0, 0.0, 0.0, 0.0, 0.0, 0.0, 0.0, 0.0, 0.0, 0.0, 0.0, 0.0, 0.0, 0.0]], "milo_LW_lr_0.001": [[0.0, 0.0, 0.0, 0.0, 0.0, 0.0, 0.0, 0.0, 0.0, 0.0, 0.0, 0.0, 0.0, 0.0, 0.0], [0.0, 0.0, 0.0, 0.0, 0.0, 0.0, 0.0, 0.0, 0.0, 0.0, 0.0, 0.0, 0.0, 0.0, 0.0], [0.0, 0.0, 0.0, 0.0, 0.0, 0.0, 0.0, 0.0, 0.0, 0.0, 0.0, 0.0, 0.0, 0.0, 0.0]]}}