{"val_losses": {"milo_LW_normalize_True": [[0.17964375650882722, 0.11508894677639007, 0.09779441125154495, 0.06829177582740784, 0.04747204116821289, 0.03921775837540627, 0.031889024280011655, 0.03020650853484869, 0.034514278248250485, 0.036077329535931346, 0.022532884809970857, 0.02718599341109395, 0.020487320520877837, 0.0145321573998034, 0.012635683435369282], [0.14448711141109466, 0.083345862159729, 0.06333389220774174, 0.04860003411769867, 0.030242282183170318, 0.027413024019896984, 0.03647011644423008, 0.022978556353002787, 0.019257074003219604, 0.016643821911215783, 0.019086156769767403, 0.02172860066633206, 0.013751645081676542, 0.014911744863390922, 0.0073981825582403685], [0.11649776029229164, 0.06228087570667267, 0.05193959948599339, 0.03945118891656399, 0.04623485077738762, 0.01870071437060833, 0.024663260955512523, 0.02152693313102238, 0.014022718619350344, 0.029116311813890933, 0.015621779762879014, 0.008450722153792159, 0.007075289301844314, 0.009025160351302474, 0.009561468780785799]], "milo_LW_normalize_False": [[0.28847996432304385, 0.3997093530368805, 0.1589630779981613, 0.30927769461631777, 0.12900704154014586, 0.11027302407979965, 0.13516510852336883, 0.1390318836092949, 0.13921436628341674, 0.08576351816654205, 0.10172317009925842, 0.17519964742660524, 0.14649114959716797, 0.10196540623188019, 0.09954280791282653], [0.473940206079483, 0.3008769030427933, 0.26982822843551635, 0.23472680666446685, 0.16296117139816285, 0.15450514656066894, 0.17244448959112169, 0.13287437848091124, 0.1275151600074768, 0.12039135203838348, 0.10799311798930168, 0.08940076523542405, 0.09899375266313552, 0.11133156891822815, 0.10829442485094071], [0.42227010358810424, 0.26097645808696746, 0.2336624662399292, 0.18937650666713715, 0.15180836817264556, 0.16440862575292586, 0.13539793588876725, 0.1252542496728897, 0.12206875221014023, 0.10975784294605255, 0.11473055908679962, 0.09358286329746246, 0.08417984709739686, 0.07417600900888444, 0.08526112668752671]]}, "val_accuracies": {"milo_LW_normalize_True": [[93.636, 95.842, 96.546, 97.53, 98.258, 98.62, 98.89, 98.934, 98.794, 98.732, 99.214, 99.068, 99.302, 99.484, 99.544], [94.858, 97.05, 97.698, 98.332, 98.958, 99.046, 98.78, 99.186, 99.316, 99.466, 99.34, 99.256, 99.56, 99.462, 99.762], [95.83, 97.744, 98.204, 98.582, 98.424, 99.362, 99.106, 99.242, 99.51, 98.98, 99.474, 99.704, 99.772, 99.68, 99.66]], "milo_LW_normalize_False": [[90.902, 88.266, 94.396, 90.562, 95.562, 96.038, 95.376, 94.934, 95.016, 96.916, 96.398, 93.938, 95.026, 96.498, 96.592], [83.458, 89.322, 90.58, 91.854, 94.446, 94.652, 93.87, 95.256, 95.656, 95.786, 96.232, 96.91, 96.456, 96.05, 96.2], [85.14, 90.892, 91.82, 93.348, 94.662, 94.196, 95.228, 95.584, 95.72, 96.152, 95.976, 96.872, 97.036, 97.472, 97.06]]}, "val_f1_scores": {"milo_LW_normalize_True": [[0.9359584828615424, 0.9584814137507506, 0.965358234032047, 0.9753662263713869, 0.9825788894924846, 0.9862255836862281, 0.9889241141515651, 0.9893637375942628, 0.9879660323113653, 0.9873434648967206, 0.9921398075169918, 0.9907020233583739, 0.9930329766772557, 0.994841790105079, 0.9954420246968916], [0.9484194212659359, 0.9705469990164364, 0.9771072891377848, 0.9833160598906441, 0.9895952117597266, 0.9904629926092612, 0.9877586793876849, 0.9918610860798356, 0.9931629746539457, 0.9946572235353933, 0.9934000413755546, 0.992555204818715, 0.9956028460921982, 0.9946104603552461, 0.9976202028383518], [0.957971873647198, 0.9773877752865973, 0.982017449037057, 0.9858346770304406, 0.984250856691473, 0.9936177912530539, 0.9910549142666454, 0.9924022430441249, 0.9950990448435532, 0.9898290718756451, 0.9947468788402896, 0.9970404562675862, 0.997720357563821, 0.9968011367063279, 0.9966008335291126]], "milo_LW_normalize_False": [[0.9072036943225295, 0.889387540878914, 0.9444824073753818, 0.9064795360108212, 0.9557006433424474, 0.9602652331681345, 0.9536355932961025, 0.9493975430700372, 0.9500917551225021, 0.9691140111216361, 0.9639064199598542, 0.9390998904254104, 0.9499863673287636, 0.9649371573350667, 0.9659015021542992], [0.8362342549335621, 0.895936729106252, 0.9047299280339753, 0.9188059756274954, 0.9443409462693987, 0.9464587013243015, 0.9384810295517344, 0.9529889268392411, 0.9565205167222341, 0.9577404136689334, 0.9621929739936921, 0.9690356394375724, 0.9647376243197344, 0.9606419485911509, 0.9620231905355456], [0.8508813750947566, 0.9082421306447908, 0.9176059422737369, 0.9335085555016267, 0.9468232623281025, 0.94270248350223, 0.9527594795401196, 0.9558260210658988, 0.9568836513703977, 0.9616108326729733, 0.9598818057479747, 0.9688367246995112, 0.9703964810295295, 0.9747438221154212, 0.9705865483043702]]}, "val_aucs": {"milo_LW_normalize_True": [[0.9983366608888888, 0.9993589906666667, 0.9995347957777778, 0.9997696117777778, 0.9998632764444444, 0.9999230626666668, 0.9999428677777779, 0.9999451746666667, 0.9999480333333333, 0.9999380055555556, 0.999960509111111, 0.9999692988888889, 0.9999726533333334, 0.9999877884444445, 0.9999886937777778], [0.9989369086666666, 0.9995868562222222, 0.9997881153333333, 0.999869422, 0.9999305046666667, 0.9999524293333334, 0.9999327324444444, 0.9999720364444444, 0.9999821222222222, 0.9999824568888889, 0.9999809017777779, 0.9999834404444444, 0.9999858324444443, 0.9999906462222222, 0.9999957484444444], [0.999256220222222, 0.9997697317777778, 0.9998533588888889, 0.9999175295555555, 0.9999154562222221, 0.9999729971111112, 0.9999754146666667, 0.9999726282222221, 0.9999872426666666, 0.9999743895555555, 0.9999876306666666, 0.9999939448888888, 0.9999954564444444, 0.9999957942222224, 0.9999941184444445]], "milo_LW_normalize_False": [[0.9980072484444446, 0.9967909288888889, 0.9988126559999998, 0.9976195737777779, 0.9991818104444444, 0.9994122393333333, 0.9991639757777777, 0.999252425777778, 0.9990943424444444, 0.9996254533333333, 0.9993680135555556, 0.9990190162222223, 0.9990266542222223, 0.9994564862222222, 0.999526122], [0.9898771571111112, 0.9954667633333333, 0.9962167744444447, 0.9972202039999999, 0.9984287793333333, 0.9985830502222223, 0.9983315746666666, 0.9990913855555557, 0.999051126, 0.9991117695555556, 0.9992781531111111, 0.9994234333333333, 0.999417552, 0.999368401111111, 0.9994308117777777], [0.9906503595555554, 0.9957633217777777, 0.996939120888889, 0.9976138866666666, 0.9984995033333334, 0.9984674311111112, 0.9988601613333333, 0.9989457417777776, 0.9991367735555554, 0.9992139062222224, 0.9992724937777778, 0.9995086786666667, 0.9995533595555555, 0.9996297053333333, 0.9995390800000001]]}}