{"val_losses": {"milo_LW_adaptive_True": [[1.452893164100647, 1.1440002021026612, 0.9951735289382935, 0.86108786485672, 0.803033989982605, 0.7278435193443298, 0.6525729595375062, 0.6147074985313415, 0.567898330116272, 0.5484005269241333, 0.49478346459388733, 0.4606222413825989, 0.4386533594799042, 0.4156997190666199, 0.4156643344783783], [0.6258189702796936, 0.48354167083740235, 0.4484459502887726, 0.4054993769645691, 0.36366591354370115, 0.34808526260375977, 0.29360737303733825, 0.2880525306177139, 0.2632964947319031, 0.25840602031707766, 0.23778724179267882, 0.23388976504325867, 0.22621611698627472, 0.20282888206005095, 0.19429672884464264], [0.47839067178726197, 0.3083204940032959, 0.261578073425293, 0.24504764006614685, 0.21811818359375, 0.1990614551782608, 0.16569403794288634, 0.16113977063179016, 0.14770968334197998, 0.13461559947490692, 0.1248582410287857, 0.12456369171619415, 0.11209162715435028, 0.10778752170085908, 0.10783911736011505]], "milo_LW_adaptive_False": [[2.2180762142944337, 1.7287235063934325, 1.6601697351455689, 1.7510993918609619, 1.3257254540252685, 0.9964065598869324, 1.2935768822479248, 6.298636411132812, 0.8192994916152954, 1.176697995452881, 0.8461935885238647, 0.7948211739730835, 0.888400495262146, 0.813075319519043, 0.7974099942207337], [0.6305739212226867, 0.7023401369857788, 0.6077483254051208, 0.5903831689453125, 0.7299932004547119, 0.5608518208694458, 0.6428137555503846, 0.6555828556823731, 0.530693159828186, 0.6214885613059997, 0.5760834932136536, 0.45549771277427675, 0.8113446842193603, 0.4589742716884613, 0.5680600172042847], [0.4912205467987061, 0.43794949027061464, 0.4141338969135284, 0.5054139703941345, 0.5145438754844666, 0.37713041193008423, 0.3551208351325989, 0.4523441850471497, 0.4936003662586212, 0.43983975137710574, 0.5227135082435608, 0.5051850026130676, 0.33670272933006284, 0.3268467006015778, 0.4104915986156464]]}, "val_accuracies": {"milo_LW_adaptive_True": [[47.108, 58.098, 63.866, 69.114, 70.964, 73.994, 76.682, 78.198, 79.814, 80.85, 82.584, 83.702, 84.464, 85.404, 85.42], [78.124, 83.076, 84.592, 85.688, 87.37, 87.524, 89.758, 89.864, 90.788, 90.826, 91.606, 91.688, 92.008, 92.842, 93.07], [83.218, 89.028, 90.806, 91.498, 92.372, 92.97, 94.154, 94.334, 94.828, 95.332, 95.536, 95.61, 96.086, 96.248, 96.164]], "milo_LW_adaptive_False": [[25.766, 37.972, 49.152, 48.852, 56.922, 66.332, 61.056, 64.984, 72.492, 69.274, 74.012, 74.96, 71.446, 76.54, 74.688], [80.282, 79.344, 81.864, 81.106, 77.662, 82.682, 81.556, 81.998, 83.758, 82.024, 82.602, 86.256, 77.752, 86.902, 84.358], [86.08, 86.758, 87.094, 86.202, 84.868, 87.93, 88.724, 86.214, 85.986, 85.35, 86.618, 86.682, 89.868, 89.508, 88.87]]}, "val_f1_scores": {"milo_LW_adaptive_True": [[0.4494529076029569, 0.572756637859791, 0.6375959580800159, 0.6859472431271246, 0.7103929460125862, 0.7371589060414985, 0.7681699322527529, 0.7810173885222794, 0.7981074063033832, 0.8096405188414486, 0.824379906451027, 0.8361386606318965, 0.8432625741019469, 0.8540336873936136, 0.8542511547404367], [0.7735534892733714, 0.8309458931395911, 0.8458895185463498, 0.8557307148089904, 0.8732194342979064, 0.8749677581966331, 0.8976827067958478, 0.8986393746065862, 0.9076434074384541, 0.9084140265966238, 0.9159782434908298, 0.9165922253950877, 0.9197109314407019, 0.9282166430050458, 0.9309206073627816], [0.8317862348048977, 0.8906167721576782, 0.907782195622666, 0.9144961884602119, 0.9230144567819565, 0.9295617544688131, 0.9413257949572248, 0.9432309596423412, 0.948251885223522, 0.9533578336391709, 0.9554151725099093, 0.9561323768476153, 0.9608472179948553, 0.9624650005468857, 0.9616980878241325]], "milo_LW_adaptive_False": [[0.19264397398648453, 0.35445934161551734, 0.4735929509297496, 0.4495577552415145, 0.5359497435890843, 0.6608480327375968, 0.5930694485967033, 0.6417627377851194, 0.7229701361469891, 0.6923985337729038, 0.73147577732482, 0.7470395021606869, 0.7200919341803029, 0.7673695203479672, 0.7498994758824331], [0.8047507177718638, 0.7885044815151454, 0.8188570359845764, 0.8124828586815918, 0.776436257579547, 0.8303515588364396, 0.8158344055135656, 0.8215072160852059, 0.8364904830465381, 0.8203683630882145, 0.8285330160616929, 0.8629683121706171, 0.7723640082207043, 0.8669728914739941, 0.841555289481603], [0.8597610919521511, 0.868138455171743, 0.8710437456531336, 0.8625219089566739, 0.8531431727739859, 0.8789467309145824, 0.8905092475967251, 0.8629426499064223, 0.8598643195267999, 0.8532782544373514, 0.8651059760045163, 0.8693500109964308, 0.8992435380821829, 0.8970621299785992, 0.8901097862580887]]}, "val_aucs": {"milo_LW_adaptive_True": [[0.8803679657777778, 0.9244667113333331, 0.9420446384444446, 0.9553849595555555, 0.9616693364444444, 0.9680875562222223, 0.9740587533333335, 0.9764286802222222, 0.9801143184444445, 0.9816108888888888, 0.9840136995555555, 0.9860819182222222, 0.9872789922222223, 0.988600856888889, 0.9886903511111111], [0.9771138115555557, 0.9848149706666666, 0.9872960611111111, 0.9896145900000001, 0.9914092811111113, 0.9923371531111111, 0.9939636751111112, 0.9941994820000002, 0.9951342280000002, 0.9953804746666666, 0.9959873928888889, 0.9962891384444446, 0.9963433422222222, 0.9970619364444444, 0.9973361517777777], [0.9886804773333333, 0.9936348126666668, 0.9953218193333333, 0.9959294993333334, 0.9967836966666667, 0.9972320811111111, 0.9978815235555556, 0.9980606426666666, 0.9983423317777778, 0.9985540762222221, 0.9987580008888889, 0.9988037413333334, 0.998975099111111, 0.999062146888889, 0.9990671384444445]], "milo_LW_adaptive_False": [[0.8094825904444445, 0.8548827937777779, 0.896104180888889, 0.8830765044444446, 0.9201437811111111, 0.9455881984444444, 0.9346369255555557, 0.9027478831111113, 0.9627266320000001, 0.9560669577777776, 0.9695398813333332, 0.9701499364444442, 0.9653747733333334, 0.9722148506666667, 0.9736111893333333], [0.9789307613333331, 0.9741165935555556, 0.981272897111111, 0.9795788813333335, 0.9713391531111112, 0.9821759426666666, 0.9807630355555554, 0.9811861426666667, 0.9831592657777778, 0.9809683442222223, 0.984196672, 0.9875174984444444, 0.9750722184444445, 0.9877292393333332, 0.9846261482222223], [0.9868931964444444, 0.9887114324444445, 0.9895367351111112, 0.9863034526666666, 0.9862315988888888, 0.9907359931111113, 0.9914399704444443, 0.9883400200000001, 0.9880469204444443, 0.9897760935555556, 0.9873548053333332, 0.9915241422222223, 0.9932447151111111, 0.9936187195555555, 0.9919734495555556]]}}