{"val_losses": {"MILO_adaptive_True": [[0.33525516182899473, 0.21960194266796113, 0.21172987521171568, 0.1395551266360283, 0.17214651247024537, 0.11235438148975373, 0.0997609144949913, 0.10030805807590484, 0.08689312793076039, 0.08296194792985916], [0.31515923604011536, 0.17427299856185913, 0.11911297870159149, 0.11620555805921555, 0.09531868047952652, 0.08260985134363175, 0.07202554000139237, 0.07997199790418148, 0.05911045591473579, 0.053500024770498276]], "MILO_adaptive_False": [[8.177824559631347, 23.40213057739258, 43.70705541381836, 28.303554693603516, 29.575750469970703, 63.12681368652344, 45.00862869873047, 29.3379987310791, 37.415990349121095, 43.10646207275391], [58.46773584228516, 76.64611295410157, 76.3325555078125, 83.73501659667969, 77.62899828857422, 222.98148514648437, 124.84762948242188, 129.809544765625, 238.16078455078124, 146.71544478027343]]}, "val_accuracies": {"MILO_adaptive_True": [[88.588, 92.392, 92.8, 95.038, 93.86, 95.998, 96.43, 96.372, 96.924, 97.076], [89.54, 93.912, 95.782, 95.882, 96.73, 97.042, 97.492, 97.174, 97.818, 98.106]], "MILO_adaptive_False": [[52.086, 49.99, 50.462, 55.606, 60.014, 51.548, 64.992, 73.21, 71.15, 70.486], [68.642, 71.55, 76.474, 71.524, 74.126, 68.228, 69.764, 68.242, 59.822, 71.702]]}, "val_f1_scores": {"MILO_adaptive_True": [[0.8852125406365664, 0.9232608737937879, 0.9289919828000459, 0.9503234560228548, 0.9391269877735573, 0.9600034878599419, 0.9641693975429486, 0.9636021449948737, 0.9693696715560455, 0.9708289910997244], [0.891865457651293, 0.9396341492561794, 0.9579905554852886, 0.9589566124619587, 0.9672038849712006, 0.9703709780774133, 0.9748877845249895, 0.971896014766149, 0.9781509929975967, 0.9811061744094614]], "MILO_adaptive_False": [[0.4964092455761867, 0.43843480040798466, 0.4657488148068968, 0.5192101711168611, 0.6070248151295174, 0.4882350716650091, 0.616927508225173, 0.7287715602508926, 0.7068612832295564, 0.7063580882659374], [0.6812262658742305, 0.7267128319074709, 0.7656702124270064, 0.7206897826242074, 0.7457559542476785, 0.6442604809682125, 0.702595318753657, 0.6914542340476766, 0.6113663605055487, 0.7179473548698725]]}, "val_aucs": {"MILO_adaptive_True": [[0.9944959297777778, 0.9971152833333333, 0.9973753835555556, 0.9986542035555557, 0.9984164213333333, 0.999158486, 0.9993025286666665, 0.999297439111111, 0.9994737060000001, 0.9995110395555556], [0.9963764902222223, 0.9983391328888891, 0.9990338782222221, 0.9991801435555555, 0.9993507522222222, 0.9995256097777778, 0.999626718888889, 0.9996451626666667, 0.9997584702222222, 0.9997713395555555]], "MILO_adaptive_False": [[0.8880003053333333, 0.8787347737777778, 0.8594280524444444, 0.9041322562222222, 0.9100023133333334, 0.8380521599999999, 0.8844392679999998, 0.9237571320000001, 0.9063049771111112, 0.8973580975555556], [0.877075452, 0.8777766804444445, 0.8947109095555554, 0.8747933324444446, 0.8871969853333335, 0.8418616237777778, 0.8566854531111112, 0.8478159497777777, 0.7999755728888889, 0.8619849995555556]]}}