{"val_losses": {"MILO_LW_eps_1e-05": [[0.1734060984214147, 0.15876567693551383, 0.15133687977790833, 0.14962782408793768, 0.1457640386124452, 0.14448509730299314, 0.14317501504649408, 0.1421266293088595, 0.14143145349423092, 0.14077805347243944], [0.18924494685729346, 0.17034029158552488, 0.16207530307571094, 0.15429182337522507, 0.1514215061724186, 0.14963591664632162, 0.14739431716601054, 0.14651014364544876, 0.14556849689682325, 0.14525816980600356]], "MILO_LW_eps_0.005": [[0.14603223720788955, 0.13248978078365325, 0.12933331588109334, 0.1275604032556216, 0.1265332984526952, 0.12545519543091457, 0.12514224923849107, 0.12431699321667353, 0.12383884099324544, 0.12350252989927928], [0.1645744226892789, 0.14898729294141133, 0.14105899913311004, 0.13807041095495223, 0.13562122974395752, 0.13296463842391967, 0.1311444901585579, 0.13006093569596608, 0.12918328916261282, 0.12832641732295355]], "MILO_LW_eps_0.05": [[0.126893794067204, 0.12495183614293734, 0.1224401235461235, 0.12097559132774671, 0.11934433729847273, 0.1180833523275253, 0.11721663102811823, 0.11645729476213455, 0.115931518749396, 0.11548694148383608], [0.11740640948237076, 0.1137155695438385, 0.11226648961653313, 0.11107599606116612, 0.10995078345263998, 0.10892603028813998, 0.10825432534877522, 0.10782653858189782, 0.10748195596903097, 0.10683623644437952]]}, "val_accuracies": {"MILO_LW_eps_1e-05": [[94.695, 95.05, 95.12333333333333, 95.18833333333333, 95.26333333333334, 95.29, 95.30666666666667, 95.31666666666666, 95.335, 95.35833333333333], [94.44333333333333, 94.76333333333334, 94.91833333333334, 95.03666666666666, 95.085, 95.10833333333333, 95.13666666666667, 95.15, 95.17666666666666, 95.185]], "MILO_LW_eps_0.005": [[95.66, 95.69833333333334, 95.72166666666666, 95.74, 95.75, 95.765, 95.76833333333333, 95.76666666666667, 95.76833333333333, 95.77333333333333], [94.625, 95.00333333333333, 95.17833333333333, 95.25166666666667, 95.31666666666666, 95.375, 95.42833333333333, 95.46666666666667, 95.48666666666666, 95.51666666666667]], "MILO_LW_eps_0.05": [[95.63666666666667, 95.70666666666666, 95.77166666666666, 95.82166666666667, 95.86166666666666, 95.90333333333334, 95.93, 95.95333333333333, 95.95666666666666, 95.97166666666666], [96.005, 96.10166666666667, 96.13, 96.165, 96.20666666666666, 96.24666666666667, 96.26166666666667, 96.26666666666667, 96.28833333333333, 96.305]]}, "val_f1_scores": {"MILO_LW_eps_1e-05": [[0.9506148503973272, 0.9536165402382568, 0.9543353466774483, 0.95486597983667, 0.9555154579712353, 0.9557890339186766, 0.9559263213763843, 0.9560175612212115, 0.9561527199079091, 0.9563692572256557], [0.9483555573944502, 0.951098846426599, 0.9524602434639972, 0.953537555601144, 0.9539916926324711, 0.9541654615216665, 0.9544782567899761, 0.9545563018750445, 0.9548288959451277, 0.9548433911076277]], "MILO_LW_eps_0.005": [[0.9588719291359432, 0.9593750717081999, 0.959632772669994, 0.9598206708238644, 0.9598985823895789, 0.9600400518905824, 0.9600138001944396, 0.9600458790319746, 0.9600399466092877, 0.96009827374826], [0.9501504287631135, 0.9534401010417746, 0.9550015872484275, 0.9556024743036774, 0.9561540750827673, 0.9566297117561545, 0.9570992976573536, 0.957430901229489, 0.9576011797935248, 0.9578612993712188]], "MILO_LW_eps_0.05": [[0.9589129402473946, 0.9594973823663067, 0.960037415857386, 0.9604590345630989, 0.9608007960443568, 0.9611780123707584, 0.9613765762377346, 0.9615985278792468, 0.9616453677131043, 0.9617680497612993], [0.962008878259191, 0.9628836687683415, 0.9631347919164608, 0.9634527265558507, 0.9637934373827957, 0.9641546533529011, 0.9642877073902053, 0.9643161837175562, 0.9645101858120612, 0.9646947651456198]]}, "val_aucs": {"MILO_LW_eps_1e-05": [[0.9977334175107885, 0.9980215071515458, 0.9981136886649074, 0.9981559601906673, 0.9982131565869439, 0.998233482484814, 0.9982558595106097, 0.998268790941971, 0.9982866192011978, 0.9983029991423991], [0.997464597970238, 0.9977996715062719, 0.997938851412138, 0.9980304869628853, 0.9980674874664108, 0.9981067065329498, 0.9981347799627376, 0.9981543886998342, 0.9981614677515254, 0.9981719554327929]], "MILO_LW_eps_0.005": [[0.9984636377533385, 0.9984925338750956, 0.9985125858420663, 0.9985271006124693, 0.9985447394728469, 0.9985562549407199, 0.9985665962225572, 0.9985652060022463, 0.9985730955411739, 0.9985756607294801], [0.9976151823898556, 0.9979872094263612, 0.9981403109665002, 0.9982058467949967, 0.9982654643534893, 0.9983072499499022, 0.9983518585208657, 0.9983710058165685, 0.9983900045726125, 0.9984141824337801]], "MILO_LW_eps_0.05": [[0.998466872228717, 0.9985052936496807, 0.9985528582386765, 0.9985901470766712, 0.9986240305499973, 0.9986439105586851, 0.9986665822412407, 0.9986778610495683, 0.9986891869424659, 0.9987015428474593], [0.9986877578171693, 0.9987545738768361, 0.9987809941745287, 0.9988035080479609, 0.998820686441859, 0.9988430826761221, 0.9988575331750205, 0.9988689474725142, 0.9988732431319111, 0.9988845451354692]]}}