{"losses": {"milo_baseline_lr": [[1.9084647754669188, 1.3450484610366822, 1.1597771481704713, 1.0289462378120422, 0.9418825505065918, 0.8806761923217773, 0.8265925845146179, 0.7836468946456909, 0.7528017164421081, 0.7168658659172058, 0.6990899726486206, 0.6679081811141968, 0.6540303335380554, 0.6306254493713379, 0.6196343161392212], [1.7114891535186767, 0.9025416194534301, 0.7711087872695923, 0.7174289783859253, 0.6784950045776367, 0.6445898836708069, 0.6139620032787323, 0.5942184693908691, 0.5727931795120239, 0.5599193014526367, 0.551230464553833, 0.5308571672439575, 0.5200633909416199, 0.5170858834838867, 0.507961382894516], [2.1475007048225403, 0.773909292049408, 0.657818311624527, 0.615393733329773, 0.575154991645813, 0.5591971523857117, 0.5607699015235901, 0.5352985010910034, 0.5153319216823578, 0.505747836112976, 0.477592623796463, 0.4784001357936859, 0.4577956427001953, 0.4500066450881958, 0.4740648330307007]], "milo_lr_0.1": [[23.895074959793092, 2.3184660428619384, 2.3165031700134278, 2.306736689376831, 2.307735794830322, 2.3068687519073485, 2.306846306915283, 2.3069314789581297, 2.3068253257751463, 2.3067372284698484, 2.3068405400085448, 2.306861610107422, 2.306700538711548, 2.3067367581176756, 2.306766700973511], [33.03151563095093, 2.3046993687438966, 2.304216857910156, 2.3042101068878176, 2.304288275299072, 2.304085199203491, 2.3042170346069337, 2.304058829269409, 2.3040836009979246, 2.3039219332885743, 2.304023891906738, 2.30385971031189, 2.3038980905151365, 2.3039063442230225, 2.3039319257354736], [31.030841320800782, 2.3049121379089357, 2.304695812301636, 2.304981417694092, 2.304679033050537, 2.304526196746826, 2.3045119574737547, 2.3046172956848143, 2.3045422663879394, 2.3044229971313475, 2.3045095683288572, 2.3044041401672364, 2.3044921280670168, 2.3044292979431154, 2.304514716491699]], "milo_lr_0.001": [[2.304232163238525, 2.3040907444763183, 2.30404373626709, 2.304015181655884, 2.3039979596710207, 2.3039856726074217, 2.303978377532959, 2.303968596572876, 2.303964792022705, 2.3039620681762694, 2.3039621282958986, 2.303959423675537, 2.303956493988037, 2.3039546155548094, 2.303953724822998], [2.3040328440093996, 2.303987226257324, 2.3039758641815187, 2.3039733047485353, 2.3039693199157716, 2.303966242828369, 2.303961685562134, 2.303961809234619, 2.303961597366333, 2.3039633276367186, 2.303962108078003, 2.3039601960754394, 2.3039629998016355, 2.303958693389893, 2.3039577739715575], [2.3040740241241453, 2.303942523651123, 2.303936802520752, 2.303967387237549, 2.303985802536011, 2.3039287745666504, 2.303926409225464, 2.3039307066345214, 2.303942588882446, 2.30392535697937, 2.303922840652466, 2.3039236462402344, 2.303922264175415, 2.303923101043701, 2.303921183319092]]}, "accuracies": {"milo_baseline_lr": [[34.498, 52.262, 59.796, 64.796, 68.01, 70.716, 72.32, 73.848, 75.098, 76.17, 76.984, 78.19, 78.45, 79.12, 79.742], [58.84, 72.224, 75.506, 77.4, 78.6, 79.728, 80.578, 81.124, 81.66, 82.196, 82.626, 83.088, 83.562, 83.52, 84.2], [67.46, 77.356, 80.176, 81.372, 82.562, 83.042, 83.608, 84.224, 84.572, 84.998, 85.308, 85.514, 85.81, 86.238, 86.316]], "milo_lr_0.1": [[10.362, 10.106, 10.034, 10.164, 9.886, 10.06, 10.058, 9.74, 10.11, 10.06, 9.816, 9.862, 9.988, 9.784, 10.0], [10.194, 9.978, 10.186, 9.886, 9.738, 9.988, 9.598, 9.856, 10.022, 10.13, 10.05, 9.806, 10.088, 9.86, 9.764], [10.066, 10.126, 10.238, 10.03, 10.102, 10.002, 9.954, 9.924, 9.978, 9.992, 10.11, 9.93, 9.836, 9.688, 9.95]], "milo_lr_0.001": [[9.958, 9.886, 9.752, 9.874, 9.802, 9.954, 9.854, 9.928, 9.87, 9.806, 10.0, 9.934, 10.016, 9.922, 9.974], [10.0, 10.0, 10.0, 10.0, 9.846, 9.84, 10.0, 10.0, 9.984, 9.814, 9.728, 9.934, 9.858, 9.912, 9.866], [9.846, 10.0, 10.0, 10.0, 10.0, 9.926, 9.856, 9.972, 9.942, 9.81, 9.98, 10.0, 10.0, 9.828, 9.942]]}, "f1_scores": {"milo_baseline_lr": [[0.34116465228507226, 0.5204933972763836, 0.5964145370104814, 0.6471233613039301, 0.6795731392020976, 0.7070364316265019, 0.7229079436603512, 0.7384653235772145, 0.7509017403427183, 0.7615422252981427, 0.7697679011763092, 0.7817896487712959, 0.784380202212964, 0.7911539912651062, 0.7973953412988408], [0.5879492363204577, 0.7221620028983956, 0.754896298613968, 0.7737967231906168, 0.7860953563045002, 0.797195354682903, 0.8056273421432408, 0.8112227542135445, 0.8164574529556132, 0.8219412707998671, 0.8261506863591398, 0.8307663224537796, 0.835438475866342, 0.8351309242657429, 0.84194482024182], [0.6747845353022821, 0.7734903969636114, 0.8016159763895636, 0.8136033078246501, 0.8254175950469206, 0.8303649732724141, 0.836075680469278, 0.8421083773851642, 0.8456315284098983, 0.8499429894305541, 0.8529889301763683, 0.855080312632109, 0.8580153201715017, 0.8622934011357424, 0.8630686757276251]], "milo_lr_0.1": [[0.06955166997141796, 0.057024784000807995, 0.05464108503454261, 0.05667685223726375, 0.05631849935205639, 0.055504698727777524, 0.05636327795674313, 0.054805591718768296, 0.050349108369605766, 0.056874850794433864, 0.05564812086617088, 0.05465444473458092, 0.04978104097914391, 0.05449742722993066, 0.054074196023194784], [0.07577014478684922, 0.06963896452154247, 0.0644137843382466, 0.06403865154846797, 0.051790688443562806, 0.058701069602843436, 0.05952907843867078, 0.052069094797568584, 0.05712653084516437, 0.05742965312531258, 0.05402910203327371, 0.05481471778834699, 0.057654600538820544, 0.05453123758794569, 0.05323644760218327], [0.07358888669998258, 0.06458002850994601, 0.06120333414884256, 0.05594550826397211, 0.054971668991576426, 0.05482974548524443, 0.05010644215555134, 0.056062921429169264, 0.049615152859177454, 0.056924300407025785, 0.053468109282652374, 0.05534567209762779, 0.05495376392817901, 0.05457712885249524, 0.053768940919370525]], "milo_lr_0.001": [[0.026161081224821785, 0.02846129128799284, 0.03242193816116038, 0.03234325700915815, 0.029191946798658275, 0.029549280253764486, 0.03171356421029513, 0.03188220416120927, 0.03288093820093067, 0.02944085826819708, 0.01818181818181818, 0.03299707805234313, 0.031182580547412166, 0.03214488165234434, 0.03245282337637295], [0.01818181818181818, 0.01818181818181818, 0.01818181818181818, 0.01818181818181818, 0.029935944107289836, 0.029394437485511404, 0.01818181818181818, 0.01818181818181818, 0.028376127326897628, 0.038877980685953016, 0.04361296606394842, 0.03285425644783809, 0.027848512631236583, 0.0328208650986432, 0.032852087120379805], [0.03036095477785975, 0.01818181818181818, 0.01818181818181818, 0.01818280997145299, 0.018182148766341204, 0.030449149248296736, 0.03145224557007313, 0.027653997435643986, 0.03742191595874168, 0.04313851100753474, 0.019311073873926422, 0.01818181818181818, 0.01818181818181818, 0.030251670690408895, 0.03259604541109449]]}}