{"losses": {"milo_weight_decay_0.0001": [[0.039415493532946586, 0.003149340877704219, 0.00033263757323594883, 1.3399890929193247e-05, 2.426987595587112e-06, 9.812011120525692e-07, 7.765941409125787e-07, 6.628126728971987e-07, 5.918060550735997e-07, 5.494168390669074e-07, 5.129557085751912e-07, 4.794562709870813e-07, 4.5539277316670736e-07, 4.3076134104230355e-07, 4.089969491757254e-07], [0.04002597352484904, 0.0027365140760143005, 0.0003471371687902926, 4.614023947431984e-05, 1.4105094112670713e-05, 8.727121277165869e-07, 5.449713342384162e-07, 4.3872543453863007e-07, 3.8763905197794675e-07, 3.47812806057135e-07, 3.263360658146771e-07, 3.041560239071354e-07, 2.9240233743088593e-07, 2.775670649972047e-07, 2.652413860186442e-07], [0.03588669948005207, 0.002940814485901453, 0.00012468370309254187, 1.7344490742474268e-05, 2.4883636846325885e-06, 5.546533359010415e-07, 3.579189544243633e-07, 3.0718541155927427e-07, 2.7459987115629287e-07, 2.55046396577067e-07, 2.4235478545075275e-07, 2.295899512369933e-07, 2.16825101191039e-07, 2.084172069870031e-07, 1.9849722367671537e-07]], "milo_weight_decay_0.001": [[0.039686594772022736, 0.002334144882944112, 0.0002843677698820963, 6.154907614051671e-06, 3.993365054992637e-06, 4.5258171554820594e-07, 3.3700703844203873e-07, 2.823503130488329e-07, 2.632545439464451e-07, 2.532752270694753e-07, 2.401588932779456e-07, 2.3246230468885187e-07, 2.241261479432192e-07, 2.2150164326066128e-07, 2.1669776493939235e-07], [0.04129822128733914, 0.002395001712516415, 0.0001161177951561374, 1.1361354551608235e-05, 1.5113950715530677e-06, 3.8922885529366624e-07, 2.861113569988305e-07, 2.594374003700513e-07, 2.4379233479798755e-07, 2.275849905456558e-07, 2.1893269214695957e-07, 2.1037985488353192e-07, 2.0489436450894515e-07, 1.992638797148061e-07, 1.9596595605394877e-07], [0.03340287065138964, 0.001119132347796848, 0.00024830314243875243, 1.9594083539759192e-05, 1.2605727075451748e-06, 6.628577272337565e-07, 2.5167128617636553e-07, 2.282124789041736e-07, 2.148475797522309e-07, 2.0550010853620886e-07, 1.9664723381337032e-07, 1.9175190219786012e-07, 1.8639157894331979e-07, 1.8287905480107724e-07, 1.791976339334885e-07]], "milo_weight_decay_0.0": [[0.03905315692265583, 0.0019150090359063773, 4.8416242224482055e-05, 2.5282315994579346e-06, 5.481436925827884e-07, 2.8344533913736333e-07, 2.2577820357092548e-07, 2.0192140696397113e-07, 1.8353824106718264e-07, 1.712779444878502e-07, 1.6034279217270373e-07, 1.523022906051589e-07, 1.4509427117701535e-07, 1.3873260507537566e-07, 1.3273053568253108e-07], [0.03291307612507383, 0.002802208636193073, 0.00019834758767512225, 6.598025877313181e-06, 5.721047485952369e-07, 3.240954142401146e-07, 1.5418686090361197e-07, 1.3607579584089535e-07, 1.2344990275844717e-07, 1.1499621463381497e-07, 1.0774645175667767e-07, 1.0178212204413246e-07, 9.646547210167e-08, 9.213228816875585e-08, 8.852427107501153e-08], [0.030467365167896485, 0.0023538963636909817, 0.00037448263493389136, 1.7077086872267463e-05, 6.421592425192321e-07, 1.3033991835141497e-07, 1.0314266162734971e-07, 9.22830290606432e-08, 8.521607005060142e-08, 7.908685889882842e-08, 7.467616578722414e-08, 7.070657671164326e-08, 6.719194190729638e-08, 6.438658253233125e-08, 6.158917848964052e-08]]}, "accuracies": {"milo_weight_decay_0.0001": [[99.25833333333334, 99.895, 99.98833333333333, 100.0, 100.0, 100.0, 100.0, 100.0, 100.0, 100.0, 100.0, 100.0, 100.0, 100.0, 100.0], [99.34833333333333, 99.91333333333333, 99.98833333333333, 100.0, 100.0, 100.0, 100.0, 100.0, 100.0, 100.0, 100.0, 100.0, 100.0, 100.0, 100.0], [99.375, 99.92166666666667, 99.99833333333333, 100.0, 100.0, 100.0, 100.0, 100.0, 100.0, 100.0, 100.0, 100.0, 100.0, 100.0, 100.0]], "milo_weight_decay_0.001": [[99.36166666666666, 99.92666666666666, 99.98833333333333, 100.0, 100.0, 100.0, 100.0, 100.0, 100.0, 100.0, 100.0, 100.0, 100.0, 100.0, 100.0], [99.38333333333334, 99.925, 99.995, 100.0, 100.0, 100.0, 100.0, 100.0, 100.0, 100.0, 100.0, 100.0, 100.0, 100.0, 100.0], [99.39166666666667, 99.95666666666666, 99.99333333333334, 100.0, 100.0, 100.0, 100.0, 100.0, 100.0, 100.0, 100.0, 100.0, 100.0, 100.0, 100.0]], "milo_weight_decay_0.0": [[99.37666666666667, 99.93833333333333, 99.99833333333333, 100.0, 100.0, 100.0, 100.0, 100.0, 100.0, 100.0, 100.0, 100.0, 100.0, 100.0, 100.0], [99.45166666666667, 99.91333333333333, 99.99333333333334, 100.0, 100.0, 100.0, 100.0, 100.0, 100.0, 100.0, 100.0, 100.0, 100.0, 100.0, 100.0], [99.48833333333333, 99.935, 99.98166666666667, 99.99833333333333, 100.0, 100.0, 100.0, 100.0, 100.0, 100.0, 100.0, 100.0, 100.0, 100.0, 100.0]]}, "f1_scores": {"milo_weight_decay_0.0001": [[0.9925096341927168, 0.9989452213038639, 0.9998828703717132, 1.0, 1.0, 1.0, 1.0, 1.0, 1.0, 1.0, 1.0, 1.0, 1.0, 1.0, 1.0], [0.9934325543195653, 0.9991244616832052, 0.9998860740798063, 1.0, 1.0, 1.0, 1.0, 1.0, 1.0, 1.0, 1.0, 1.0, 1.0, 1.0, 1.0], [0.9937132924668989, 0.9992149500672103, 0.9999830497020585, 1.0, 1.0, 1.0, 1.0, 1.0, 1.0, 1.0, 1.0, 1.0, 1.0, 1.0, 1.0]], "milo_weight_decay_0.001": [[0.9935758563901746, 0.9992623389467037, 0.9998859765985234, 1.0, 1.0, 1.0, 1.0, 1.0, 1.0, 1.0, 1.0, 1.0, 1.0, 1.0, 1.0], [0.9937555633020082, 0.9992477373779401, 0.9999484397268702, 1.0, 1.0, 1.0, 1.0, 1.0, 1.0, 1.0, 1.0, 1.0, 1.0, 1.0, 1.0], [0.9938767539917326, 0.9995608870833796, 0.999931190065752, 1.0, 1.0, 1.0, 1.0, 1.0, 1.0, 1.0, 1.0, 1.0, 1.0, 1.0, 1.0]], "milo_weight_decay_0.0": [[0.9937193036317108, 0.9993775888853529, 0.9999830496543354, 1.0, 1.0, 1.0, 1.0, 1.0, 1.0, 1.0, 1.0, 1.0, 1.0, 1.0, 1.0], [0.9944874708044468, 0.9991315609001534, 0.9999310352871419, 1.0, 1.0, 1.0, 1.0, 1.0, 1.0, 1.0, 1.0, 1.0, 1.0, 1.0, 1.0], [0.9948523279285917, 0.9993428136290573, 0.9998136882258327, 0.9999830365393102, 1.0, 1.0, 1.0, 1.0, 1.0, 1.0, 1.0, 1.0, 1.0, 1.0, 1.0]]}}