{"val_losses": {"milo_LW_eps_1e-05": [[0.11281031675815582, 0.053674563306570056, 0.031248150977119804, 0.0253933213108778, 0.021172080328166486, 0.015425408063232898, 0.013784310128837823, 0.013318304904699325, 0.010114196835197509, 0.011078375836480409, 0.009174008802380413, 0.007008187355361879, 0.0070240629571827595, 0.006860762288980186, 0.007286159979149233], [0.10236608402729035, 0.04395434678554535, 0.023676330634355546, 0.024195888238102196, 0.02169222529117018, 0.017973621689714493, 0.010125198644064366, 0.011019471935164183, 0.010171465887501835, 0.007210545476023108, 0.007965052463067696, 0.007854032664718106, 0.008484124322170392, 0.010296006866060197, 0.00609788128178101], [0.09440384984374046, 0.03723285256147384, 0.02252244660422206, 0.02132323621891439, 0.02120057026637718, 0.01705083192622289, 0.013962407227866352, 0.007698876716410741, 0.006998640012554825, 0.0056167063374537975, 0.00513235838831868, 0.008140947979879565, 0.007402098671472631, 0.004803795674287248, 0.00449884199337801]], "milo_LW_eps_0.005": [[0.04925776385426521, 0.028813476074635982, 0.029287164682000877, 0.022627121766656638, 0.012597172205336392, 0.00945756442935206, 0.008206915967948735, 0.01053546963153407, 0.009785331549979747, 0.009024681755080819, 0.005462662579892203, 0.009023073172234, 0.004587914791614749, 0.005657789251008071, 0.004853078077351675], [0.07717369262814522, 0.02747511677443981, 0.025321770895048976, 0.0319938964509964, 0.0316528340446949, 0.013754294681027531, 0.010400820495523513, 0.008744189774096012, 0.00797512479454279, 0.007155371452588588, 0.00881421189893037, 0.007124434040877968, 0.005344666961692273, 0.005748713947255164, 0.004848844186516944], [0.08334509397983551, 0.028965642058551313, 0.031453458545804024, 0.02104940862864256, 0.01885702076256275, 0.011407159522473813, 0.011254642421323806, 0.009429054935537279, 0.008932686377810315, 0.007230363949909806, 0.00799380522536114, 0.0052173769287019965, 0.00585047511478886, 0.005861125717032701, 0.0062663722179364416]], "milo_LW_eps_0.05": [[0.08562398423314095, 0.0676610009264946, 0.044187517349123955, 0.05446468070328236, 0.030629661476910115, 0.032351819768548014, 0.03381511867165565, 0.027348397578299044, 0.024514507094696165, 0.01979779137775302, 0.015115375987440347, 0.025157036085128783, 0.016675775015726684, 0.01708828512586653, 0.0176706236410141], [0.132246590385437, 0.07224845575094223, 0.08274552813768386, 0.05077548963308334, 0.035676449406147004, 0.031111804786771537, 0.03317384644538164, 0.04042669983804226, 0.02786428462445736, 0.04991417358517647, 0.02073482882387936, 0.017414714374691248, 0.05167085553526878, 0.03950000760763884, 0.010901022859811782], [0.1564013166475296, 0.11355699653148651, 0.08871789657592774, 0.056127756732702254, 0.04305807008832693, 0.03440386615276337, 0.03817422145485878, 0.03650132196828723, 0.027294172813296318, 0.026460365099012853, 0.03393562329441309, 0.013415338855683804, 0.019253851787149907, 0.020213845492005347, 0.02543925016209483]]}, "val_accuracies": {"milo_LW_eps_1e-05": [[95.956, 98.042, 98.908, 99.112, 99.254, 99.448, 99.504, 99.552, 99.648, 99.594, 99.678, 99.774, 99.73, 99.772, 99.752], [96.368, 98.36, 99.154, 99.138, 99.238, 99.366, 99.64, 99.632, 99.66, 99.766, 99.728, 99.744, 99.702, 99.65, 99.79], [96.668, 98.764, 99.19, 99.248, 99.302, 99.416, 99.528, 99.738, 99.77, 99.81, 99.822, 99.74, 99.748, 99.832, 99.832]], "milo_LW_eps_0.005": [[98.344, 98.998, 99.002, 99.224, 99.598, 99.7, 99.734, 99.652, 99.618, 99.692, 99.81, 99.678, 99.864, 99.796, 99.838], [97.294, 99.096, 99.136, 98.868, 98.918, 99.506, 99.674, 99.71, 99.738, 99.764, 99.69, 99.764, 99.814, 99.808, 99.84], [97.01, 99.024, 98.926, 99.242, 99.314, 99.596, 99.566, 99.654, 99.676, 99.748, 99.698, 99.84, 99.828, 99.818, 99.79]], "milo_LW_eps_0.05": [[97.012, 97.602, 98.4, 98.152, 98.902, 98.836, 98.85, 99.078, 99.148, 99.318, 99.494, 99.116, 99.422, 99.42, 99.396], [95.338, 97.474, 97.15, 98.188, 98.768, 98.934, 98.858, 98.572, 99.014, 98.356, 99.262, 99.398, 98.242, 98.62, 99.632], [94.536, 96.038, 96.84, 98.08, 98.446, 98.78, 98.65, 98.694, 99.026, 99.042, 98.8, 99.566, 99.338, 99.294, 99.104]]}, "val_f1_scores": {"milo_LW_eps_1e-05": [[0.9592590909211796, 0.9803321899414869, 0.9890869145825321, 0.9911094959573644, 0.9925377992097436, 0.99447853057552, 0.9950436680229295, 0.9955196801377799, 0.9964799553442788, 0.9959400803564536, 0.9967795972039332, 0.9977400008419878, 0.9972995525313785, 0.997719697217993, 0.9975203503112736], [0.9637340813759318, 0.9835870645463647, 0.991539236073189, 0.991385832843245, 0.9923751089327121, 0.9936628303446057, 0.9963996129740291, 0.9963225468365288, 0.9966008302255813, 0.9976594529130594, 0.9972810460828365, 0.9974399859053372, 0.9970195117985832, 0.9965020704077385, 0.9979005497045232], [0.9666824897324485, 0.9876459884938574, 0.991901048794583, 0.9924771762902616, 0.9930197433289523, 0.9941653971489476, 0.9952823730147035, 0.9973799724208547, 0.9977000955504373, 0.9981000819540491, 0.9982198097008956, 0.99740018782753, 0.9974775320059683, 0.9983201718463292, 0.9983197843710421]], "milo_LW_eps_0.005": [[0.9835131350779645, 0.9899799860719882, 0.9900191494048884, 0.9922535218077749, 0.9959801949921363, 0.9970003125370381, 0.9973399028699166, 0.9965215611373255, 0.9961803204470712, 0.9969190638645443, 0.9981003303389342, 0.9967811439900448, 0.9986401658198846, 0.9979595374358003, 0.9983800944066228], [0.9728909716743654, 0.9909504776615898, 0.9913514151723527, 0.9886777843097274, 0.989184220987297, 0.9950612288197747, 0.9967395665392337, 0.9970984939980065, 0.9973812018665115, 0.9976401507527536, 0.9968991538646435, 0.9976394482200657, 0.9981409720332783, 0.9980799693754179, 0.9984000714588515], [0.9701746746478014, 0.990240955978107, 0.9892723677400292, 0.9924169757858584, 0.9931179504135661, 0.9959574843742198, 0.9956630551330636, 0.9965408761258736, 0.9967585164266334, 0.9974807061021902, 0.9969799534824683, 0.9984004262227554, 0.9982800141051019, 0.9981805764044328, 0.9978998426092967]], "milo_LW_eps_0.05": [[0.9699463382592171, 0.976108900734755, 0.9839947727465223, 0.98148095401334, 0.9890226203271226, 0.9883662701818225, 0.9884788993151206, 0.99079507079203, 0.9914852651464588, 0.993192859302531, 0.9949386575642605, 0.9911585568174008, 0.9942197929861152, 0.9942029384800447, 0.9939488429849259], [0.9535855301814531, 0.9748302190795121, 0.9713104070250725, 0.9818674765551876, 0.9876488341307516, 0.9893347710775291, 0.9885919443171056, 0.9857787612209066, 0.9901400944835625, 0.9835545314921154, 0.9926210517942893, 0.9939766810561522, 0.9824430641265035, 0.9861884815449178, 0.9963197171600109], [0.9453092179782828, 0.9604700681298809, 0.9685307956219227, 0.9807815410163403, 0.9844788895988102, 0.9878038855786221, 0.9865035818849511, 0.9869665919946659, 0.9902723229836694, 0.9904274788454523, 0.987996777828933, 0.9956613867807753, 0.9933753710147195, 0.9929446588039316, 0.9910408429283887]]}, "val_aucs": {"milo_LW_eps_1e-05": [[0.9994079555555556, 0.9998066226666665, 0.9999261902222223, 0.9999539093333334, 0.9999685895555555, 0.9999811146666666, 0.9999863173333334, 0.9999869520000001, 0.9999927306666667, 0.9999924595555557, 0.9999934524444445, 0.9999952497777777, 0.9999964199999999, 0.9999964688888887, 0.9999959948888888], [0.9994731102222222, 0.9998729542222223, 0.9999615697777777, 0.999962336, 0.9999670351111112, 0.999977208, 0.9999922720000001, 0.9999901608888889, 0.9999904431111111, 0.9999961008888887, 0.9999933153333334, 0.9999956493333333, 0.9999943275555555, 0.9999940393333333, 0.9999975222222222], [0.9995365940000001, 0.9999031104444445, 0.9999646122222223, 0.9999690833333332, 0.9999679928888889, 0.9999818586666669, 0.9999913533333332, 0.9999946599999999, 0.9999962646666667, 0.9999972862222222, 0.9999978208888889, 0.9999939993333335, 0.9999967973333334, 0.9999972948888889, 0.999998695111111]],