{"losses": {"milo_LW_baseline_lr": [[0.5131362679034471, 0.21403403225839102, 0.1324326037774476, 0.10678108639642568, 0.09128299806101081, 0.08479349329490214, 0.08073674235689175, 0.07785692754584021, 0.07570716817279487, 0.07418297752812353, 0.07298945266113926, 0.07231042906713556, 0.07172536229420996, 0.07114235098958016, 0.07090010388118681], [0.1488849108248948, 0.12065363463858764, 0.10709448644618191, 0.10037791166702906, 0.09730755677123865, 0.09593989538527288, 0.09510411827694788, 0.09426720687135894, 0.09343986490136012, 0.09290258757928711, 0.09256166685981056, 0.09207878017319869, 0.09159278139458936, 0.09109350118395235, 0.08991179850130163], [0.237854246310393, 0.1874515136440595, 0.16503966894944508, 0.15302976885437966, 0.14509040324886424, 0.14000072713692982, 0.13558658576806387, 0.13202467836340268, 0.1295286087450425, 0.12685747852571513, 0.12482288759921988, 0.12358653186261653, 0.12221182841857274, 0.12119234350916146, 0.1199397079994902]], "milo_LW_lr_0.1": [[0.7160428686777751, 0.3919271430253983, 0.310581449898084, 0.2689228755553563, 0.2514440871953964, 0.22322007184823353, 0.2129599686940511, 0.2032155988852183, 0.19570424648125967, 0.18873517187039057, 0.18379010673165322, 0.17336041115919748, 0.17125965939760207, 0.16962576798597973, 0.16703507626454037], [0.4441010114868482, 0.19596839557091394, 0.14824266236424447, 0.135909255759418, 0.12494279684933524, 0.1150337567999959, 0.10719338101033742, 0.10968957204495867, 0.09933416582681238, 0.09926319222028057, 0.09343126021930948, 0.0925952075585723, 0.09026543477972349, 0.08890913850618526, 0.08777495418041945], [1.2554212217728298, 0.26636260701355835, 0.15579933033746202, 0.12286402557565598, 0.10167454631957225, 0.0890381911455576, 0.07955061396739135, 0.07791185895456001, 0.06832931665886256, 0.06655445337867447, 0.06141297951308855, 0.05820315385334737, 0.05877053430668117, 0.05723119336687669, 0.05425427367394368]], "milo_LW_lr_0.001": [[0.050255667127696024, 0.04832868450007518, 0.04804724211594609, 0.04773376885297087, 0.04765124755730212, 0.04746719543561533, 0.04723642040067013, 0.04714188748894764, 0.04708593009999798, 0.04711206843243563, 0.047025785461630824, 0.04697310479891021, 0.04686474737462704, 0.04679737420607125, 0.046728021549415036], [0.04811207707858121, 0.047003050215325005, 0.04685836791642069, 0.04681318248257933, 0.046780462040606166, 0.0465602757860984, 0.04646411820945893, 0.04647061253675493, 0.046469672182768165, 0.04637931533269972, 0.04631874642038698, 0.046389488703608366, 0.04630604475113602, 0.04626072914105607, 0.046221535831383276], [0.04691863622856909, 0.04625918943138483, 0.04617723631795282, 0.04597680329868405, 0.04590204918232484, 0.045955041797164996, 0.045820264287990964, 0.04583401140996429, 0.045884571140728074, 0.045822388466629976, 0.04571210569562779, 0.045748406665659665, 0.045675696025843114, 0.045615797971199454, 0.04556891373078494]]}, "accuracies": {"milo_LW_baseline_lr": [[97.415, 97.735, 97.83833333333334, 97.87666666666667, 97.915, 97.955, 97.965, 97.97, 97.98833333333333, 98.0, 98.00833333333334, 98.01333333333334, 98.01, 98.01333333333334, 98.02], [96.84833333333333, 96.99166666666666, 97.16166666666666, 97.25333333333333, 97.28833333333333, 97.30666666666667, 97.31666666666666, 97.325, 97.33666666666667, 97.34, 97.34833333333333, 97.35, 97.355, 97.35833333333333, 97.38166666666666], [95.35833333333333, 95.80166666666666, 96.035, 96.19333333333333, 96.27666666666667, 96.32666666666667, 96.37333333333333, 96.40166666666667, 96.435, 96.475, 96.495, 96.505, 96.52666666666667, 96.55, 96.57166666666667]], "milo_LW_lr_0.1": [[85.49833333333333, 90.435, 92.05333333333333, 92.83333333333333, 93.21, 93.56166666666667, 93.82, 94.04333333333334, 94.295, 94.395, 94.62166666666667, 94.66333333333333, 94.795, 94.92333333333333, 94.98833333333333], [94.35333333333334, 95.89, 96.46666666666667, 96.75833333333334, 96.88833333333334, 96.98833333333333, 97.11333333333333, 97.19333333333333, 97.24, 97.31666666666666, 97.42666666666666, 97.42833333333333, 97.47666666666667, 97.525, 97.53333333333333], [95.62833333333333, 96.65, 97.32166666666667, 97.67833333333333, 97.88833333333334, 98.01, 98.12833333333333, 98.20166666666667, 98.35333333333334, 98.38666666666667, 98.45333333333333, 98.5, 98.53, 98.56, 98.58333333333333]], "milo_LW_lr_0.001": [[98.70166666666667, 98.715, 98.73, 98.73, 98.73, 98.73666666666666, 98.74, 98.73666666666666, 98.74, 98.74333333333334, 98.74333333333334, 98.74333333333334, 98.74166666666666, 98.74333333333334, 98.74166666666666], [98.73666666666666, 98.75166666666667, 98.74833333333333, 98.74833333333333, 98.75166666666667, 98.755, 98.76166666666667, 98.76166666666667, 98.75833333333334, 98.765, 98.76333333333334, 98.76333333333334, 98.76833333333333, 98.765, 98.76833333333333], [98.75666666666666, 98.755, 98.765, 98.77333333333333, 98.77333333333333, 98.77166666666666, 98.77666666666667, 98.785, 98.77666666666667, 98.78, 98.78333333333333, 98.78333333333333, 98.78666666666666, 98.78166666666667, 98.785]]}, "f1_scores": {"milo_LW_baseline_lr": [[0.9742247021040779, 0.9776267360011197, 0.9787460445177659, 0.9791819477049458, 0.9795821877046296, 0.9799916403079376, 0.9800892672945842, 0.9801608728729994, 0.9803368702401236, 0.9804528323564836, 0.9805419164279892, 0.9805845541087826, 0.9805618895249971, 0.9805920948463742, 0.9806653675992708], [0.9697583627805137, 0.9710930700131908, 0.9726747493337381, 0.9735394285994443, 0.9738707754111035, 0.9740427663148594, 0.9741280424781781, 0.9742171463458691, 0.9743186058595606, 0.9743508540057502, 0.9744301190979183, 0.974439377304303, 0.9744936819249961, 0.9745205260412927, 0.9747346335527378], [0.9562665525021037, 0.9603154232851814, 0.9624004314230211, 0.9638410297209437, 0.96460769620384, 0.9650781324646873, 0.9655016201877423, 0.9657495709406835, 0.9660523259970925, 0.9664090360495123, 0.9665948670612355, 0.9666779861245096, 0.9668870747245716, 0.9670999589860918, 0.9672801972330435]], "milo_LW_lr_0.1": [[0.8669909416743062, 0.9138024238686601, 0.9234843415024659, 0.9332910492375859, 0.9365470559184306, 0.9396631924632279, 0.9418687823810477, 0.9439052750343693, 0.9459670025323902, 0.9461591874131411, 0.9488548584743812, 0.9492606449890577, 0.9503899084307781, 0.9515367185238013, 0.951637923844755], [0.9453195387343236, 0.9600074342896923, 0.9654774668539862, 0.9681759235514582, 0.9693823205150212, 0.9703561377647645, 0.9715303453821587, 0.9722893399648649, 0.9727630194591745, 0.9734885833079382, 0.9746067252681151, 0.9745448072756859, 0.9750038320136454, 0.9755179623623015, 0.9755726227944385], [0.9561600139390869, 0.9668417854379749, 0.9734178532914095, 0.9768953006582644, 0.9789744883209629, 0.9801922996679032, 0.981337472210007, 0.9820763022311869, 0.9835765342144557, 0.983895329831024, 0.9845595161307005, 0.9850381675224427, 0.985340695080102, 0.9856264991871193, 0.9858582112434824]], "milo_LW_lr_0.001": [[0.9870526064402496, 0.9871792328168555, 0.9873277644752072, 0.9873278971897236, 0.9873291828439579, 0.9873924778371684, 0.9874280543158578, 0.987392524425678, 0.987425199718259, 0.9874595965574546, 0.9874590536872727, 0.9874590536872727, 0.9874421935916518, 0.9874582254191082, 0.9874421935916518], [0.9873907837344117, 0.9875432902872177, 0.987511042977453, 0.9875125246160159, 0.9875445264563641, 0.9875782704690916, 0.9876452706279553, 0.9876433698912612, 0.9876106783662258, 0.9876764164412837, 0.9876597816458302, 0.9876607224158385, 0.9877118890614179, 0.9876788001610312, 0.9877097213631989], [0.9875862320978104, 0.9875769168434833, 0.9876771959157402, 0.9877618130900065, 0.9877622164631651, 0.987745556822377, 0.9877956223063595, 0.9878816845173699, 0.9877983293670137, 0.987829310190882, 0.9878621553994463, 0.9878633278205617, 0.9878968494539947, 0.9878489653630587, 0.9878799723956362]]}}