{"val_losses": {"MILO_momentum_0.9": [[0.23972687792778016, 0.22692791514873506, 0.21911028485774994, 0.21290792877197265, 0.2084566959285736, 0.19766682940006255, 0.19713848074913026, 0.19372632129192352, 0.19091040087223052, 0.1897776761198044], [0.21017563050746918, 0.18965538398981094, 0.1908779532766342, 0.18071305671930313, 0.17927877251148225, 0.16845638331413268, 0.1733094308280945, 0.16560440773487092, 0.1651728844499588, 0.1636437451648712]], "MILO_momentum_0.0": [[0.15949959075450898, 0.15506574243545532, 0.1552121396446228, 0.15543737676501274, 0.1500270591020584, 0.15025829332351684, 0.1497841197681427, 0.15118656844377518, 0.14930445415019988, 0.14640923491716384], [0.1550290060019493, 0.15214162944555282, 0.1435045106935501, 0.14631496709346772, 0.14431658854842186, 0.1406421342086792, 0.13951671010017394, 0.14074972258090973, 0.1412987882566452, 0.14110909682273864]], "MILO_momentum_0.45": [[0.14904927718639374, 0.1449419607436657, 0.13944968611717223, 0.1356267067193985, 0.13347855228662492, 0.13349750688552856, 0.1303701194000244, 0.1295229355955124, 0.1265096809577942, 0.12940015520334244], [0.13836513034820558, 0.1309724278450012, 0.13194995760440825, 0.12570701416492464, 0.12405626618623733, 0.12389712777137757, 0.12075601021409035, 0.12206593577384948, 0.11945909974098205, 0.11937117753982544]]}, "val_accuracies": {"MILO_momentum_0.9": [[91.694, 92.166, 92.398, 92.698, 92.8, 93.004, 93.116, 93.374, 93.354, 93.46], [92.616, 93.49, 93.362, 93.836, 93.886, 94.178, 94.022, 94.272, 94.242, 94.248]], "MILO_momentum_0.0": [[94.398, 94.622, 94.582, 94.588, 94.754, 94.756, 94.67, 94.722, 94.818, 94.884], [94.562, 94.82, 95.072, 94.802, 94.998, 95.04, 95.134, 95.144, 95.094, 95.11]], "MILO_momentum_0.45": [[94.728, 94.784, 95.112, 95.276, 95.388, 95.382, 95.514, 95.544, 95.57, 95.592], [95.106, 95.472, 95.35, 95.518, 95.698, 95.734, 95.754, 95.692, 95.862, 95.838]]}, "val_f1_scores": {"MILO_momentum_0.9": [[0.9166725414994922, 0.9213020403148242, 0.9234858254410174, 0.9269324666884906, 0.9279603704051812, 0.9300422691733129, 0.9309796840086386, 0.9336936395568651, 0.9335128601858222, 0.9343841329629468], [0.9265940349332166, 0.9347935043224703, 0.9333598365565535, 0.9386772129783296, 0.9388505662302256, 0.941705781446403, 0.9401235908218084, 0.9424047025938579, 0.9426084727533783, 0.9426907369124568]], "MILO_momentum_0.0": [[0.9440053431624935, 0.9462395917120924, 0.945887995201004, 0.9458319871113883, 0.9474427027545511, 0.9475617506959931, 0.9465967616099139, 0.9471895132873334, 0.9481877770819571, 0.9488380682093647], [0.9458900665797592, 0.94824622498233, 0.9506479528891244, 0.948045419984172, 0.9498945927085994, 0.95040404846249, 0.951264207500112, 0.9514316017122478, 0.950932793175671, 0.9510201082423851]], "MILO_momentum_0.45": [[0.9471191232787568, 0.9478834613421288, 0.9511256573203575, 0.9527034114981786, 0.9538456718102207, 0.9538159266736612, 0.9551113757033427, 0.9553277510052152, 0.9557197312915464, 0.9558765112606389], [0.9510348949021894, 0.9546726724319065, 0.9534508345467658, 0.9551762032757581, 0.95704134217288, 0.9573765813165911, 0.9575376850981732, 0.9568883666501826, 0.9585916630249605, 0.9583641398075914]]}, "val_aucs": {"MILO_momentum_0.9": [[0.9958565060000002, 0.9963147215555554, 0.9964248062222223, 0.996534284, 0.9967565091111112, 0.9969636082222223, 0.996949538, 0.9970831715555555, 0.9971838048888889, 0.9972235317777779], [0.9967631675555555, 0.997205106888889, 0.9972973582222222, 0.9974862997777778, 0.9975027439999999, 0.9977278706666667, 0.9976587997777777, 0.9978473542222221, 0.99787249, 0.9978523624444445]], "MILO_momentum_0.0": [[0.9979187962222221, 0.998038057111111, 0.9980010517777776, 0.9980265913333334, 0.998147314, 0.9981382911111112, 0.9981552902222223, 0.9981234882222221, 0.9981390544444446, 0.9982079502222222], [0.9981229046666668, 0.9981400653333333, 0.9982692731111111, 0.9982452204444444, 0.9982726404444444, 0.9983434895555557, 0.9983448599999999, 0.9983516100000001, 0.9983162291111112, 0.9983294826666667]], "MILO_momentum_0.45": [[0.9982191631111113, 0.9983456842222223, 0.9983975855555555, 0.9984823797777779, 0.99850134, 0.998466906888889, 0.9985680206666666, 0.9985828435555557, 0.9986278831111111, 0.9985767177777778], [0.9984388542222223, 0.998573585111111, 0.9985647042222222, 0.9986395928888889, 0.9987035051111111, 0.9987116342222222, 0.9987473642222222, 0.9987530351111111, 0.9987760286666667, 0.9987631362222222]]}}