{"losses": {"milo_baseline_lr": [[0.21052329657872518, 0.09452968694368999, 0.06884026307264964, 0.05556050001382828, 0.04700950105140607, 0.040818272032837076, 0.03464754960909486, 0.031309109891702734, 0.028495964895188807, 0.025816154674316447, 0.023403072320421537, 0.021346334550964335, 0.019674436781617503, 0.01803975873030722, 0.016923717674737174], [0.06866889041053752, 0.027869936895199742, 0.01956071177573564, 0.014690804139509177, 0.011471534636376115, 0.009647705816974243, 0.007637115752138197, 0.0069411909046466465, 0.0058994034263344175, 0.005050622991520989, 0.004574644675571471, 0.004037164310320319, 0.003686457357564359, 0.0034027020470840702, 0.003027553026120222], [0.048256466129689944, 0.011425419485630119, 0.00558784321761171, 0.0035368328629660634, 0.0024142030995411914, 0.0019702549200484405, 0.0014342094018529072, 0.0011876948364712007, 0.0009353651209890813, 0.0005944318242967711, 0.0006682048736518482, 0.0004946123616657133, 0.00043253027221180673, 0.0003922593635727632, 0.00024905802039708455]], "milo_lr_0.1": [[1.4153067451116152, 0.3131193232770621, 0.19035609970796505, 0.12800939396673494, 0.08931100819097443, 0.06472271725153309, 0.04879532542060336, 0.0328683814899996, 0.026566746337501054, 0.018965154016018688, 0.015168934924715109, 0.010043934240794547, 0.005925191435275104, 0.00505060265592956, 0.0034536624191899568], [1.1457420617890854, 0.3154086215373827, 0.1637242506250827, 0.10841040408508251, 0.06898245111067845, 0.04676359362050407, 0.030279050225812926, 0.020727808020708557, 0.015473220718999751, 0.00877317256766271, 0.006113291504980086, 0.004514076505934545, 0.0027748490976777277, 0.0017132209572665663, 0.0012914909865630862], [1.1058985440624025, 0.27651259419878493, 0.15087929779934459, 0.08383360015343852, 0.05487670338602688, 0.036991575315128616, 0.02232387054845553, 0.015740786896058404, 0.010619783938576263, 0.007780952455508499, 0.005412916521099789, 0.0038087510220272975, 0.003317494150076936, 0.002859630815144226, 0.0023920086925016087]], "milo_lr_0.001": [[0.0019332953400574605, 0.0016571543048836718, 0.0015790568667543416, 0.0015451781321528244, 0.0015196476153278833, 0.0014946855340201859, 0.001475232095497807, 0.001455236316319908, 0.0014456626575485927, 0.0014266872052442416, 0.0014116675594908602, 0.0014018309587917515, 0.0013836129499639014, 0.0013735666079935864, 0.0013608407893782853], [0.001455126499145033, 0.0013337657110250253, 0.00129867659432099, 0.001265112189092947, 0.0012349855852303445, 0.001223684707858841, 0.0012055915128920034, 0.0011908952711295654, 0.0011847246067166893, 0.0011649819452697386, 0.0011538691913355516, 0.0011458064171757296, 0.0011390597416364395, 0.0011233994087649995, 0.0011178499968021085], [0.001257101264620223, 0.0010832096322623632, 0.0010560908471865362, 0.0010368244242675365, 0.0010353208822422631, 0.0010187618399513025, 0.0009995460638872404, 0.0009913966184320335, 0.0009734409705435297, 0.0009711232206023626, 0.0009572949987823884, 0.0009555800457628797, 0.0009460592660813818, 0.0009394605945486185, 0.000935491895221025]]}, "accuracies": {"milo_baseline_lr": [[93.88166666666666, 97.2, 97.985, 98.34, 98.59333333333333, 98.83833333333334, 99.03, 99.12, 99.22666666666667, 99.315, 99.37833333333333, 99.45833333333333, 99.5, 99.54833333333333, 99.57], [98.20166666666667, 99.28166666666667, 99.49666666666667, 99.64, 99.71833333333333, 99.78, 99.82833333333333, 99.83833333333334, 99.86833333333334, 99.895, 99.915, 99.92333333333333, 99.92666666666666, 99.93833333333333, 99.94333333333333], [98.89666666666666, 99.74333333333334, 99.87333333333333, 99.92, 99.95666666666666, 99.965, 99.96666666666667, 99.97666666666667, 99.98666666666666, 99.98333333333333, 99.99, 99.99333333333334, 99.98833333333333, 99.99166666666666, 99.99333333333334]], "milo_lr_0.1": [[93.075, 96.79, 97.74833333333333, 98.33666666666667, 98.78833333333333, 99.06666666666666, 99.26666666666667, 99.455, 99.6, 99.70833333333333, 99.76, 99.82833333333333, 99.87833333333333, 99.91, 99.93166666666667], [95.48, 97.76166666666667, 98.58833333333334, 98.98666666666666, 99.22333333333333, 99.44333333333333, 99.61333333333333, 99.70833333333333, 99.76833333333333, 99.86166666666666, 99.89666666666666, 99.92, 99.95166666666667, 99.96166666666667, 99.96833333333333], [96.01333333333334, 98.17, 98.75333333333333, 99.14, 99.38833333333334, 99.53333333333333, 99.7, 99.76666666666667, 99.82833333333333, 99.86166666666666, 99.89166666666667, 99.92333333333333, 99.94666666666667, 99.955, 99.96333333333334]], "milo_lr_0.001": [[99.975, 99.98, 99.98, 99.98, 99.98, 99.98166666666667, 99.98333333333333, 99.98333333333333, 99.98166666666667, 99.98333333333333, 99.98333333333333, 99.98333333333333, 99.98333333333333, 99.98333333333333, 99.98333333333333], [99.98, 99.98, 99.98166666666667, 99.98333333333333, 99.98166666666667, 99.98333333333333, 99.98333333333333, 99.98333333333333, 99.98333333333333, 99.98333333333333, 99.985, 99.98333333333333, 99.985, 99.985, 99.985], [99.98, 99.985, 99.985, 99.985, 99.985, 99.985, 99.985, 99.985, 99.985, 99.985, 99.985, 99.985, 99.985, 99.985, 99.985]]}, "f1_scores": {"milo_baseline_lr": [[0.9381447808590433, 0.9717705022393867, 0.9797114858056452, 0.9833053641401885, 0.9858609075668067, 0.9883381827487708, 0.9902699933854272, 0.9911597510485597, 0.9922379036430045, 0.9931295775105422, 0.9937638590575526, 0.9945716937575245, 0.9949894108951709, 0.9954828242508743, 0.9956966260859866], [0.9818847301742324, 0.992787520380495, 0.9949543005155446, 0.9964039892416929, 0.9971877443063697, 0.9978123444515911, 0.9982934564066973, 0.9983977452162647, 0.9987012926187212, 0.9989649014931612, 0.9991621756475089, 0.9992461577864145, 0.9992780680467689, 0.9993958235688867, 0.9994438126801469], [0.9889045370398886, 0.9974382751851143, 0.9987404001501343, 0.9992093143702112, 0.9995755238625174, 0.9996578847107571, 0.9996725777664708, 0.9997740405945684, 0.9998711014503698, 0.9998389117303133, 0.9999034586561389, 0.9999348158720753, 0.9998864965556707, 0.9999188535866039, 0.999935981181687]], "milo_lr_0.1": [[0.9300828545588719, 0.9676154898639864, 0.9773087365255403, 0.9832531839581039, 0.987804018584497, 0.9906087774527672, 0.9926416223598281, 0.9945201846258337, 0.9959835542964693, 0.9970815037500259, 0.9975970818460589, 0.9982868086397231, 0.998784878680041, 0.9991005360527072, 0.9993099851438482], [0.9543523414199694, 0.9774311681823779, 0.9857942403071345, 0.989791192621877, 0.9921914752995507, 0.9944191871483117, 0.9961251312523037, 0.9970873810303228, 0.9976932904732806, 0.9986123371409608, 0.9989665925638128, 0.9992007489315625, 0.9995189639487474, 0.9996139146289348, 0.9996855369815894], [0.9597457114354924, 0.9815396627633456, 0.987418509822635, 0.9913204274901336, 0.9938378855307087, 0.9953056098214264, 0.9969802649387904, 0.9976516983725083, 0.9982824373322081, 0.9986090941391879, 0.9989062178714857, 0.9992300748261757, 0.9994635695269839, 0.9995446726695281, 0.9996338711132646]], "milo_lr_0.001": [[0.9997485547702928, 0.999799053512049, 0.9997988000657262, 0.9997988000657262, 0.9997988000657262, 0.9998147598075005, 0.9998314638808452, 0.9998314638808452, 0.9998155041381971, 0.9998314638808452, 0.9998314638808452, 0.9998314638808452, 0.9998314638808452, 0.9998314638808452, 0.9998314638808452], [0.9997971724214547, 0.99979768732171, 0.9998139464567026, 0.9998313260530249, 0.9998136943399001, 0.9998310752660675, 0.9998310752660675, 0.9998310752660675, 0.9998310752660675, 0.9998310752660675, 0.9998487052768317, 0.9998310752660675, 0.9998487052768317, 0.9998488431046522, 0.9998487052768317], [0.9997972699839164, 0.9998497660103369, 0.9998487052768317, 0.9998487052768317, 0.9998487052768317, 0.9998487052768317, 0.9998487052768317, 0.9998487052768317, 0.9998487052768317, 0.9998487052768317, 0.9998487052768317, 0.9998487052768317, 0.9998487052768317, 0.9998487052768317, 0.9998487052768317]]}}