{"losses": {"milo_LW_scale_factor_0.2": [[2.019467753944397, 1.622592979736328, 1.5155116453552246, 1.4689594421386718, 1.4394761653900146, 1.4105296823883056, 1.3656556254577636, 1.3326877918624878, 1.3020088438796997, 1.290180438156128, 1.270777969932556, 1.261627639541626, 1.227249983024597, 1.2018453146362305, 1.1786264939117432], [1.6203913874816895, 1.954894151725769, 1.2481118014144899, 1.1870445945739747, 1.141798235282898, 1.1175045977783202, 1.1001812146377563, 1.084275481185913, 1.0513335483551025, 1.0407663302993775, 1.027885469341278, 1.0139171224212646, 0.999273272819519, 0.9857750994110107, 0.9729860824966431], [1.4296765269470215, 1.1120905186080932, 1.052890963859558, 1.0179641160583497, 0.9826956576156616, 0.9642496037483216, 0.9358330651092529, 0.9229795255279541, 0.9447474908447265, 0.9010124312019349, 0.8857250226211548, 0.8682905002975464, 0.8560929080963134, 0.8499062261390686, 0.8432520903015137]], "milo_LW_scale_factor_0.1": [[1.256835666732788, 0.966880633468628, 0.904090492401123, 0.877737696056366, 0.853995283279419, 0.8489988010787964, 0.8192655523490906, 0.8107760119247437, 0.8097041757583618, 0.7942672284317016, 0.7953001585769653, 0.7911519574546814, 0.7712191250610352, 0.7692101355361939, 0.7670087860488891], [1.5757365487861634, 0.9073070500564575, 0.8474449067115783, 0.8097979607009888, 2.3674268429756165, 0.7520983452415466, 0.7284476514244079, 0.72319755443573, 0.7055616326522827, 0.6921833418655395, 0.6748335147476197, 0.6606739362716675, 0.6396334439086914, 0.6551281210327149, 0.6321356476211548], [1.040554283065796, 0.7672386659049988, 0.7099776912689209, 0.6732557685279846, 0.6567533935928345, 0.643054286365509, 0.6314995400428772, 0.621030390033722, 0.6057803806114197, 0.6101116061401367, 0.5972575304222107, 0.5888667525672913, 0.5892143124008179, 0.5896325928878784, 0.5800965302753448]], "milo_LW_scale_factor_0.5": [[1.0790048412513733, 0.6954484409332276, 0.6567920912933349, 0.6428096984672547, 0.6324060740661621, 0.5803445637702942, 0.5594195955181122, 0.5506995639133453, 0.5340325224876403, 0.5244899113082886, 0.5199558777046204, 0.5266556003189087, 0.5083643299198151, 0.497773196849823, 0.4900918398475647], [0.8621589971542358, 0.6097604189682007, 0.5621801287937165, 0.5240401891517639, 0.5204713568115235, 0.4988541492462158, 0.48224184715270996, 0.4738284780502319, 0.4618603577041626, 0.4605634075164795, 0.4447958815860748, 0.43794544286727904, 0.44167841861724855, 0.4392729638671875, 0.42715226250648497], [1.3761009043121337, 0.5711848305892945, 0.5167750838851929, 0.4922483344268799, 0.4675016635322571, 0.45449565485954285, 0.44837163635253907, 0.4334641221523285, 0.4275084206008911, 0.41965881883621214, 0.4109734024810791, 0.4106636974716186, 0.4023592756080627, 0.3968689182662964, 0.3983912570285797]]}, "accuracies": {"milo_LW_scale_factor_0.2": [[34.05, 43.082, 47.582, 48.964, 49.392, 50.636, 51.984, 52.82, 53.378, 53.89, 54.788, 55.542, 56.144, 56.89, 57.334], [43.624, 49.572, 54.712, 57.808, 59.332, 60.308, 61.258, 62.052, 62.742, 63.604, 63.988, 64.834, 64.934, 65.45, 65.95], [51.886, 61.846, 63.356, 64.628, 65.858, 66.06, 66.77, 67.388, 67.064, 68.136, 68.564, 69.214, 69.934, 70.072, 70.128]], "milo_LW_scale_factor_0.1": [[57.586, 66.264, 68.1, 69.218, 70.08, 70.286, 71.052, 71.444, 71.576, 71.882, 71.904, 71.91, 72.818, 72.784, 72.986], [59.146, 68.558, 70.482, 71.62, 72.51, 74.754, 75.488, 75.782, 76.33, 76.928, 77.106, 77.65, 78.28, 78.032, 78.724], [65.752, 74.404, 76.344, 77.698, 78.2, 78.682, 79.06, 79.248, 79.902, 79.928, 80.442, 80.36, 80.316, 80.744, 80.81]], "milo_LW_scale_factor_0.5": [[68.144, 77.036, 78.898, 80.05, 80.762, 81.034, 82.02, 82.098, 82.526, 82.726, 83.312, 83.42, 83.278, 83.97, 84.13], [72.956, 80.396, 81.738, 82.912, 83.228, 83.754, 84.458, 84.744, 84.964, 85.244, 85.4, 85.802, 85.676, 85.938, 86.18], [74.102, 81.72, 83.33, 84.31, 84.904, 85.206, 85.788, 85.98, 86.132, 86.442, 86.528, 86.796, 87.016, 87.154, 87.14]]}, "f1_scores": {"milo_LW_scale_factor_0.2": [[0.31173755209019294, 0.4103149352584878, 0.4573827935108998, 0.4707034609157076, 0.4756607582174155, 0.48945966559014054, 0.5050110213776798, 0.5148260888663073, 0.521480139109441, 0.527064842019467, 0.5361479197630341, 0.5440751213551855, 0.5505155233178323, 0.5591050799234675, 0.5637398513103887], [0.42101096037450586, 0.48190341394587133, 0.5352573978388296, 0.5698799103834453, 0.5873521337580234, 0.5979212120981876, 0.6074734166391055, 0.6153649866611595, 0.623856937925888, 0.6326840458271829, 0.6366795293228609, 0.6457388420345729, 0.6465467302298645, 0.6523206454560128, 0.6568977558288902], [0.5156584935939021, 0.6153901392219974, 0.6312416418145566, 0.6441817228319844, 0.6566250735830186, 0.6586173825092219, 0.6662809526934443, 0.6721464292880006, 0.6695732174866553, 0.6798649137727427, 0.6831059163744677, 0.6899444948386373, 0.6978030461265636, 0.699322779390029, 0.6997757477092637]], "milo_LW_scale_factor_0.1": [[0.5718345693128194, 0.6616266050563484, 0.6790269817605106, 0.6905523168436182, 0.6994529773464, 0.7021189098821026, 0.7096002830404349, 0.7138578065890513, 0.7154990512006909, 0.7187210696910107, 0.7190359338255822, 0.718733355580581, 0.7282103472555486, 0.7279901466200017, 0.7303147190826887], [0.5877742723549603, 0.684561148399292, 0.7039663267866341, 0.7164244481582607, 0.7243636440426836, 0.7472534434577517, 0.7548738154385817, 0.7579183864355069, 0.7633873118388358, 0.7694468934182083, 0.7711654709348459, 0.7768418114229778, 0.7826947616490697, 0.7806622246310052, 0.787430934122959], [0.6576055342801151, 0.7438370832254804, 0.7637457419997931, 0.7770953795591886, 0.7821267941874019, 0.7869794181588, 0.7908007810516315, 0.7926351787985045, 0.7990545920389209, 0.7995585078386406, 0.8047747912053346, 0.8037390784210047, 0.8035265456354292, 0.8076644919628937, 0.8084270035552066]], "milo_LW_scale_factor_0.5": [[0.6813668237798749, 0.7706633922133734, 0.7892238413352634, 0.8007211772632644, 0.8079148650212945, 0.8106435947570828, 0.8203181661836958, 0.821344556811052, 0.8255087258933178, 0.8274831970017507, 0.8335773218975214, 0.8347033967297177, 0.8333727173515288, 0.8402660025709597, 0.8416335897383835], [0.7295250265100608, 0.8043664877354836, 0.8179561380940659, 0.8295065828550022, 0.8328767988136025, 0.8379355254977767, 0.8450119123588632, 0.8478384169786872, 0.8502316083105844, 0.8529389184753964, 0.85456867080118, 0.8586596142212339, 0.857322814229286, 0.8598684058706881, 0.8623815672159221], [0.7415546513581108, 0.818097114543239, 0.8339756193300676, 0.8437933464022546, 0.8497527859365558, 0.8526159106713086, 0.8583648038789375, 0.86032153467175, 0.8619363691252335, 0.865007539247261, 0.8658372265789248, 0.8685574379652407, 0.8707421061096599, 0.8721024228496402, 0.8720436759881576]]}}