{"val_losses": {"MILO_weight_decay_0.0001": [[0.15621636927604676, 0.13605321010112761, 0.12309172954797745, 0.1219609196805954, 0.1190287575006485, 0.11695013480186463, 0.11011562177658081, 0.11010106637954711, 0.10682422591686248, 0.1042672247171402], [0.1354616403055191, 0.1235565465927124, 0.10833515545845032, 0.11127240979671478, 0.1024091328239441, 0.100400240483284, 0.09309663864016533, 0.0904559068441391, 0.08978433112859725, 0.08666349187374114]], "MILO_weight_decay_0.001": [[0.1183645866560936, 0.10349911063194275, 0.09229622304201127, 0.08416459621429444, 0.08175044524431228, 0.08469571161746979, 0.08083156517028808, 0.0778262607729435, 0.07576160634338856, 0.07186448444724083], [0.09986539945602417, 0.08459112318754196, 0.08225496560573578, 0.07149371394634246, 0.07499458671212196, 0.0725426168704033, 0.06821273543596268, 0.06318881791710854, 0.06406989922523498, 0.0597763530254364]], "MILO_weight_decay_0.0": [[0.0921829839015007, 0.08564253960847855, 0.07212720268845559, 0.06580604271411895, 0.056394820699691775, 0.05975357073783875, 0.052341277935504915, 0.0515435106086731, 0.053439729659557345, 0.05002718861460686], [0.08328986916124821, 0.06679838444828987, 0.061085482072830204, 0.059132613475322726, 0.04938730214238167, 0.04767656160414219, 0.04509206259727478, 0.04729676253259182, 0.04390452286362648, 0.039661330942511556]]}, "val_accuracies": {"MILO_weight_decay_0.0001": [[94.474, 95.17, 95.674, 95.694, 95.704, 95.96, 96.082, 96.222, 96.252, 96.374], [95.186, 95.614, 96.28, 96.07, 96.472, 96.408, 96.682, 96.784, 96.896, 96.878]], "MILO_weight_decay_0.001": [[95.998, 96.404, 96.72, 97.02, 97.166, 97.032, 97.2, 97.228, 97.308, 97.52], [96.544, 96.958, 97.094, 97.438, 97.404, 97.42, 97.566, 97.75, 97.762, 97.786]], "MILO_weight_decay_0.0": [[96.678, 96.902, 97.368, 97.7, 97.998, 97.784, 98.13, 98.148, 98.128, 98.254], [97.08, 97.568, 97.85, 97.834, 98.24, 98.34, 98.414, 98.314, 98.482, 98.548]]}, "val_f1_scores": {"MILO_weight_decay_0.0001": [[0.9446742348314526, 0.9516294094506179, 0.956667929890693, 0.9568800904209942, 0.9570666466783939, 0.9596252464078194, 0.960811304442494, 0.9622047389792492, 0.9624699153456213, 0.9637568949727042], [0.9521221896844038, 0.9560455749502319, 0.9627770588593728, 0.9607378912582089, 0.9647726186137628, 0.9640401055078023, 0.9667495954584482, 0.9678050055364491, 0.9689214786347806, 0.9687951784700253]], "MILO_weight_decay_0.001": [[0.9601879264236015, 0.9639441230427886, 0.967250501471692, 0.9702058027961883, 0.971752489091411, 0.9703031948497867, 0.9720129049893795, 0.9722136072872779, 0.9730255737225546, 0.975213500458114], [0.9654876962569169, 0.9695912511363864, 0.9710590615300585, 0.974315867153791, 0.9740661521768976, 0.9742435287276614, 0.9756125990759393, 0.9774954022582518, 0.9775717722978813, 0.9779253702180458]], "MILO_weight_decay_0.0": [[0.9669403958024727, 0.9690157916613444, 0.9736869797787724, 0.9770802195109525, 0.9799773643181521, 0.9777809206705108, 0.9813128546685806, 0.9814380551702557, 0.9812659292866389, 0.9825875533902299], [0.9707367859818327, 0.9757241902896767, 0.9784632125041014, 0.9783319010646396, 0.9823740026866654, 0.9834176471653011, 0.9841543298111493, 0.9831120093605554, 0.9847933462733911, 0.9854665670776628]]}, "val_aucs": {"MILO_weight_decay_0.0001": [[0.9982121257777778, 0.9985385622222223, 0.9987386444444445, 0.9987988331111112, 0.9988204664444444, 0.998908487111111, 0.9989838022222223, 0.9989528611111111, 0.999018182, 0.9990603866666667], [0.9986067975555557, 0.9989291033333334, 0.9990336884444446, 0.9990298417777778, 0.9991096444444445, 0.9991776571111112, 0.99925331, 0.9992862626666668, 0.9992906828888888, 0.9993514235555556]], "MILO_weight_decay_0.001": [[0.9989056060000001, 0.9991358544444445, 0.9992758677777779, 0.9994010775555555, 0.9994005375555556, 0.9994145995555556, 0.9994360144444444, 0.9994730831111112, 0.9994812153333333, 0.9995410208888889], [0.9991906677777779, 0.999395912888889, 0.9994623035555555, 0.9995704444444444, 0.9995622604444444, 0.9995905955555555, 0.9995985671111113, 0.9996474584444444, 0.9996665897777778, 0.9996698448888889]], "MILO_weight_decay_0.0": [[0.9993629368888888, 0.9994646633333334, 0.9995761713333333, 0.999626931111111, 0.9997154062222222, 0.9996983593333335, 0.9997561788888889, 0.9997648475555557, 0.9997306133333332, 0.9997794675555556], [0.9994478922222223, 0.9996241520000002, 0.9996923066666665, 0.9997355773333334, 0.9997765248888889, 0.9997969324444445, 0.999801232888889, 0.9997953686666667, 0.9998274755555556, 0.9998523884444444]]}}