{"losses": {"milo_LW_momentum_0.9": [[2.3319039460754394, 2.302777753753662, 2.3027280946350097, 2.302716324920654, 2.3026954119873047, 2.3026650830841064, 2.302675636444092, 2.3026763971710205, 2.3026723394775392, 2.3026590715789794, 2.3026585695648194, 2.3026723045349122, 2.302664832458496, 2.3026472518920897, 2.3026498851776123], [2.3076570448303224, 2.302780327682495, 2.3027497007751463, 2.3027137272644045, 2.3026906384277344, 2.3026941706848145, 2.302686252593994, 2.302668331298828, 2.30267425491333, 2.3026685011291503, 2.302672505493164, 2.302653225631714, 2.3026577653503417, 2.3026534718322753, 2.3026454177093507], [2.3118755598449705, 2.0465749076080324, 1.9685968420410156, 1.8855923546981812, 1.809117818069458, 1.765653147354126, 1.7140149114227294, 1.6875060540771485, 1.6500899182128905, 1.6072388440322876, 1.5455244918060302, 1.4713869989776611, 1.397074814491272, 1.325894893875122, 1.2682592307281495]], "milo_LW_momentum_0.0": [[1.237401400642395, 1.1590740847015382, 1.13233924949646, 1.114790777206421, 1.0967336573028565, 1.0829615229415894, 1.0632356241989136, 1.0544006547164917, 1.0472589403533936, 1.0316760067749025, 1.0236538796234131, 1.0247938425064087, 1.018292513656616, 1.0048019038391114, 0.9974241656112671], [1.0718404985427856, 0.9920738586235046, 0.9721234851455689, 0.961407008857727, 0.9441712586593628, 0.9412196020317077, 0.9334288919067383, 0.9262125522041321, 0.9212139442825318, 0.9177391023635865, 0.9087909196662903, 0.8976047342300415, 0.8964111734199524, 0.893218449420929, 0.8900840371704102], [0.9732829083442688, 0.8991592306137085, 0.8763049123382568, 0.862195393371582, 0.8643582052230835, 0.852892359161377, 0.851090466079712, 0.8418241133499146, 0.8355769873046875, 0.8294288267326355, 0.8269721335220337, 0.8259868896293641, 0.8204372990226746, 0.8133161876296997, 0.8167474334907532]], "milo_LW_momentum_0.45": [[0.969021250038147, 0.85068503490448, 0.828322966041565, 0.8059653608131409, 0.7921704776382447, 0.7824931058883667, 0.7805235433769226, 0.7702623748397827, 0.763715287361145, 0.7585525124740601, 0.7522918373298645, 0.7433859603881836, 0.7398384534835816, 0.737577952003479, 0.7319630991744995], [0.863852713546753, 0.7729912121772766, 0.7406932792472839, 0.724962479133606, 0.7143650101280212, 0.7111804040336609, 0.6983844830513001, 0.6925142783737183, 0.6867016310882569, 0.6789950112533569, 0.677772539806366, 0.6703956484603882, 0.6726804013824463, 0.66557604845047, 0.6632313958740235], [0.795358341255188, 0.6991245872879028, 0.6743054801368713, 0.6589031187057495, 0.6517287702941894, 0.6447138405799866, 0.639413575630188, 0.6319010698509216, 0.6207475030136108, 0.6192283151435852, 0.6185373182296753, 0.6158402241134644, 0.6081984044647217, 0.611078392276764, 0.6016272953987122]]}, "accuracies": {"milo_LW_momentum_0.9": [[10.034, 9.736, 9.772, 9.882, 9.924, 10.078, 9.892, 9.86, 9.638, 9.792, 9.816, 9.896, 9.65, 9.776, 9.754], [9.652, 9.744, 9.746, 9.66, 9.864, 9.992, 9.792, 9.792, 9.756, 9.82, 9.768, 9.828, 9.696, 9.936, 9.684], [16.008, 18.1, 21.742, 25.396, 27.696, 28.31, 30.092, 31.574, 34.398, 36.736, 40.792, 44.842, 48.296, 51.386, 54.164]], "milo_LW_momentum_0.0": [[55.58, 58.74, 60.092, 60.4, 61.27, 61.792, 62.388, 62.884, 63.158, 63.454, 63.964, 64.07, 64.21, 64.75, 64.67], [62.676, 64.936, 65.86, 66.212, 66.766, 66.946, 67.298, 67.664, 67.702, 67.926, 68.126, 68.168, 68.596, 68.642, 68.898], [65.932, 68.308, 69.316, 69.88, 69.728, 70.644, 70.384, 70.878, 70.988, 71.29, 71.382, 71.53, 71.454, 71.784, 71.738]], "milo_LW_momentum_0.45": [[66.432, 70.574, 71.574, 72.398, 72.95, 73.146, 73.164, 73.614, 74.064, 74.01, 74.284, 74.502, 74.49, 74.83, 74.944], [70.38, 73.958, 74.796, 75.496, 75.856, 75.766, 76.424, 76.434, 76.576, 76.858, 76.912, 77.116, 77.126, 77.27, 77.518], [73.114, 76.238, 77.412, 77.748, 78.014, 78.258, 78.336, 78.966, 78.972, 79.14, 79.228, 79.09, 79.356, 79.658, 79.73]]}, "f1_scores": {"milo_LW_momentum_0.9": [[0.06979937505863773, 0.060867203922575705, 0.060960519169639, 0.04116104757709409, 0.04219406025308935, 0.03185599194169541, 0.05176618284224317, 0.06051540449930529, 0.07719531562081557, 0.06303774102503999, 0.06239314534208048, 0.04065404275459966, 0.06271265928246858, 0.05421912822431019, 0.07273916740339577], [0.08554770057131085, 0.0814963552589163, 0.06872269882803046, 0.07601157487697753, 0.05430398146095213, 0.05520019001522412, 0.05909029343182366, 0.05687839023249569, 0.05980627081765083, 0.05211364192485861, 0.06687656514680115, 0.05166139235720666, 0.06143004155658664, 0.04898345513169992, 0.08319968513459187], [0.09994650395707033, 0.11615168212846139, 0.16539969288415943, 0.2163262446792144, 0.24944264692871387, 0.2620009347092069, 0.28388735274029475, 0.3045240991367605, 0.3352134988164324, 0.3602450336892814, 0.40342934482651066, 0.44119567931585574, 0.47689792409051723, 0.5072831915525997, 0.5366588273409186]], "milo_LW_momentum_0.0": [[0.5517222432817217, 0.5830544402197805, 0.597944646744028, 0.60126829198406, 0.6107843334842121, 0.6151322889026581, 0.6216626380165092, 0.6269188868182927, 0.6298185071215153, 0.6327369676391512, 0.6377045451084353, 0.6386305324950805, 0.6407298349866747, 0.6461741610868766, 0.6455716085878445], [0.6261075342701561, 0.6483932396642617, 0.6577486031659059, 0.6610153570874833, 0.6665325940034164, 0.6681180744028479, 0.6715975146137086, 0.6758716688607842, 0.6757465203908269, 0.6785672308002925, 0.6805432189902044, 0.680750785230023, 0.6849625439826341, 0.6854649248276552, 0.6881740763367213], [0.6589421170348647, 0.682869274022931, 0.6929588843855756, 0.6986362666781466, 0.6970777762277327, 0.7063081448397686, 0.7036044209854841, 0.7084499455314656, 0.709643911229572, 0.7128166353052776, 0.7137008257041229, 0.7153560785906903, 0.7146559436565859, 0.7181777320835635, 0.7172485846573176]], "milo_LW_momentum_0.45": [[0.6649138509981183, 0.7062985779193223, 0.7162326267148157, 0.7243255381540677, 0.7299058065574776, 0.7317342997216587, 0.7319692283249938, 0.7363032589104531, 0.7407774217857263, 0.7405040462023247, 0.7430441047532239, 0.7454884266256292, 0.7453108723271133, 0.7484469752232823, 0.7498318572387858], [0.7043345343451753, 0.7398777646288245, 0.7481311232124512, 0.7551826334681989, 0.7589185110240549, 0.7579154424234409, 0.7644284184679441, 0.7645314100439244, 0.7661072469966792, 0.7687287547956596, 0.7691485235638937, 0.7712156512591894, 0.7715561720995321, 0.7727718730648296, 0.7754837820589853], [0.731366112297502, 0.7625398129354769, 0.7741485832041942, 0.7775544203903042, 0.7803379495703321, 0.7825879994005962, 0.7833938659110569, 0.7897018459384741, 0.789787950217486, 0.7914202966549612, 0.7922621430116032, 0.7909006257537463, 0.7935733685779953, 0.7965887451690363, 0.7974005185614523]]}}