experiment,optimizer,epoch,train_loss,train_accuracy,train_f1_score,train_auc,train_loss_std_err,train_accuracy_std_err,train_f1_score_std_err,train_auc_std_err
attention_cnn,MILO,1,1.5136012277067097,48.91869281045752,0.4828897029030489,0.8799641846068564,0.0052075465114921,0.1324295912961337,0.0015037857574526,0.0009085654032227
attention_cnn,MILO,2,1.3928969194960747,52.71999999999999,0.5210587293039447,0.895693767593911,0.0054475956539391,0.2640517698823634,0.002720122548931,0.0008058510978674
attention_cnn,MILO,3,1.3292525281444874,54.49934640522876,0.5401295283186041,0.9039290077433983,0.0064460402206148,0.2021829689268837,0.0022433133884643,0.0008491041531911
attention_cnn,MILO,4,1.279050643297582,56.11973856209151,0.5574348563736382,0.909434989097204,0.0068334204051519,0.2714203995240568,0.0027550591828916,0.0007957045813321
attention_cnn,MILO,5,1.248325894290949,56.885751633986935,0.5637374208288557,0.913892339542009,0.0057055890844851,0.2866430313715881,0.0026457267972761,0.0007920737761394
attention_cnn,MILO,6,1.2248778896057528,57.74588235294118,0.5718108297265094,0.9169579343647222,0.0056079438027501,0.2889928538564164,0.0043612600797912,0.0005955109970788
attention_cnn,MILO,7,1.1948769224503462,58.93281045751635,0.5866063587661066,0.920174407919464,0.0063366371598002,0.2668465368001433,0.0024899656346018,0.0006794227505254
attention_cnn,MILO,8,1.1747911825716106,59.516862745098045,0.5905991214525024,0.9224547159877062,0.0045466812320744,0.1407118959763969,0.0010602485013337,0.0004626168239408
attention_cnn,MILO,9,1.161163138126548,59.87607843137255,0.5947000129518505,0.9242375289289404,0.0045678094376092,0.1750240397736747,0.0021720109854702,0.0005999208075232
attention_cnn,MILO,10,1.1468474890228968,60.38797385620914,0.60017592286187,0.9258583963859006,0.0082928411772904,0.3829307739206233,0.0042956277833258,0.0006876503727973
attention_cnn,MILO_LW,1,1.5191905457540276,48.53960784313726,0.4750703714811233,0.8787694791876298,0.0068790098637191,0.536271924892106,0.0052038714826671,0.0013229667640674
attention_cnn,MILO_LW,2,1.393370057740554,52.71267973856209,0.5207398755675074,0.8952661281202836,0.0046708848438687,0.1990581436660782,0.0020231315188481,0.0006438571818941
attention_cnn,MILO_LW,3,1.3292816628449882,54.61124183006537,0.541381713655718,0.9036637252558392,0.0027754726863244,0.1609498058985977,0.0013019708508405,0.0003434673862745
attention_cnn,MILO_LW,4,1.2854260500515209,55.64235294117648,0.5515345676279756,0.909143051030763,0.0041969944947415,0.1986969383816122,0.0018375306108202,0.0005737486027843
attention_cnn,MILO_LW,5,1.247721069748573,57.16287581699347,0.5679232660116792,0.9133420115927028,0.0044658650049473,0.2432305675181076,0.001856313456758,0.0006561210132144
attention_cnn,MILO_LW,6,1.221050359176187,57.90065359477124,0.574916267366717,0.9168445503520212,0.0025420899441691,0.1464962368865889,0.0010584661884137,0.0004107730099399
attention_cnn,MILO_LW,7,1.1982972696989969,58.754509803921565,0.5843741304557494,0.9194246164854392,0.002498934518686,0.1227355617280169,0.0010401527860551,0.000246441631237
attention_cnn,MILO_LW,8,1.179833933430092,59.367843137254894,0.5904287902794032,0.9216907803345576,0.0026131560903984,0.1484207667243529,0.0015849582660338,0.0001706231957138
attention_cnn,MILO_LW,9,1.1613018127491272,60.09882352941177,0.5972089781100955,0.924059024858796,0.0013141789603314,0.1114087516722306,0.0019189869220191,0.0001832860867887
attention_cnn,MILO_LW,10,1.1531461870505135,60.18928104575164,0.5985766035069674,0.9253764880667924,0.0034222675467131,0.1983943406677411,0.0023928532513661,0.0002596199311357
attention_cnn,SGD,1,1.8328145895340864,36.44287581699346,0.3454294939015844,0.8169595773859986,0.0055528800399174,0.2007557169177902,0.0031894570383391,0.0011699685201332
attention_cnn,SGD,2,1.6775376642102509,41.38300653594772,0.3992760273394631,0.845971219119271,0.0034085317863459,0.1976875153116951,0.0023106014549533,0.0005695101547911
attention_cnn,SGD,3,1.575994020951963,45.283137254901966,0.4445853608179717,0.8639630732517573,0.003111800248805,0.303800974036237,0.0047150742719075,0.000552403653272
attention_cnn,SGD,4,1.4948916319417018,48.38535947712418,0.475122144011152,0.8771288795319242,0.0041780790324359,0.3879703327712029,0.0052963215898002,0.000865554381469
attention_cnn,SGD,5,1.4422921179578196,49.83843137254902,0.4941121843718398,0.886251104309055,0.005043599684729,0.3192716731854629,0.0037731236119779,0.0008484257341481
attention_cnn,SGD,6,1.3847146271549795,51.86196078431372,0.510583885596519,0.8943247415893023,0.002605906200683,0.2696455430167745,0.0027991490589521,0.0005133775938677
attention_cnn,SGD,7,1.3464112425573511,53.18588235294118,0.5264740186500975,0.8996324032077407,0.0048400473827359,0.2987591350970955,0.0041978363857088,0.0011290778718569
attention_cnn,SGD,8,1.3325143070507672,53.2162091503268,0.5272404425616859,0.9016900803726148,0.0071608569165741,0.4973572948054824,0.0057430427645704,0.001823993634846
attention_cnn,SGD,9,1.2878315203922248,54.87372549019608,0.5447106402733082,0.9080422820419252,0.0095400348930709,0.5143005313281461,0.0055333718710418,0.0011775664770069
attention_cnn,SGD,10,1.2537619866489584,56.37960784313725,0.5594538383132119,0.9130524690082336,0.0026596558348803,0.2049619847244717,0.0028616239383262,0.0003281725919335
attention_cnn,ADAMW,1,1.4866983305663066,49.35581699346405,0.4824295108712176,0.8946461461281568,0.1647172787963137,2.866825945045905,0.0314639957115962,0.0125513055759993
attention_cnn,ADAMW,2,1.1962684750450985,57.29882352941176,0.5618169018885479,0.9266737524758591,0.0188138129726235,0.8211636940740201,0.0101786328708521,0.0015864716900878
attention_cnn,ADAMW,3,1.1011171799036412,59.91163398692811,0.593446135195981,0.9391812122837812,0.0198913420411258,0.8832819703656178,0.0105461712374989,0.0005328532179949
attention_cnn,ADAMW,4,1.0465441811854543,63.01437908496733,0.6262512323065121,0.9468865203219442,0.0731067724791507,2.2010753918291948,0.0234580838844689,0.0043224851435659
attention_cnn,ADAMW,5,0.9734193034863938,64.92339869281045,0.6473429861644967,0.954572937935728,0.0484266191233246,1.8863726868765456,0.0192456478886489,0.0020523802594136
attention_cnn,ADAMW,6,0.9782535823647492,65.04627450980392,0.6470616139295436,0.9551795875628238,0.0608006319494811,1.8842173773086648,0.0200170089498769,0.0025873470445716
attention_cnn,ADAMW,7,0.878174891800974,68.62901960784313,0.6830810510876938,0.961554966558156,0.0320475858499041,0.9644251322884816,0.0106221545720943,0.0017799561224891
attention_cnn,ADAMW,8,0.8959451435656328,68.75816993464052,0.6802293994353968,0.9627098084264946,0.0622733936989666,1.853531162196648,0.0212346912417621,0.002681661595194
attention_cnn,ADAMW,9,0.7755136068655775,72.5683660130719,0.7249235575376998,0.9695710943425,0.0339641499848242,1.139768419114972,0.0102701980933343,0.0013686532102294
attention_cnn,ADAMW,10,0.7231619505152983,73.91424836601307,0.7362347800269547,0.973372237030114,0.0066867003938609,0.2171027364837461,0.0026099426031253,0.0008669372049487
attention_cnn,ADAM_MINI,1,1.3605398392820671,51.46928104575163,0.504312993739486,0.9007866988850598,0.0323816265697632,0.9681956823052262,0.0128604142276879,0.0029515463712619
attention_cnn,ADAM_MINI,2,1.1802294276817171,57.72862745098039,0.5731093031681421,0.923315487440444,0.0324622161821806,1.1439649988805431,0.0131047258444764,0.0031488573567984
attention_cnn,ADAM_MINI,3,1.1012517496439365,60.421960784313725,0.5960341271445836,0.9360956982940564,0.0252115164673651,0.999128878551412,0.0123282854126956,0.0013102138053042
attention_cnn,ADAM_MINI,4,1.0837379319022684,61.442614379084965,0.6085284167668062,0.9419955888252634,0.0605286871022027,1.711909798271535,0.0208079128350984,0.0035690405802271
attention_cnn,ADAM_MINI,5,0.9659934954580918,65.5121568627451,0.6551555153243929,0.9503150827250428,0.032292101138602,0.9256248194247872,0.0067540776281356,0.002416769973763
attention_cnn,ADAM_MINI,6,0.970559763705185,65.31189542483659,0.6482184350200161,0.9533633239567578,0.0319880368468799,1.071715081273918,0.0116682923862439,0.0011472528888062
attention_cnn,ADAM_MINI,7,0.9661073522580216,65.56601307189543,0.6525425336471585,0.9562055462885816,0.0243261183020284,0.7479349730488654,0.0087466135543636,0.0009609566997735
attention_cnn,ADAM_MINI,8,0.8861575108010784,68.38849673202614,0.6826133659271711,0.9612885982777868,0.0278259295830958,1.1153624473091834,0.0101936546666335,0.0012315584008555
attention_cnn,ADAM_MINI,9,0.8289405768444336,70.82143790849673,0.70474910970419,0.9661969474946528,0.0384347196455716,1.3604321431868571,0.0166321656395209,0.0007230558739539
attention_cnn,ADAM_MINI,10,0.8482947036001418,70.17254901960784,0.7014736216621656,0.9647339164205146,0.0258898519724812,0.821989638436492,0.0109075705335373,0.001243281266567
attention_cnn,NOVOGRAD,1,1.6981515436259749,39.6962091503268,0.3855172583607996,0.8367815635796256,0.0037247904997436,0.1313589561465231,0.0018098738220038,0.0008598978662338
attention_cnn,NOVOGRAD,2,1.5315804421830022,45.422745098039215,0.4477320959798199,0.8659014443338432,0.0052473489884751,0.2622137507673094,0.0043220986467424,0.0009698331224479
attention_cnn,NOVOGRAD,3,1.4400935041863934,48.47424836601307,0.4756645296905344,0.8819999489841205,0.0085581563384297,0.3772111452617767,0.0037106883745733,0.0013090215993733
attention_cnn,NOVOGRAD,4,1.38511183596717,50.34980392156863,0.4995410918989724,0.890763896515986,0.0057933527691001,0.1862208843805824,0.0022306154218635,0.0009976875111112
attention_cnn,NOVOGRAD,5,1.3191096641827251,52.935947712418304,0.52382061981698,0.9000232177144534,0.0127015913941106,0.3326277294117513,0.0041925107870554,0.0016266020063467
attention_cnn,NOVOGRAD,6,1.279231723654504,54.44183006535948,0.539888933648134,0.9063452053054288,0.0096759294584458,0.3802982612142635,0.0051166904161034,0.0013471166502146
attention_cnn,NOVOGRAD,7,1.2539446860132657,55.11790849673203,0.5464215397564104,0.9100216095434768,0.0118052231557156,0.3898201405514863,0.0037379024689278,0.0012416924976034
attention_cnn,NOVOGRAD,8,1.2207155319388394,56.21333333333335,0.5577843078316738,0.9151169650548412,0.0116893666607486,0.5242397895996119,0.0064282739847984,0.0014162872062871
attention_cnn,NOVOGRAD,9,1.2043577625499051,57.01228758169934,0.5663040077271561,0.9168801833260698,0.0217212601249067,0.7053890311981753,0.0062996105003437,0.0023351043362271
attention_cnn,NOVOGRAD,10,1.159572694401959,58.55843137254902,0.5843903204602462,0.9224495660063364,0.0087006928983196,0.2354503475524871,0.0020515584135576,0.0012076445500669
attention_cnn,ADAGRAD,1,1.8476413200677613,38.30797385620915,0.3657767557055142,0.8211820569333692,0.0038274634247183,0.3131513264498399,0.0058368301401809,0.0009329271966046
attention_cnn,ADAGRAD,2,1.837093843056174,38.82562091503267,0.3718281541764308,0.8236520027333041,0.003646609937622,0.3145907458093501,0.0056287228185688,0.0009665800873171
attention_cnn,ADAGRAD,3,1.8322781679091111,38.97882352941177,0.3734644595305921,0.8246794630716421,0.0034942869221192,0.3019371294811897,0.0054768335569814,0.0008522012569305
attention_cnn,ADAGRAD,4,1.8304794511757645,39.13254901960784,0.3752860712166512,0.8253600665089836,0.0034318455123686,0.3001762621727341,0.0055167482789937,0.0008640785498838
attention_cnn,ADAGRAD,5,1.8278056914871812,39.26065359477124,0.3762292172371319,0.825899375847797,0.0036258738568667,0.2902836822373366,0.0053051920089213,0.0008733314291219
attention_cnn,ADAGRAD,6,1.826024060733022,39.2559477124183,0.3762842320197498,0.8261276270154033,0.003319980276023,0.3119016703569641,0.005461001929327,0.0009178218164352
attention_cnn,ADAGRAD,7,1.8250957852781209,39.30248366013072,0.3769695128952145,0.8262874046297682,0.0028668177741758,0.2768026251327155,0.0051146888601678,0.000870415544806
attention_cnn,ADAGRAD,8,1.824753208606695,39.324444444444445,0.3772722349795732,0.8265250445242774,0.0035250195294988,0.2771125907058726,0.0052239634205853,0.0009178423227092
attention_cnn,ADAGRAD,9,1.8240875287959777,39.33019607843138,0.3774022355126,0.8266552258630648,0.0028132074394097,0.3108258152533548,0.0053223862156202,0.0009155858323203
attention_cnn,ADAGRAD,10,1.8238244060291968,39.34483660130719,0.3775549684678845,0.826749131069408,0.0035101398943667,0.250116432368404,0.0049556101816288,0.0008916034952896
attention_cnn,ADEMAMIX,1,1.357459830792745,51.02797385620915,0.4995699362076692,0.9048822269877282,0.0570603193154791,1.990475917520881,0.0225417742584679,0.0035907488090642
attention_cnn,ADEMAMIX,2,1.1581876482870066,58.56627450980392,0.5837669827273068,0.9296128405180444,0.0385853256835541,1.2318910416380622,0.0140089487078915,0.0018196302705916
attention_cnn,ADEMAMIX,3,1.0531124871503297,62.50614379084967,0.6182402448375554,0.942349371060876,0.0387797392450531,1.0932214882012434,0.013646154546781,0.0021306219586049
attention_cnn,ADEMAMIX,4,0.953271738908805,66.14117647058823,0.6597797424561997,0.9521083573116716,0.0146397276909674,0.6868661004460047,0.0069939250866962,0.0008722503007913
attention_cnn,ADEMAMIX,5,0.836576380764581,70.12496732026143,0.6994336849266836,0.9613363504671074,0.0265806472826513,0.8806695731120868,0.010606578861205,0.0013016568818268
attention_cnn,ADEMAMIX,6,0.7937614372321983,71.53568627450981,0.7121189304314093,0.965121055500142,0.0298482116966515,1.0318804220200963,0.0112417144365711,0.0016179274090319
attention_cnn,ADEMAMIX,7,0.7372648730427611,73.9121568627451,0.7377231010763652,0.9689648684661628,0.0407158169960069,1.4642494265032435,0.0155142509130553,0.0019674964542804
attention_cnn,ADEMAMIX,8,0.660249365062963,76.40313725490196,0.7644473765832378,0.9747322474098892,0.0128755458998051,0.4647696930900509,0.0044208864543578,0.0003673802493123
attention_cnn,ADEMAMIX,9,0.6100544387742585,78.38222222222221,0.7835303319824354,0.977902653576875,0.0180976569575044,0.6519442689604756,0.0067804159023612,0.0006788129424533
attention_cnn,ADEMAMIX,10,0.5590497738330192,80.1913725490196,0.801595107804777,0.9813187310360773,0.021633998263929,0.8282010457037253,0.0085682199765185,0.0006851503334865
logistic,MILO,1,0.2951518655454411,91.7904139433551,0.916748838804212,0.9933634800973948,0.000860436236026,0.0763628212330903,0.000761374026658,1.882216466459214e-05
logistic,MILO,2,0.2751654080096672,92.45577342047928,0.9234825806498916,0.9939599583848407,0.0007838087536523,0.0189354575927155,0.0001982028666296,2.580631373562949e-05
logistic,MILO,3,0.266228742845957,92.63442265795206,0.9252904348498726,0.9942831984210344,0.0004110297169275,0.0221687596460387,0.0002494802648664,1.6479384445645707e-05
logistic,MILO,4,0.2611829304100381,92.79782135076252,0.926971385110726,0.9944570164304016,0.0007458974712558,0.0464384591607335,0.0004965660226909,1.6030704202161336e-05
logistic,MILO,5,0.2565170581984883,92.95294117647056,0.9284822736219918,0.9945886712816896,0.0004314658843733,0.0352954624666443,0.000360990058336,1.1376224261753467e-05
logistic,MILO,6,0.2533860885117828,93.04400871459696,0.9294684668311202,0.9947247979669998,0.00043285479945,0.0328420081676883,0.0003337586232062,2.5610429990076592e-06
logistic,MILO,7,0.2512881927677229,93.08148148148148,0.9298915253767824,0.9947884259760535,0.0003002203535246,0.0242662799114849,0.0002637904938551,1.0113042470228124e-05
logistic,MILO,8,0.248669622411785,93.20871459694987,0.931157602423276,0.9948643456480374,0.0004169430238116,0.0150689468111453,0.0001480022739245,8.97941019208642e-06
logistic,MILO,9,0.2469716953496268,93.2649237472767,0.9317280531745096,0.9949212509031148,0.0001904861687507,0.015072096345472,0.0001479328255291,7.689052712342175e-06
logistic,MILO,10,0.2453321582065948,93.31023965141613,0.932180772786126,0.994964540995683,0.0004703882678454,0.021890817755261,0.0002280889086349,1.0146954335603877e-05
logistic,MILO_LW,1,0.2957560665300988,91.75250544662308,0.916249200531945,0.9932634655310476,0.0020240187281918,0.1042901890549358,0.0011018589864221,5.116266744273264e-05
logistic,MILO_LW,2,0.2751640125829929,92.37472766884532,0.922681303670634,0.9940110069898576,0.0004264074661813,0.0323806209211145,0.0003222455814931,2.157287048257689e-05
logistic,MILO_LW,3,0.267067817981986,92.59825708061004,0.9249501277534498,0.99425952693016,0.0012068017757029,0.0881225240256589,0.0008886787383882,2.6542330541236164e-05
logistic,MILO_LW,4,0.2605091230588801,92.84662309368191,0.9274232908212496,0.9944523539456638,0.000382642239543,0.0298689552795,0.0003214450904753,1.6147249707568438e-05
logistic,MILO_LW,5,0.2562001679400733,92.9211328976035,0.9282185749075362,0.9946124745002656,0.0004041676917562,0.0323982063428959,0.0002973167760857,1.0405937550285413e-05
logistic,MILO_LW,6,0.2534132533348723,93.06143790849674,0.9296424273258576,0.994694337168727,0.0005138997595634,0.0239591991047854,0.0002571565433123,8.381719167849812e-06
logistic,MILO_LW,7,0.2508781024202022,93.159477124183,0.9306599155673994,0.9947849447849262,0.00023004424748,0.0098978794698056,0.0001042990267862,5.28452590258524e-06
logistic,MILO_LW,8,0.2491215366309505,93.19215686274508,0.9309899941835108,0.9948627609131006,0.0003819001264628,0.0101348177338672,0.0001176294425084,1.3456041633889798e-05
logistic,MILO_LW,9,0.2475317556837285,93.20435729847496,0.9310911402086376,0.9949184167813367,0.0003341294944582,0.023939380093119,0.0002369336483933,1.029804920591229e-05
logistic,MILO_LW,10,0.2456669566187204,93.2740740740741,0.9318515178011972,0.9949843968767615,0.0004050144962306,0.0201733978730645,0.0002068491045828,8.82149045767e-06
logistic,SGD,1,0.3260871977136026,90.92418300653596,0.9079091399237972,0.9922614549275948,0.0010816217171116,0.0390604528645127,0.0003753970980508,4.938527027734737e-05
logistic,SGD,2,0.3025075427028867,91.6074074074074,0.9149027741310102,0.9930863583718956,0.0007423532248541,0.0602757872445854,0.0006325253069591,1.0721587258480391e-05
logistic,SGD,3,0.2944163763538684,91.83137254901962,0.9171579001220704,0.9934268963489968,0.0016444223959266,0.1091122699016983,0.0011395334799791,3.94425599227854e-05
logistic,SGD,4,0.2862447625671336,92.01742919389976,0.9190275195577792,0.9936657058829732,0.0006149539460642,0.0602072387359243,0.0005922927586444,1.662559564179117e-05
logistic,SGD,5,0.2833066523365984,92.21960784313724,0.921108496101478,0.9937967814235986,0.0008625583957559,0.0437056802998895,0.0004674288937875,1.979300463165208e-05
logistic,SGD,6,0.2802572303132553,92.32461873638344,0.9222006483735424,0.99391089982746,0.0003906310502047,0.0119329533225528,9.136458930210656e-05,1.8136978976898652e-05
logistic,SGD,7,0.2798115003036258,92.32418300653596,0.9221107472830482,0.9939522305449008,0.0019712700527084,0.0982964429945406,0.0009917840932722,2.299501002008568e-05
logistic,SGD,8,0.2817034761308325,92.15032679738562,0.9203570623984224,0.993959049716711,0.0021131703531328,0.0899415435360603,0.0009487027445477,3.291557873713695e-05
logistic,SGD,9,0.2773112083782557,92.30675381263616,0.922071059470136,0.9940429005842552,0.0003555635317772,0.0372822842712561,0.0004117944205876,2.067603503887998e-05
logistic,SGD,10,0.2760049322030643,92.38692810457516,0.922756925029297,0.9941276741641912,0.0005820138878228,0.0302714668167666,0.000312571382081,2.04263485886834e-05
logistic,ADAMW,1,0.453088789587187,90.10196078431372,0.8996979726345661,0.991560342863468,0.0228111589423123,0.218547297383548,0.0020402820381723,0.0002861046371078
logistic,ADAMW,2,0.4148985926590713,90.8714596949891,0.9076574144102034,0.992805293654189,0.011496890527559,0.1562746176277345,0.0016386321429139,0.0001751959720182
logistic,ADAMW,3,0.4313752760217081,90.67712418300653,0.9054737293888794,0.9929822815196188,0.0163770304091969,0.3315624997196985,0.0033521986256044,0.0002111903605193
logistic,ADAMW,4,0.433837790483483,90.99564270152506,0.9086731718589184,0.9935230894788823,0.0151682007249497,0.3491960854927738,0.0036841975741,0.0001041338236853
logistic,ADAMW,5,0.4497992429115154,90.4566448801743,0.9034587023950362,0.9933384411326688,0.0192259685169005,0.426491720331094,0.0043264823606481,0.0002129324688629
logistic,ADAMW,6,0.4215411152005974,91.1830065359477,0.910789944582402,0.993844408316451,0.0124822993944531,0.2450714098339483,0.0025452256023283,0.0001354796210732
logistic,ADAMW,7,0.4303957463988551,90.85315904139432,0.9075184979123412,0.9936844543497518,0.0129164995041537,0.1921225249555314,0.0019907415728553,0.0002188742386918
logistic,ADAMW,8,0.432411933620511,91.16514161220044,0.9102508752001456,0.9937676944928218,0.0183823826064892,0.377092275961698,0.0038835284059916,0.0001027790907643
logistic,ADAMW,9,0.3958981510525435,91.60610021786492,0.9150828593306252,0.9941613492796596,0.0150489432465928,0.2071956132890196,0.0021050524274379,0.0001370704986824
logistic,ADAMW,10,0.4449040742624299,90.70675381263617,0.9060291637204536,0.9937891598347794,0.0233926302525912,0.3708292684430803,0.003848085288521,0.0002429821334437
logistic,ADAM_MINI,1,0.581431094369078,88.02091503267974,0.8792449923575736,0.9906019871634706,0.0423209880119972,0.7396899505782206,0.0075310087963392,0.0003376717692996
logistic,ADAM_MINI,2,0.5786678843700808,89.16601307189542,0.8903815787130277,0.9912307823004,0.0281151449001971,0.563306770914201,0.0055454365050926,0.0002474105245532
logistic,ADAM_MINI,3,0.5695737310450582,89.26666666666665,0.8902304305226438,0.9918413938510952,0.0315897731812221,0.6367784375977491,0.0068251014686207,0.0003795661884102
logistic,ADAM_MINI,4,0.5458214540445208,90.2544662309368,0.9011718754340512,0.992309569584186,0.0199136547716411,0.2649298388245902,0.0028196189206818,0.0002512302467079
logistic,ADAM_MINI,5,0.5943234648055241,89.30631808278868,0.8916778985594995,0.9920952869474284,0.0293878598237552,0.5502940217971792,0.0054482179150948,0.000261280191607
logistic,ADAM_MINI,6,0.6243388472418899,88.58387799564271,0.884538013758057,0.9918474685441122,0.0538520442602596,0.7781773992750165,0.0076323454192613,0.0003423569374998
logistic,ADAM_MINI,7,0.5751071564881111,89.69063180827888,0.8958424281756578,0.9924222288449508,0.0461115506237193,0.7082242144723532,0.00698617415456,0.0003993356673853
logistic,ADAM_MINI,8,0.550239716675027,89.98997821350763,0.8985820545105225,0.9926262211665576,0.0137308420020864,0.2198402822878359,0.0021987664063269,0.0002368966318816
logistic,ADAM_MINI,9,0.5305144411218972,90.24531590413945,0.9014445463069344,0.9928762483770256,0.0220597013496011,0.441915033104,0.0042957903845828,0.0002884112148486
logistic,ADAM_MINI,10,0.5590340371237081,89.47015250544663,0.8933474584734791,0.99261375157685,0.033534966608516,0.517869735634259,0.0055432369020837,0.0002708107450423
logistic,NOVOGRAD,1,0.3140544164824849,90.91851851851852,0.9080767386485152,0.9926934737792356,0.0011360786599891,0.0529443143497473,0.0005507240792165,4.171369171920992e-05
logistic,NOVOGRAD,2,0.3034426642601786,91.33333333333331,0.9118856344446,0.9932190415201608,0.008363971035657,0.3009092405591237,0.0031618038888613,0.0001638713877731
logistic,NOVOGRAD,3,0.2906670299934665,91.63616557734206,0.9153036850458064,0.9935628413134336,0.0027539600630213,0.134016150700301,0.0013298277969075,7.185958764089183e-05
logistic,NOVOGRAD,4,0.2923389791232049,91.63485838779955,0.9151974218391528,0.9935032882642492,0.0055856010397704,0.2403728495510218,0.0024407848265035,0.0001455070883112
logistic,NOVOGRAD,5,0.2902589575839198,91.76209150326795,0.9166866633388951,0.9936641383220176,0.0034514364144437,0.1498831507257189,0.0015301814692091,3.437613646658306e-05
logistic,NOVOGRAD,6,0.2958091887471982,91.49498910675382,0.9135021556764416,0.9935970743793896,0.0074971678627426,0.2357469619550926,0.002365023277343,0.0001606804727788
logistic,NOVOGRAD,7,0.2874084940000816,91.72374727668846,0.9160955941769078,0.9938107722207132,0.003108461880756,0.187826100466119,0.00190753273568,5.939572390829896e-05
logistic,NOVOGRAD,8,0.2927587571362265,91.46710239651416,0.9136766940332316,0.9937144709376564,0.0036102458202851,0.1222872537176822,0.0012749754515002,9.621939825436416e-05
logistic,NOVOGRAD,9,0.2860819184655457,91.69934640522877,0.915819250940486,0.9938032214798802,0.0019150748519743,0.0856211922140663,0.0008374467005351,4.1493460357861685e-05
logistic,NOVOGRAD,10,0.2910207618898296,91.61002178649238,0.9149881072775984,0.9937198884006784,0.0083084644218357,0.302067968665763,0.0029689175291315,0.0001648525570857
logistic,ADAGRAD,1,0.4033215484587974,89.44313725490197,0.8927056717754074,0.9900558881654308,0.0012505999162099,0.0444284220766989,0.0004994695427746,3.7901190604179685e-05
logistic,ADAGRAD,2,0.3938342485594074,89.64183006535947,0.8946902961686861,0.9903590153916276,0.0010980145150103,0.0414207002382683,0.000451348452879,3.098117268243823e-05
logistic,ADAGRAD,3,0.3898427745319399,89.71808278867101,0.8954867028239661,0.9904771892156924,0.0010262554370691,0.0401108199489838,0.0004329500811024,2.9029602114012294e-05
logistic,ADAGRAD,4,0.3875193739010097,89.7686274509804,0.8960023856093429,0.9905488117814532,0.0009859677856004,0.0402100984577232,0.0004370104641929,2.6389923612546014e-05
logistic,ADAGRAD,5,0.3859573080503343,89.79782135076252,0.8962947071555319,0.9905959298527371,0.0009574122555051,0.0394774608381859,0.000428854422891,2.5193638812774147e-05
logistic,ADAGRAD,6,0.3848174075457006,89.82788671023965,0.8965989921376026,0.9906312977234286,0.0009375924680354,0.0377290219689314,0.0004096725755398,2.4712296170117816e-05
logistic,ADAGRAD,7,0.3839396201725359,89.84749455337689,0.8968026497004951,0.9906579796180268,0.0009221693772381,0.0405076458366764,0.0004388531397871,2.4185106553187616e-05
logistic,ADAGRAD,8,0.3832367761748029,89.8640522875817,0.8969699373189559,0.9906792921960732,0.0009097708388839,0.0417061982291402,0.000452979790587,2.365422308652789e-05
logistic,ADAGRAD,9,0.3826584347283918,89.8806100217865,0.8971416319008856,0.9906968168205088,0.0008995500032356,0.0410338621656417,0.0004449333717892,2.3397328486805404e-05
logistic,ADAGRAD,10,0.3821717959406069,89.89106753812636,0.8972469219490273,0.9907115652154876,0.000891049102295,0.0399174679335997,0.0004354235385349,2.314914365475837e-05
logistic,ADEMAMIX,1,0.4236148475394269,89.90849673202615,0.8979344598913777,0.9916136428704608,0.0191759889580081,0.2671436206268216,0.0026888423200659,0.0001563694722146
logistic,ADEMAMIX,2,0.4334820570483446,90.06318082788671,0.8993873322339855,0.9921086923968392,0.0150059762902517,0.2632309609005638,0.0025239023165287,0.0003011334913863
logistic,ADEMAMIX,3,0.4102577345103739,90.56339869281048,0.9043471633259804,0.9929569900371256,0.0062834919819242,0.1661676782813217,0.0015877005511745,0.0002127022208092
logistic,ADEMAMIX,4,0.4165397863740625,90.78605664488018,0.9063917330654928,0.9932088068097004,0.01023421425752,0.156861837324899,0.0015701604537811,0.0001009875701892
logistic,ADEMAMIX,5,0.438697863098583,90.55729847494553,0.9047029656289514,0.9932028794529564,0.0195150102401713,0.4361378264314776,0.004420038669972,0.0002328731816218
logistic,ADEMAMIX,6,0.4412504718543917,90.01960784313725,0.8983368421902196,0.9930841753672794,0.0204442599420748,0.5515137695243404,0.0065095510484827,0.0001249951475004
logistic,ADEMAMIX,7,0.415179705946274,90.83224400871458,0.907223488293363,0.9933363628183086,0.0114882630482093,0.3409206686071505,0.0034065774447242,0.0004232893359322
logistic,ADEMAMIX,8,0.4421398441383782,90.63485838779955,0.9048800946398532,0.9932273510830512,0.0233430040589042,0.4189597431031476,0.0043358985152229,0.0003457132025237
logistic,ADEMAMIX,9,0.4288329830507307,90.7041394335512,0.9059709085033564,0.9935333041025632,0.0162943301837763,0.2495475089205905,0.0023477982299807,0.0001816152557319
logistic,ADEMAMIX,10,0.4170562251362145,90.8488017429194,0.9072003845174704,0.993716543111,0.0091285278628107,0.2290967511993435,0.0024096052928597,0.0001557200586665
multilayer,MILO,1,0.1300483230293966,96.22265795206972,0.9619506598731268,0.9987456549160184,0.0046553270614845,0.1566680588025001,0.0015524401641839,6.028292117114996e-05
multilayer,MILO,2,0.0919576341907183,97.3050108932462,0.9728783914456268,0.9993692308479634,0.0024996686671675,0.0851040740720407,0.0008417247875406,2.5200853502775436e-05
multilayer,MILO,3,0.0679962847138671,98.06840958605665,0.980548310753022,0.9996348379453004,0.001729483356313,0.070416558764171,0.0007136529897267,1.9872668260935035e-05
multilayer,MILO,4,0.0557545930564013,98.44444444444444,0.9843398012131338,0.9997635918114752,0.0011373220155891,0.0420936232252321,0.0004166546843448,1.264924675933762e-05
multilayer,MILO,5,0.0475207445753458,98.73071895424836,0.9872374483662902,0.9998314888542688,0.0015596625419199,0.0496263586788231,0.0004908787409648,1.5352632849401773e-05
multilayer,MILO,6,0.0405897787586666,98.99084967320262,0.989853774390874,0.9998811687006086,0.0013989833716282,0.0446139277773772,0.0004530419814413,1.0702963995285308e-05
multilayer,MILO,7,0.0346283589850843,99.16557734204794,0.9916173199003973,0.999915772232286,0.0011311497567151,0.045009016152041,0.000453815723546,9.304058160967166e-06
multilayer,MILO,8,0.0303635168770299,99.3185185185185,0.9931514539479824,0.9999383554584,0.0009799639288859,0.0374727668845329,0.0003808361532801,6.105504054370879e-06
multilayer,MILO,9,0.0275455340785106,99.38300653594771,0.9937997019945636,0.99995255362181,0.0014711275182025,0.0594711385817171,0.0006000112973905,7.187698429829874e-06
multilayer,MILO,10,0.0234158932065635,99.5538126361656,0.9955278658855254,0.9999674095124989,0.0010293401007418,0.0357351608781048,0.0003652568593433,3.981803113101825e-06
multilayer,MILO_LW,1,0.1279750320077721,96.32549019607843,0.9629414238975632,0.9987441845631756,0.0032159954660038,0.0906160955040413,0.000911499145103,4.980573705818128e-05
multilayer,MILO_LW,2,0.0901843996801472,97.38562091503267,0.9736445691324837,0.9993815904854252,0.0017366713544169,0.056317134625798,0.000571301417246,2.693813175848302e-05
multilayer,MILO_LW,3,0.0705469736422458,97.98910675381264,0.9797810304505076,0.9996269440723472,0.0022875809273919,0.0704516012677365,0.0007158263145628,2.5204851237251868e-05
multilayer,MILO_LW,4,0.0587915557661542,98.3751633986928,0.9836496963586496,0.9997469322091757,0.0036223432128455,0.1323310183839428,0.0013255881747878,2.9036252001986835e-05
multilayer,MILO_LW,5,0.0472381548625386,98.76993464052288,0.9876256348465302,0.9998312772586992,0.0018443211693308,0.0524036475063117,0.000531329762684,1.4648177108149314e-05
multilayer,MILO_LW,6,0.0408999527951049,98.96906318082787,0.989638151756794,0.9998759446747087,0.0014959195864134,0.0524344343009973,0.0005228336469565,1.3607854290353358e-05
multilayer,MILO_LW,7,0.0361297582060926,99.11808278867102,0.9911422389257316,0.999907128434206,0.0019305754232465,0.0697283487126231,0.0007007250761373,1.3670517580321184e-05
multilayer,MILO_LW,8,0.0311335410495696,99.28409586056644,0.9928089647381542,0.9999286546167244,0.0015131620786723,0.0481111659152125,0.0004844918741305,1.021851311986241e-05
multilayer,MILO_LW,9,0.0285050349910144,99.37080610021786,0.99367900309127,0.9999450451599224,0.0015581991605669,0.0550271767784992,0.0005533142430845,1.0414256810176898e-05
multilayer,MILO_LW,10,0.0244138709272791,99.50239651416123,0.9950186281762456,0.9999604652647228,0.0013695181650746,0.042198360506988,0.0004231198685269,7.447605809295908e-06
multilayer,SGD,1,0.216635142847084,93.80392156862744,0.93748665340767,0.9967085630234692,0.0050847345157847,0.2004901886801368,0.0020417093476525,0.0001064582385063
multilayer,SGD,2,0.1486741420798052,95.82875816993464,0.9579837780510712,0.9984956115084104,0.0068539215337378,0.2115530110904619,0.0020676297443793,7.793083846618287e-05
multilayer,SGD,3,0.1125527970466868,96.94596949891069,0.9692169441303708,0.9991200297358364,0.0016047232422312,0.0742737281138569,0.0007797098857835,2.202262259340371e-05
multilayer,SGD,4,0.0985439663620296,97.36644880174292,0.9734841522756172,0.9993689372135156,0.0012837386113544,0.0598371476526522,0.0006131024535873,1.818959396214496e-05
multilayer,SGD,5,0.087072303707758,97.70108932461874,0.9768578788261426,0.9995232851894966,0.0014227888716957,0.0561330994864935,0.0005673422073815,9.607466651759916e-06
multilayer,SGD,6,0.0813138522182414,97.8627450980392,0.9785481750090312,0.9996062782939024,0.0013381000017144,0.0441196642805185,0.0004473660049093,1.0076877477512177e-05
multilayer,SGD,7,0.0798553286227265,97.97777777777776,0.9796562581599082,0.9996548767954576,0.0015318917936778,0.0769232886902657,0.0007901408352362,9.287259437406518e-06
multilayer,SGD,8,0.0758396295859663,98.07886710239652,0.9807080964765186,0.999705145451762,0.0016223685086381,0.0868087156073975,0.0008630009987161,4.400401571161811e-06
multilayer,SGD,9,0.074132547422302,98.13769063180828,0.9812900928057416,0.999729589389048,0.0017386690477342,0.0881112121435347,0.0008999718369808,1.0101878634389092e-05
multilayer,SGD,10,0.0682891082820809,98.4065359477124,0.9839952351334768,0.999779741473196,0.0008269194950351,0.0509664245431975,0.0005211854346665,5.500858066700732e-06
multilayer,ADAMW,1,0.2904408212231395,92.1834422657952,0.9214153550120268,0.994545743427198,0.0042348653939371,0.2408037260244854,0.0023149821642715,0.0002579522452587
multilayer,ADAMW,2,0.2646440689039126,93.0483660130719,0.930395364549975,0.9957149642141304,0.0177790360296341,0.403312285923968,0.003935484339457,0.0003737297741106
multilayer,ADAMW,3,0.2545590843967363,93.45272331154683,0.934573775170678,0.995843264257108,0.0117409226459428,0.2785361939197145,0.0025945380764428,0.000255650336063
multilayer,ADAMW,4,0.2620738498738649,93.48714596949893,0.934728687591616,0.9959455511367348,0.0120563486190666,0.2550691219575327,0.0025797242009953,0.0002131888111528
multilayer,ADAMW,5,0.274819102042381,93.7363834422658,0.9372994563455098,0.9958217859442464,0.02647691823857,0.3616853020992343,0.0036398847868457,0.0004018289812023
multilayer,ADAMW,6,0.2381894240392319,93.96078431372548,0.939739564281804,0.9964388691041488,0.0106531365171596,0.2974099601394415,0.0028490773544945,0.0002011126447442
multilayer,ADAMW,7,0.242122849285213,94.14945533769064,0.941466298701552,0.9963059325355612,0.0043651604772567,0.2081922500633917,0.0020524401750942,0.0001487690080393
multilayer,ADAMW,8,0.2448882094589518,93.96209150326798,0.9398951919363228,0.9961768347795744,0.0087181837332235,0.2570590072530521,0.0024077556035349,0.0001245697539261
multilayer,ADAMW,9,0.2250617915004946,94.4156862745098,0.9440735001825962,0.9967401993371524,0.0115731537729281,0.196280941175573,0.0019701737150511,0.0003525038725934
multilayer,ADAMW,10,0.2121621119178717,94.69150326797389,0.9471135449882372,0.9968551417937924,0.0102510766332768,0.2306803772053111,0.0022054279974183,0.0003023680571582
multilayer,ADAM_MINI,1,0.4389703561833741,88.07581699346403,0.8802958746375602,0.989171937351174,0.0415239347736762,0.9042363913678926,0.0092423699007244,0.0015262424676152
multilayer,ADAM_MINI,2,0.7015111687344403,81.2156862745098,0.815922977741691,0.9651066777392512,0.0890984351741824,2.8394475177214,0.0251928483248119,0.0090815289377193
multilayer,ADAM_MINI,3,1.106401968551877,64.8727668845316,0.6430409250232809,0.9050871476879998,0.1062843188660051,4.339835409042642,0.0491007324262195,0.0186421012929472
multilayer,ADAM_MINI,4,1.2523851923714016,53.810457516339866,0.5251343112802248,0.8421142999240553,0.1718651730446404,7.448784697311381,0.0832215792529567,0.0408627279116648
multilayer,ADAM_MINI,5,1.515680674690047,43.46797385620915,0.3937784678850936,0.7719754692745628,0.1731455098239744,8.450793595773433,0.0952807210663991,0.0585359661895845
multilayer,ADAM_MINI,6,1.7715847730885923,31.078431372549023,0.2530627596386122,0.6983511615784248,0.1369113036095329,5.798860995221252,0.070204825643632,0.0431737414935918
multilayer,ADAM_MINI,7,1.8872774916027624,30.281481481481485,0.2357118778827232,0.6783130147495713,0.109408206776619,5.2876702269892455,0.0576128961971536,0.042297109390743
multilayer,ADAM_MINI,8,2.47651025734488,22.59041394335512,0.1667767688408785,0.6159514356000744,0.3562291204631668,4.541174087494028,0.0505097765772558,0.0396287280609559
multilayer,ADAM_MINI,9,2.1833979203238725,15.255773420479304,0.0772586759905554,0.5525991883027153,0.0792032520112729,2.7507400953025205,0.0294393166278688,0.0261436399929451
multilayer,ADAM_MINI,10,2.2061939297428834,13.63050108932462,0.0625251267535356,0.5352568614526684,0.0701041845382927,2.4166682354703752,0.0280329885417379,0.0239518366100946
multilayer,NOVOGRAD,1,0.1915465102204829,94.15686274509804,0.941145690506381,0.997886586006867,0.0152160792451727,0.491318975322532,0.0048594147936615,0.000158195964241
multilayer,NOVOGRAD,2,0.1162642182641559,96.42527233115467,0.9639333141147156,0.9991205642860396,0.0050824169163682,0.1593267503008601,0.0016015267746144,5.0939688022448335e-05
multilayer,NOVOGRAD,3,0.0910421039500397,97.20958605664488,0.9719377628751352,0.9994621694730398,0.0041627929599295,0.1418272207044498,0.0013887212582255,4.122409251509241e-05
multilayer,NOVOGRAD,4,0.0909431695141758,97.1050108932462,0.9708101839250742,0.99953003792106,0.003434186413254,0.1270311316431872,0.0013083518854798,3.093671023336173e-05
multilayer,NOVOGRAD,5,0.0731391246862271,97.66884531590414,0.9765563429102484,0.9996771981307486,0.0049309110728891,0.1934893210057912,0.0019486416101847,2.2614074731278824e-05
multilayer,NOVOGRAD,6,0.0665840823616272,97.89978213507626,0.9787443994932282,0.9997312932910856,0.0057087497904529,0.1925129716429167,0.0020049907644354,2.110738587387223e-05
multilayer,NOVOGRAD,7,0.0684549636177734,97.8004357298475,0.9778211931224492,0.999706023474063,0.0088268983290931,0.3150545257404015,0.0031740273838358,4.987843981933718e-05
multilayer,NOVOGRAD,8,0.0678107516868181,97.82701525054466,0.9780791855931288,0.99973511339364,0.0037298326446599,0.1402407192446392,0.0014175070683825,2.354641824059637e-05
multilayer,NOVOGRAD,9,0.0565173886275174,98.22745098039216,0.9821676584090604,0.999811643456345,0.0038392136618482,0.1407457994328861,0.0014428617902225,1.9428384556923307e-05
multilayer,NOVOGRAD,10,0.054394664122372,98.26797385620915,0.9825482270943208,0.9998273980954654,0.0009557267555187,0.0522012722662564,0.0005217565746408,4.920411465775506e-06
multilayer,ADAGRAD,1,0.2388825098021617,93.439651416122,0.9336734682763058,0.9960818631870464,0.0041579167410011,0.1125402557491831,0.0011418973492265,0.000162243306709
multilayer,ADAGRAD,2,0.2220901034158819,93.95206971677558,0.9388615313747244,0.9965614234916864,0.0044482910610362,0.1431341046134498,0.0014544387184013,0.000159128624679
multilayer,ADAGRAD,3,0.2150556329727692,94.17516339869282,0.941119488457516,0.9967580153823568,0.0044745817770612,0.1523008275599968,0.0015440305561319,0.000157279938491
multilayer,ADAGRAD,4,0.2110572104794267,94.27973856209152,0.9421838682567756,0.9968712326924084,0.0044747972520989,0.1527505033926512,0.0015580306843273,0.00015468330336
multilayer,ADAGRAD,5,0.2081912421130926,94.36514161220045,0.9430530825952508,0.996953218121113,0.0045118070721467,0.1489017102964996,0.0015158083124354,0.0001539734425839
multilayer,ADAGRAD,6,0.2061841586251664,94.42178649237472,0.9436238004066382,0.9970093510170932,0.004514895846023,0.147740050499948,0.0015053658629127,0.0001516252176218
multilayer,ADAGRAD,7,0.204601790235323,94.45359477124182,0.9439469662804472,0.9970528072482834,0.004535337243911,0.1614956720594215,0.0016442917470696,0.0001510381457097
multilayer,ADAGRAD,8,0.2033427175710663,94.4880174291939,0.9442980251999906,0.9970850526196168,0.0045163046594719,0.1562062636658489,0.0015882224548672,0.0001499685030527
multilayer,ADAGRAD,9,0.2022915622751697,94.53202614379086,0.9447498720118196,0.997113296272722,0.0045248963485621,0.1580570607413272,0.0016079781243232,0.0001495921910156
multilayer,ADAGRAD,10,0.2014185772227825,94.5529411764706,0.9449582780833956,0.9971369755035684,0.0045247214674792,0.1564603893248841,0.0015911079038317,0.0001492476801265
multilayer,ADEMAMIX,1,0.2777911283995851,92.1363834422658,0.9203243544148894,0.9946796975540836,0.0151789051876971,0.3677651549209898,0.003631694056622,0.0006833443335412
multilayer,ADEMAMIX,2,0.2565531175009305,93.11328976034858,0.9309272484448288,0.9954142923855428,0.0069119154897263,0.1894635851114954,0.0019920912384994,0.0003801715802562
multilayer,ADEMAMIX,3,0.2479536291750427,93.50631808278868,0.93457466986955,0.9956486032980454,0.0102416288211019,0.3367719600402206,0.0033797670300011,0.0004888534014739
multilayer,ADEMAMIX,4,0.2539467451007537,93.6718954248366,0.9365638511819808,0.9954804876595796,0.009584566835431,0.1524129816172461,0.0016585703119194,0.0005759757150807
multilayer,ADEMAMIX,5,0.2640228012467781,93.32287581699346,0.932741191324842,0.9953791178558832,0.0083743824046466,0.2050980438442167,0.0022721725882498,0.0004054878801664
multilayer,ADEMAMIX,6,0.279274148851698,92.82614379084968,0.9278652759748472,0.9951372876176168,0.0133688537063734,0.324276698340608,0.0032578656932403,0.0007031707600506
multilayer,ADEMAMIX,7,0.2564614333150693,93.90108932461874,0.9388189235269166,0.9957079417706014,0.0161962970357749,0.315649059363409,0.0033288438855166,0.0007856612023947
multilayer,ADEMAMIX,8,0.2599219169954329,93.28453159041392,0.9333442668396168,0.9955916689924056,0.0059911190606526,0.2554150098196734,0.0024299758943393,0.0001782268182275
multilayer,ADEMAMIX,9,0.2504971789835845,93.8718954248366,0.9389042771645408,0.9958585224466092,0.0092456728702039,0.2586648501650619,0.0024657580814515,0.000383721070704
multilayer,ADEMAMIX,10,0.238101579047496,94.20305010893246,0.9420126800953617,0.9961071496068888,0.0187827147679243,0.4232232367403889,0.0043155958387441,0.0007323470003353
resnet34_cifar10,MILO,1,1.1382793792263357,59.40444444444445,0.5906335298184638,0.9287265709234376,0.0136729296504856,0.7003205725006152,0.0066719675231484,0.0015314954414183
resnet34_cifar10,MILO,2,0.7843363839274138,72.25254901960784,0.7212529884154115,0.9656653604418566,0.0250721387555414,1.0734576850522228,0.0115336184386788,0.0010830397905994
resnet34_cifar10,MILO,3,0.5564938659044651,80.31372549019609,0.8043410334183895,0.9832337408818498,0.0284843296930005,1.0644906036244912,0.0099243811801466,0.0011629851842692
resnet34_cifar10,MILO,4,0.3331892413553848,88.5997385620915,0.8858194278937358,0.9943395833544928,0.0176601308312123,0.6893858385403182,0.0068126660004433,0.0005457949888888
resnet34_cifar10,MILO,5,0.146040610399589,95.23921568627452,0.9525055553273518,0.9989170164855914,0.0134989539632676,0.5340082875065109,0.005243177443301,0.0001751124415636
resnet34_cifar10,MILO,6,0.1005927041735524,96.74196078431372,0.9670292090340068,0.9995967414852208,0.0282240782903768,0.9568468158251224,0.0098093516486141,0.0001627788393659
resnet34_cifar10,MILO,7,0.0401498984197191,98.71529411764706,0.9871629087314272,0.9999402442418808,0.0049213762555881,0.1766217701482194,0.0017704371457527,1.2247711123053462e-05
resnet34_cifar10,MILO,8,0.0253613365921806,99.2308496732026,0.9923340826969952,0.9999674924564396,0.0058668769442029,0.2032440563445904,0.0020215073134562,1.891145312081532e-05
resnet34_cifar10,MILO,9,0.011426779406525,99.6972549019608,0.9969768089124396,0.9999965392047364,0.001211049100303,0.048230865765512,0.0004813156822141,1.015207936681699e-06
resnet34_cifar10,MILO,10,0.0055654904825338,99.8807843137255,0.9988100832926352,0.9999984617649396,0.0009644028254496,0.029295048005921,0.0002919087134751,9.75290087726832e-07
resnet34_cifar10,MILO_LW,1,1.1926909667058707,56.59764705882353,0.5607152793632564,0.9229709887083276,0.0107041553308674,0.3106984685875892,0.0033846268054433,0.0015891081638611
resnet34_cifar10,MILO_LW,2,0.8298567210758435,70.55581699346405,0.7032278478775544,0.9619014270233964,0.0273016838452701,1.0140514260916096,0.0109710001037815,0.0024374940525447
resnet34_cifar10,MILO_LW,3,0.5489333685426152,81.1602614379085,0.811917467896764,0.9824698789343896,0.0196890919076333,0.7932568130694195,0.0080380156916082,0.0012309728172929
resnet34_cifar10,MILO_LW,4,0.3419051157945122,88.45124183006537,0.8843301738046929,0.9933226073615872,0.0139679996586934,0.4439632920337183,0.0043323969133058,0.0007348949661354
resnet34_cifar10,MILO_LW,5,0.1932440330874686,93.59633986928104,0.9361586398231424,0.9979585655745504,0.0222828013609571,0.9363301515364753,0.0092698923080598,0.0004996193956833
resnet34_cifar10,MILO_LW,6,0.0879406862352798,97.04627450980392,0.9703733823652576,0.9996708817877512,0.0084919138435517,0.4179274478929773,0.0042019837004522,4.054934235994124e-05
resnet34_cifar10,MILO_LW,7,0.0416873659742618,98.69019607843136,0.986917980109962,0.9999236229543182,0.0060191231532853,0.2374901154942972,0.0023686613783616,1.6256150548780756e-05
resnet34_cifar10,MILO_LW,8,0.0276554128200351,99.14771241830064,0.9915276775427077,0.9999528951630476,0.0059996502248177,0.2267135517770324,0.002231375354853,1.9505838868045896e-05
resnet34_cifar10,MILO_LW,9,0.0134938159856811,99.63816993464052,0.9963864319189912,0.9999909828173908,0.0019303595745623,0.057054593349172,0.0005699245959178,3.5768574235308947e-06
resnet34_cifar10,MILO_LW,10,0.0106080892250806,99.70196078431374,0.9970227798869716,0.9999944464167658,0.0017067078873284,0.0625705633533136,0.0006247094939951,3.8156316866820245e-06
resnet34_cifar10,SGD,1,1.3330321953517938,51.9037908496732,0.5145856217865278,0.9015496576097412,0.0424194330286221,0.79061581374591,0.0104817174174129,0.0029237921035489
resnet34_cifar10,SGD,2,1.0558981600686617,62.11450980392158,0.6200888934082676,0.9420921962967418,0.0425207867796194,1.5391872164776146,0.0150539499904469,0.0031809342592113
resnet34_cifar10,SGD,3,0.8122054821843415,71.58483660130719,0.7175899589001771,0.9666263268979676,0.0310625759268331,1.096024731614896,0.0100387377922891,0.0019094089597661
resnet34_cifar10,SGD,4,0.613488665793612,78.4235294117647,0.7831875500910049,0.980953326098969,0.0244861218373108,0.9326392028968808,0.0097050288266697,0.0010418179872341
resnet34_cifar10,SGD,5,0.5247977398725896,81.53202614379086,0.8145567443933004,0.9884753179415268,0.0391623063091856,1.4649936282791018,0.0138055074776031,0.0008148260223113
resnet34_cifar10,SGD,6,0.3836537531921287,86.52183006535947,0.8655350508875423,0.9942322193806564,0.0185142305923233,0.6345645774851035,0.0060931685475656,0.0006004122596528
resnet34_cifar10,SGD,7,0.3016032463519402,89.30509803921568,0.8930464706154423,0.9967268741974536,0.0126036572540929,0.5310603879330416,0.0048865076869287,0.0002108719402109
resnet34_cifar10,SGD,8,0.196222466390351,93.16967320261438,0.9324207222040424,0.998382234201146,0.015737587798202,0.6164718078341692,0.0059848712106943,0.0001650535918026
resnet34_cifar10,SGD,9,0.1974267539129537,93.33856209150326,0.9329312145814316,0.9988548358230056,0.038175939454437,1.2037902747878817,0.0123159680966021,0.0002340697020379
resnet34_cifar10,SGD,10,0.1183166759325788,95.92209150326798,0.9592541556662806,0.999511876833677,0.0216255466058134,0.8469310804992057,0.0085122623672941,0.0001021769926083
resnet34_cifar10,ADAMW,1,1.4373690765592788,49.118954248366016,0.4829542504425082,0.8931145874772699,0.0392488826912295,1.3041457372788288,0.0138637336064988,0.0046513292960266
resnet34_cifar10,ADAMW,2,1.08000668653725,62.53908496732025,0.6225474839683354,0.9398190876659476,0.041356765752959,1.5055390403863296,0.0168907676529957,0.003078830974749
resnet34_cifar10,ADAMW,3,0.791805382022359,72.32575163398693,0.7224012552280279,0.9650647240343116,0.0269203479801243,0.8860803766790386,0.0084994952963948,0.0017760033619358
resnet34_cifar10,ADAMW,4,0.627377238545075,77.99686274509804,0.7788031973973162,0.9786664101229732,0.0050314350759475,0.1937489511518728,0.0013471721111412,0.0004566026823828
resnet34_cifar10,ADAMW,5,0.5108121960932912,82.10091503267975,0.8221615861224143,0.9859993177573114,0.0098099289558441,0.3112896724902219,0.0034700859432708,0.000324983588084
resnet34_cifar10,ADAMW,6,0.4032896755449133,85.78248366013072,0.8576244123789879,0.9915405406009622,0.0111593997816168,0.4629779702809188,0.0047335861433458,0.0006410509134271
resnet34_cifar10,ADAMW,7,0.3216628855460609,88.63424836601307,0.8862214045168211,0.9942428544149984,0.0170859016216685,0.6808239700105202,0.0068898679750326,0.0007143769654144
resnet34_cifar10,ADAMW,8,0.2348030853410172,91.761045751634,0.9170114065283236,0.9969469370823566,0.0152647680935133,0.594310875485268,0.0060764111380343,0.0002564489859641
resnet34_cifar10,ADAMW,9,0.1651171224122733,94.2321568627451,0.9423102530620988,0.9985772539199956,0.0119158458747896,0.4282496585969777,0.0043319599923936,0.0001695242876072
resnet34_cifar10,ADAMW,10,0.1130371821265984,96.10980392156864,0.9612409587283192,0.9993095124434116,0.0136654734228959,0.5291602727113016,0.005235712763832,0.000115706204169
resnet34_cifar10,ADAM_MINI,1,1.5242603780010946,45.70457516339869,0.4372073318908141,0.8817672098258834,0.0562612497119389,1.436984135447496,0.0192020724198175,0.0069948028022453
resnet34_cifar10,ADAM_MINI,2,1.0755495838582907,61.85516339869281,0.6184863950945216,0.9373755616547642,0.0663808741617203,2.287648716105177,0.0209785753542639,0.0061560353397019
resnet34_cifar10,ADAM_MINI,3,0.8123371019749861,72.72993464052288,0.7261287745878041,0.9631743616147675,0.0242325607376878,0.6566955986733343,0.0062214802778796,0.00198412293743
resnet34_cifar10,ADAM_MINI,4,0.6540664411239375,77.24183006535948,0.7722030945661841,0.9764284309637082,0.0331067527898718,1.0503884132558825,0.0103152663100522,0.0022891099509935
resnet34_cifar10,ADAM_MINI,5,0.502390005987454,82.3911111111111,0.8237990497353798,0.9857884643395016,0.0225324511836575,0.8748298407135612,0.0087336188201223,0.0010999078370776
resnet34_cifar10,ADAM_MINI,6,0.4424599768149307,85.07712418300653,0.8477555763577851,0.989383005122428,0.0231241143752595,0.9269351004369502,0.0113938824579397,0.0008773609460792
resnet34_cifar10,ADAM_MINI,7,0.3383301438007479,88.09725490196078,0.8806114395880413,0.9940796772710554,0.0258007123653074,0.8198379345748282,0.0090053522870105,0.0008480535005146
resnet34_cifar10,ADAM_MINI,8,0.231703415876588,91.85098039215688,0.9190603347361836,0.9968800426995345,0.0261999624990375,0.9719929536887564,0.0094557729661406,0.0007852805185456
resnet34_cifar10,ADAM_MINI,9,0.1628272046999214,94.27921568627453,0.9425676877205784,0.9984069849575103,0.0225059875973718,0.8660524445359772,0.0088400556798407,0.0004055067984013
resnet34_cifar10,ADAM_MINI,10,0.1719218906490631,93.87607843137256,0.9389696617944396,0.998669643780742,0.0133535721806972,0.4426180080073923,0.0041229400989598,0.000219255181971
resnet34_cifar10,NOVOGRAD,1,1.476579011506972,45.67215686274511,0.4485753678387015,0.8788156526663403,0.0407177027575696,1.5258298035318285,0.0158671743958853,0.0045817978277976
resnet34_cifar10,NOVOGRAD,2,1.0998107775625838,60.41725490196079,0.6012799990382287,0.9329034595084376,0.0194816746301989,0.7358641682807441,0.0066780178689315,0.0018627927422348
resnet34_cifar10,NOVOGRAD,3,0.8428319513888141,70.26457516339869,0.7021080200395572,0.9625217835784624,0.0083300906039302,0.3062680100515682,0.0028839605347911,0.0008926278804094
resnet34_cifar10,NOVOGRAD,4,0.6333604104559406,77.5769934640523,0.7735596300057044,0.9806883237857672,0.0431913342782114,1.875082436850968,0.0202820800858759,0.0017606278932223
resnet34_cifar10,NOVOGRAD,5,0.380923264165953,86.95738562091503,0.8699037144045911,0.993009837026708,0.0168312876689613,0.7378889407320814,0.0072809142160685,0.0004816656581554
resnet34_cifar10,NOVOGRAD,6,0.2333537950981676,92.13960784313728,0.9215246641456752,0.9980096235082316,0.0246015385427961,1.0170306292249762,0.0100027204212223,0.0001809631923675
resnet34_cifar10,NOVOGRAD,7,0.1644584062175813,94.42457516339869,0.9444449323386548,0.9988208936108322,0.0113610524595361,0.4194360408170498,0.0041491778040498,0.000124220828368
resnet34_cifar10,NOVOGRAD,8,0.1351782972146483,95.31816993464052,0.9535212950162596,0.999227520323302,0.0095542688514812,0.3681314978271024,0.0034759852577647,7.931981235736461e-05
resnet34_cifar10,NOVOGRAD,9,0.1426442258196718,95.04418300653596,0.9506717032237187,0.9992193282268544,0.0232220883324091,0.8521979984196175,0.0084031401981671,0.0001556710282128
resnet34_cifar10,NOVOGRAD,10,0.1317430090442981,95.41647058823528,0.9538500028536788,0.999406731204376,0.0102826627379498,0.3622706901904696,0.0037380677037648,7.217854521675652e-05
resnet34_cifar10,ADAGRAD,1,1.1549988585976994,58.26614379084968,0.5803648362630496,0.9224227316847232,0.0062106384990247,0.2631374821827061,0.0022418335836139,0.0006181010720269
resnet34_cifar10,ADAGRAD,2,0.9600303606781304,65.85620915032679,0.6568264821798258,0.9451869747071396,0.0073906437936029,0.239921099993062,0.0025498658937124,0.0009626599969542
resnet34_cifar10,ADAGRAD,3,0.865400998862896,69.41281045751634,0.6925510125154057,0.9551459802392672,0.0108571839369342,0.3814043089306433,0.0036851728159595,0.0011709528031202
resnet34_cifar10,ADAGRAD,4,0.7944146471721674,72.2326797385621,0.7216543471761006,0.9616225321460208,0.0124977519066787,0.4024335388788757,0.0039046648206594,0.0012869251891543
resnet34_cifar10,ADAGRAD,5,0.7500091700024075,73.97751633986928,0.7391512918996443,0.9657659108434348,0.0135609737646089,0.4999589713612047,0.0052881395253586,0.001354684428568
resnet34_cifar10,ADAGRAD,6,0.7129831613391053,75.39450980392158,0.7534991199736558,0.968901381905256,0.0156040405919295,0.577482312882837,0.0057600604893355,0.0014684471009564
resnet34_cifar10,ADAGRAD,7,0.6856320420807482,76.49673202614379,0.7644168341350591,0.971201841473221,0.0171544393996999,0.6734667925085314,0.0069413656709274,0.0015702890136643
resnet34_cifar10,ADAGRAD,8,0.6595098429829467,77.5926797385621,0.7756147863602791,0.9732233507058506,0.0180248227675357,0.6854582883447015,0.0068334752094934,0.0016290038373148
resnet34_cifar10,ADAGRAD,9,0.6410056088896359,78.28183006535947,0.7827365727362745,0.9746913695136804,0.0187244303645773,0.7203880652126567,0.0072009760854447,0.0016509747814446
resnet34_cifar10,ADAGRAD,10,0.6235144794058955,78.99503267973856,0.7897174278025744,0.9759754105764548,0.0201707585485521,0.7931341067610292,0.0079587913410157,0.0017219430815695
resnet34_cifar10,ADEMAMIX,1,1.5093208325342418,47.36732026143791,0.458675303852292,0.8800478757046143,0.0438739469777654,1.410936818499296,0.0190937803233326,0.0055931769309048
resnet34_cifar10,ADEMAMIX,2,1.1271473372864569,60.02300653594772,0.596410502248953,0.9302123629892748,0.0417502970248079,1.5878461881142032,0.0173151499121619,0.0041350132567781
resnet34_cifar10,ADEMAMIX,3,0.8948627450843262,68.73254901960784,0.6838708153688289,0.9544514775457528,0.0368711299143741,1.34666318995926,0.0150188716584753,0.0031009508842716
resnet34_cifar10,ADEMAMIX,4,0.7334829115923712,74.5040522875817,0.7447521832434869,0.9685252123040756,0.0451954744704769,1.517308322693427,0.0149711293759687,0.0032206645912439
resnet34_cifar10,ADEMAMIX,5,0.5831108350554323,79.56653594771242,0.7949552067555488,0.9794408620189908,0.0407009076242924,1.4416868718114697,0.0147227469584538,0.0023309302446309
resnet34_cifar10,ADEMAMIX,6,0.4468193715033187,84.42771241830067,0.8444603291037485,0.9873527637289736,0.0201669654896793,0.7358530221534136,0.007601336207656,0.001086492026757
resnet34_cifar10,ADEMAMIX,7,0.3749318328969618,87.18117647058823,0.8709011936524229,0.9915686131199344,0.0121936291931554,0.4920740671097113,0.0048633910524953,0.00078941543706
resnet34_cifar10,ADEMAMIX,8,0.2664611639720942,90.74666666666666,0.9076598711024854,0.9954420876283744,0.033462339923934,1.3764812890235736,0.0137288327471217,0.0008471480539697
resnet34_cifar10,ADEMAMIX,9,0.1564805402412523,94.637908496732,0.9466750574067088,0.9982738333947136,0.0189377008768264,0.6261828142901236,0.0060274502952414,0.0003855276110532
resnet34_cifar10,ADEMAMIX,10,0.0976987673548311,96.6729411764706,0.9668415492562724,0.9993398979624176,0.0137237521163272,0.5258572515734887,0.0051888640848417,0.0001736292391077
resnet34_cifar100,MILO,1,3.1875390742607363,21.52732026143791,0.192597489748817,0.8935825221259653,0.0328303551188769,0.6356879814072846,0.0064477663925009,0.0029648022249132
resnet34_cifar100,MILO,2,2.572529453778734,33.567581699346405,0.3181783593348123,0.9407220055811706,0.0294501952294467,0.5801333698508244,0.0057141150125388,0.0019392993506491
resnet34_cifar100,MILO,3,2.173749667797213,42.58614379084968,0.4165953555167084,0.9622030127992184,0.065078232491512,1.5559732289267247,0.0147156859783674,0.0023669288615828
resnet34_cifar100,MILO,4,1.7271629288654702,53.53986928104575,0.5315762672003699,0.977782085362264,0.0644241499083752,1.769926723995387,0.0164765246729116,0.0023229584411167
resnet34_cifar100,MILO,5,1.3037199292027093,65.0321568627451,0.6468905755131954,0.9889167857611896,0.0453110142964552,1.4358991069922515,0.0139738961314952,0.0010435462488626
resnet34_cifar100,MILO,6,0.9075638399161544,76.33359477124182,0.7625626121353811,0.9954718508026366,0.0528417306144964,1.7090711387696438,0.0173776917213672,0.0006767207978489
resnet34_cifar100,MILO,7,0.5531511524982702,87.52522875816994,0.8752372425426348,0.9986928761494858,0.0532747380231468,1.520510289345645,0.0150696418899778,0.0003354326597193
resnet34_cifar100,MILO,8,0.2996979819956948,94.76705882352942,0.9477445990596364,0.9997479692390556,0.0349939630952702,0.8146333911943369,0.0080876715588751,8.066749780717256e-05
resnet34_cifar100,MILO,9,0.1453028305102018,98.17098039215686,0.9817168597491228,0.9999559391880184,0.0214688764249305,0.4720605870329515,0.0047180447004816,1.4630947948367762e-05
resnet34_cifar100,MILO,10,0.0728508193682611,99.37411764705882,0.993720393794662,0.9999897140049728,0.0142453007317708,0.2247843076441229,0.0022571377865235,4.281259609580999e-06
resnet34_cifar100,MILO_LW,1,3.2060756059334947,20.68705882352941,0.1858766789058647,0.8936617448278739,0.0201101385461485,0.365934071773108,0.0034851922622715,0.0022971750224798
resnet34_cifar100,MILO_LW,2,2.5575158721450104,33.945098039215694,0.3273545971832228,0.9418973843725388,0.0268297801438357,0.5977119001416435,0.0062552015741359,0.0016136282505193
resnet34_cifar100,MILO_LW,3,2.104369009562723,44.14692810457517,0.4339533316430671,0.9642342722082048,0.0281493399587044,0.728874353996544,0.0068006511737012,0.0008877054324769
resnet34_cifar100,MILO_LW,4,1.695037116975722,54.37071895424837,0.5375929103774104,0.978912864998362,0.0278823126086784,0.7408402137489968,0.0085075130639991,0.0008115810422097
resnet34_cifar100,MILO_LW,5,1.3323018374636282,63.83529411764705,0.636664199564415,0.98848113377787,0.0375566445820156,1.1647928783630337,0.0118669499367261,0.0007627217921869
resnet34_cifar100,MILO_LW,6,0.908522962411868,76.41098039215686,0.7637029519157654,0.995546788103136,0.0517393569016359,1.5969780937746902,0.0153181131536126,0.0006342752413762
resnet34_cifar100,MILO_LW,7,0.5368428118475123,88.04287581699346,0.8803853593378921,0.9988225648930016,0.0319680930274644,0.9581992166655132,0.0094622195586481,0.0002062098616346
resnet34_cifar100,MILO_LW,8,0.2841074565672407,95.17019607843136,0.9517125859267116,0.999780417525178,0.0235479923914002,0.5729622766205255,0.0057385669024913,4.777857264267942e-05
resnet34_cifar100,MILO_LW,9,0.1351451945303312,98.5260130718954,0.9852638031594122,0.9999686991292532,0.012733343115008,0.1928525931582327,0.0019322187212157,5.512471264425526e-06
resnet34_cifar100,MILO_LW,10,0.0613662624886222,99.5769934640523,0.9957749430131472,0.9999912968272172,0.0060294719658815,0.0481528601091463,0.0004680809452292,3.022305428964185e-06
resnet34_cifar100,SGD,1,3.686987106004104,13.72967320261438,0.104261132984867,0.8340735455232092,0.0156097363260181,0.2683690374826792,0.0022183898732238,0.0020312228158351
resnet34_cifar100,SGD,2,3.2454292302649,21.068758169934643,0.1826440360919293,0.8869227241531241,0.0108641262606851,0.2884933855541229,0.0027243960600081,0.0012327595428589
resnet34_cifar100,SGD,3,2.886746557582282,28.42196078431373,0.2642567513918093,0.9187226008216036,0.0179328632184259,0.4306118069193672,0.0042879807659605,0.0009877911930701
resnet34_cifar100,SGD,4,2.602877550489139,33.78091503267974,0.3217867317545128,0.9379308936847,0.0219807794839577,0.5775620808155174,0.0078327193401334,0.0015272778488196
resnet34_cifar100,SGD,5,2.2946435720979776,40.332026143790856,0.3901213095620675,0.9561802560888096,0.020829893439242,0.5227496579828474,0.0050439968349806,0.0008544655070173
resnet34_cifar100,SGD,6,2.053984748703203,45.49490196078432,0.4459548725440291,0.9670027498997772,0.0414121389691048,1.097262221201145,0.0116740954261872,0.0013710479928827
resnet34_cifar100,SGD,7,1.8231514118219516,50.73254901960784,0.5035326794090649,0.9765709610375652,0.0258301242433636,0.9074288735178244,0.0083163537101073,0.0006115114698335
resnet34_cifar100,SGD,8,1.5036636565875383,58.71372549019608,0.5832236856380633,0.9851969095341612,0.0274179178269343,0.926895650090915,0.010084767080874,0.0005924525926593
resnet34_cifar100,SGD,9,1.2497769562528025,65.53254901960784,0.653646161227454,0.990968502546666,0.0346527963828825,1.1176592591926675,0.0109449073654906,0.0006062341906221
resnet34_cifar100,SGD,10,1.1062247503885256,68.86849673202614,0.6898037461991489,0.9937029833803074,0.0387612998293816,1.2964103016453976,0.0124237472506171,0.000626700988852
resnet34_cifar100,ADAMW,1,3.715906946862913,11.961830065359475,0.0866595882085556,0.837504640666314,0.0253938871613795,0.2798113642972729,0.0027615822624667,0.003006609742725
resnet34_cifar100,ADAMW,2,3.0975351655922685,22.954771241830063,0.2029856096517702,0.904693573354358,0.028193598424228,0.5605233635740735,0.0057988940680509,0.0023086895070143
resnet34_cifar100,ADAMW,3,2.5934883828805164,32.382745098039216,0.3029653193605033,0.9415669682524612,0.0422380078800464,0.8601726751393761,0.0101304296647388,0.0023863486242597
resnet34_cifar100,ADAMW,4,2.1382454962113324,42.62117647058823,0.4146895923449876,0.9630755548747229,0.066668624884387,1.17591231488993,0.0130751714809333,0.0026075268600889
resnet34_cifar100,ADAMW,5,1.7677968496447296,50.90875816993464,0.498046564070543,0.9763608881845868,0.0169221810969054,0.3020016382967817,0.002742174876484,0.0006318587934339
resnet34_cifar100,ADAMW,6,1.4326976476208055,59.08339869281046,0.5856067810640291,0.9855129956348516,0.0273187796733817,0.6956904500369616,0.0070168237914158,0.00069350170571
resnet34_cifar100,ADAMW,7,1.124023059969634,66.99137254901962,0.6674218754827206,0.9920506935945343,0.021683402653491,0.6815598526277172,0.00743557579027,0.0003610188203528
resnet34_cifar100,ADAMW,8,0.8153192944676269,75.49437908496732,0.7523562971394226,0.9960975402266504,0.0334210701230223,1.0179482387485743,0.0098755749641063,0.0003472530391589
resnet34_cifar100,ADAMW,9,0.5700683020756915,82.59032679738563,0.824931575736181,0.9982355924818508,0.0310320831964547,0.9603082365026314,0.0094612703835422,0.0002529682650707
resnet34_cifar100,ADAMW,10,0.3918969075801325,87.99424836601307,0.8799048785330743,0.9991587132218406,0.0203802609486669,0.6575589066121098,0.006516279321407,0.0001080276350559
resnet34_cifar100,ADAM_MINI,1,3.936675312189339,10.903006535947714,0.0783016995214831,0.8252441118058679,0.1935176452408487,0.618217794887451,0.0056544682895362,0.0104144211951198
resnet34_cifar100,ADAM_MINI,2,3.159705380411085,22.162091503267977,0.1935161223416111,0.9018276380714348,0.0460363995470228,0.7502252214272491,0.0080634661842491,0.0028596380083169
resnet34_cifar100,ADAM_MINI,3,2.6324142154145087,32.153725490196074,0.3032017823783423,0.9394183068611116,0.0196713762955372,0.3082988176489355,0.0020657622835134,0.0011662935951779
resnet34_cifar100,ADAM_MINI,4,2.1681517264222787,41.7840522875817,0.4060150202885353,0.9621246202190484,0.0342153704623425,0.783865056854175,0.0088332178544764,0.0011953636074827
resnet34_cifar100,ADAM_MINI,5,1.8178818860371908,49.803921568627445,0.490629042347093,0.9753252493718392,0.0179775496521201,0.4740973017505904,0.0053933946300882,0.0003370707235032
resnet34_cifar100,ADAM_MINI,6,1.500583353523803,57.22666666666667,0.5661241420004701,0.984559744693544,0.0486583442895933,1.4310604369182045,0.0142229572854774,0.0010595163249084
resnet34_cifar100,ADAM_MINI,7,1.1714321100958034,65.89647058823529,0.6541691512655681,0.9910359171094558,0.0194945854099962,0.533541289714603,0.005659410180378,0.0003777061520088
resnet34_cifar100,ADAM_MINI,8,0.947265950834985,72.56261437908498,0.723032367430866,0.9937299104363064,0.038114852828185,1.2783355083883454,0.012506182922623,0.0005953857790014
resnet34_cifar100,ADAM_MINI,9,0.6446363266044193,80.45542483660131,0.8036561741444703,0.9977662074199648,0.0409464928890713,1.402057013319196,0.0142239368843032,0.0002693714211484
resnet34_cifar100,ADAM_MINI,10,0.4831313136789534,85.47660130718955,0.8546071240305155,0.9982039130576826,0.0333320597876749,0.8108088633323525,0.0085976138155528,0.0005258429229309
resnet34_cifar100,NOVOGRAD,1,3.96765625557993,9.94875816993464,0.0666280622383329,0.7895622826176973,0.0217843561397274,0.2163698417323792,0.0017721552685493,0.0029825334384541
resnet34_cifar100,NOVOGRAD,2,3.46194204270606,17.67372549019608,0.1465518729226455,0.8635474264069124,0.0042635081247026,0.3459934906593239,0.0035738293678916,0.0009672847000812
resnet34_cifar100,NOVOGRAD,3,3.069541883161956,25.190065359477124,0.2292593331817756,0.9022977243115284,0.0105449154084917,0.3789554883678621,0.0046104500893971,0.0009472423211626
resnet34_cifar100,NOVOGRAD,4,2.740292692301632,31.208366013071892,0.2907250502727374,0.9284300481754736,0.0095691579695059,0.2919061666578063,0.0039773206173799,0.0005223302765978
resnet34_cifar100,NOVOGRAD,5,2.49271125807918,36.35869281045751,0.3495493441747211,0.944789381066338,0.0100472732568219,0.2353339109415129,0.0030335839976987,0.000306975218852
resnet34_cifar100,NOVOGRAD,6,2.215341345155005,42.479477124183006,0.4131739339469596,0.959131257271269,0.0103807759249808,0.3167389045943453,0.0044043365417702,0.0005661493287739
resnet34_cifar100,NOVOGRAD,7,1.9598103864682264,48.11555555555556,0.4733367280485477,0.9697872990514184,0.0152366891479889,0.686838933784351,0.0083901604870885,0.0006067028679527
resnet34_cifar100,NOVOGRAD,8,1.6946111857682271,54.70117647058824,0.5415326638967517,0.9792673603378358,0.0243345571072776,0.5657116436883018,0.0044194352872848,0.0005963561840922
resnet34_cifar100,NOVOGRAD,9,1.4256820547777065,62.0162091503268,0.6160814850614529,0.9867814283921136,0.0158657781163738,0.6741750195161779,0.0070685039636503,0.0003773765316864
resnet34_cifar100,NOVOGRAD,10,1.1185199421028686,70.24575163398694,0.6996772670938878,0.9927310434996428,0.0264769126958631,1.0460940615837189,0.0104269989810513,0.0002976361516193
resnet34_cifar100,ADAGRAD,1,3.511115198048112,17.43372549019608,0.1402786806260463,0.8566411153247989,0.0279317721076906,0.6223702795234024,0.0066705237059908,0.003621331413858
resnet34_cifar100,ADAGRAD,2,3.430390708225225,19.075032679738563,0.158144867603745,0.8658907381368051,0.0281836632748596,0.6112267340202407,0.0069649795841659,0.0035255369072684
resnet34_cifar100,ADAGRAD,3,3.39507582570743,19.74954248366013,0.1654271713071671,0.8697992010909099,0.0283101529206051,0.5990970465083547,0.0065410985766338,0.003432505511321
resnet34_cifar100,ADAGRAD,4,3.3752466827417518,20.0878431372549,0.1689049150654464,0.8720343482304911,0.02882317759847,0.5875566746399576,0.0065503008556489,0.0034540095720179
resnet34_cifar100,ADAGRAD,5,3.362228330514945,20.33045751633987,0.171640112871286,0.8734445473320953,0.0288456321769439,0.6111653395952776,0.0066764667293209,0.0034182937978204
resnet34_cifar100,ADAGRAD,6,3.352024254418666,20.531764705882352,0.1738805149312888,0.8746223098246941,0.0289490795914645,0.5924073400044034,0.0066583701954058,0.003368914660824
resnet34_cifar100,ADAGRAD,7,3.344889157012241,20.68496732026144,0.1756470130417969,0.8753653286481337,0.0287380549238294,0.5585943802625474,0.0062103968856684,0.0033201506929292
resnet34_cifar100,ADAGRAD,8,3.3402319440530013,20.764444444444443,0.1765404144302751,0.8758823564837771,0.0285954758420292,0.574760762218639,0.0064233848554251,0.0033079082617375
resnet34_cifar100,ADAGRAD,9,3.3342125038969748,20.91294117647059,0.178198958122148,0.8765318044122259,0.0287720183503516,0.5815535691611673,0.0063971019628546,0.0033169079529864
resnet34_cifar100,ADAGRAD,10,3.329517078910777,20.997124183006537,0.1791992049700066,0.8770230081953917,0.0288533880165042,0.5831721679195854,0.0062931531653823,0.003317829739736
resnet34_cifar100,ADEMAMIX,1,3.592942455817828,13.773071895424836,0.1071658856389224,0.8507420168594001,0.0104154198016119,0.308297709148044,0.0041213406793479,0.0015534639342946
resnet34_cifar100,ADEMAMIX,2,3.047648222986857,23.65281045751634,0.2128459404980917,0.9094844410957348,0.0128477892001036,0.368849328303061,0.0050719037881659,0.00128716426984
resnet34_cifar100,ADEMAMIX,3,2.6328643565308814,32.95058823529412,0.3105958385299812,0.93933488574278,0.0382431473217736,0.4422657866211619,0.0037932866426728,0.0020675037381451
resnet34_cifar100,ADEMAMIX,4,2.127813232369516,43.18326797385621,0.4199752633986532,0.9628083727775976,0.0395320343087326,0.8663717003148813,0.0100964565169213,0.0017127382702115
resnet34_cifar100,ADEMAMIX,5,1.7811694806603824,51.25647058823529,0.5066133773716673,0.975689801477631,0.0559536621570389,1.436935761290417,0.0131005090139897,0.0018210677214
resnet34_cifar100,ADEMAMIX,6,1.422700753538593,60.88993464052288,0.6052147025266444,0.984794258011068,0.0473640634485323,0.7885197028605613,0.0076780630067498,0.001197439716711
resnet34_cifar100,ADEMAMIX,7,1.0514065213658452,70.26039215686274,0.7001650911214694,0.9920706374461672,0.039870302411091,1.1795557514108816,0.0117843866151608,0.0005782329326857
resnet34_cifar100,ADEMAMIX,8,0.7152045917741614,79.66954248366014,0.7957787961369397,0.9960273913728004,0.0389024341114719,1.1323873293592832,0.0116620488470927,0.0005091920325758
resnet34_cifar100,ADEMAMIX,9,0.4173165782744588,88.4653594771242,0.8845090009013056,0.9984291581852944,0.0223632714271799,0.7383975755226896,0.007437864906361,0.0003268591797224
resnet34_cifar100,ADEMAMIX,10,0.2289940771433262,94.16470588235292,0.9418215951239072,0.99914262574901,0.0164378177541525,0.3818819511280634,0.0038079866020527,0.0002479373061942
simple_vit,MILO,1,1.683732763267966,38.01202614379085,0.3701202589797788,0.8311156019728857,0.0072544091277594,0.3976492073869933,0.004359683604692,0.0005972532764803
simple_vit,MILO,2,1.5911028140685135,41.92366013071896,0.4144052749480076,0.85191914138105,0.0064364819694239,0.267779811778676,0.0038301127688513,0.000705626165991
simple_vit,MILO,3,1.5166870840110032,44.949542483660125,0.4439355664884096,0.8655130012387598,0.0045463283183492,0.0694874223025997,0.0014133500144089,0.00104120863937
simple_vit,MILO,4,1.479716966399648,46.296470588235294,0.459116075592657,0.8737148373852982,0.0065683607268839,0.3477405266539525,0.0056987809886598,0.0009750908350801
simple_vit,MILO,5,1.440736125398773,47.94771241830066,0.475800188785705,0.8798901520035839,0.0036373110443418,0.1233781970350094,0.00200185015328,0.0008370214672468
simple_vit,MILO,6,1.4155617738885815,48.8324183006536,0.486739411805166,0.8844308235128787,0.0081502393627967,0.2388426678459423,0.0016361167445771,0.0011470855500126
simple_vit,MILO,7,1.3860123658710055,49.944575163398696,0.4979484613550441,0.8890776584004474,0.0073779693367246,0.1940556226695042,0.0020196888495124,0.00131694297672
simple_vit,MILO,8,1.3787533123739406,50.06901960784314,0.4971839785486958,0.8918221692711221,0.0094933990190564,0.3329723535600128,0.0029009788545529,0.0013511491810624
simple_vit,MILO,9,1.3685965759676264,50.420915032679744,0.5019829204562279,0.8946381255004473,0.0077002534492673,0.2673271328838633,0.0023242844224339,0.0010552853982728
simple_vit,MILO,10,1.337523641959047,51.59006535947712,0.5137969487364821,0.8976773815648993,0.0061083263979254,0.1860868679947268,0.0021998941616157,0.0010654994612963
simple_vit,MILO_LW,1,1.675965803411895,38.63895424836601,0.3764883126230522,0.8324967006574024,0.0094975211623764,0.3823341484683952,0.005668194819905,0.0024194828619441
simple_vit,MILO_LW,2,1.5779219724542954,42.60444444444445,0.422233555573148,0.8536991075412231,0.0118204352638596,0.3911659812616724,0.0029780434271476,0.002341483113625
simple_vit,MILO_LW,3,1.5090157934587765,45.523137254901954,0.4509296685676466,0.8662600831847292,0.0108131112653329,0.4515423987039658,0.0046973758829302,0.0019270641367085
simple_vit,MILO_LW,4,1.4637866396897758,47.19424836601307,0.4698827422437974,0.8748661573253006,0.0090628102576391,0.3706350560041548,0.0038879536069416,0.0017354439860532
simple_vit,MILO_LW,5,1.432406314189138,48.21176470588236,0.4795465044508016,0.8808409244064416,0.0090475452392452,0.3029432564036586,0.0029835857228113,0.0017346423217406
simple_vit,MILO_LW,6,1.4074932845533286,49.365228758169934,0.4912974677008678,0.8854441019733118,0.0072729302893135,0.2364378881707022,0.0011107323058239,0.001368005996527
simple_vit,MILO_LW,7,1.3868234708885745,50.061699346405234,0.4976098605608499,0.8893528142228655,0.0094174472599907,0.3870142988255183,0.004949125298401,0.0013845353823744
simple_vit,MILO_LW,8,1.3640346805385517,51.02954248366014,0.5102652578475714,0.8928749807635075,0.0073543681654155,0.2230302878339589,0.0021236359860474,0.0012599321242382
simple_vit,MILO_LW,9,1.3452365083071145,51.64496732026144,0.5148264746531059,0.8959264487923775,0.007954175985054,0.2865464432026574,0.0029035234414224,0.0012373573781927
simple_vit,MILO_LW,10,1.3312289049023895,52.21281045751634,0.521138634618317,0.8981704326610759,0.0102061092292568,0.4291697371078005,0.0050738114764474,0.0012554869099098
simple_vit,SGD,1,1.848556377039392,32.06849673202614,0.3070196734704546,0.78666879091257,0.0098966227452203,0.3629615087836085,0.0047183236129358,0.0026532279807813
simple_vit,SGD,2,1.7258055220435646,36.6316339869281,0.3592132043396639,0.8183880764873367,0.0070626466475677,0.3341955783796131,0.0036508539264495,0.0014493230419625
simple_vit,SGD,3,1.6603561867757564,39.422745098039215,0.3874007758349139,0.8338250148021566,0.0060752902589579,0.3361784513170161,0.0022688546888088,0.0015782593128277
simple_vit,SGD,4,1.603713299610412,41.43267973856209,0.4071658602466971,0.8471086203850253,0.0105277694057443,0.5177480590712519,0.0045261222283708,0.0017774395467846
simple_vit,SGD,5,1.5587750759935066,43.5278431372549,0.4342321216130137,0.856692467415837,0.0077432108636135,0.3618971187255331,0.0039410145738416,0.0014790406489612
simple_vit,SGD,6,1.5078570841097363,45.295686274509805,0.4502224082098953,0.8664029266220442,0.0081672714789033,0.378219069665838,0.0038383427487448,0.0014114542732572
simple_vit,SGD,7,1.4847588103774323,46.24522875816994,0.4618945832428463,0.8719547593335462,0.0073591200415892,0.3150553513389024,0.0037629358276561,0.0010054390850088
simple_vit,SGD,8,1.4493725955152823,47.24235294117646,0.4679452639803673,0.878453361712571,0.0089498224330582,0.4528187594523407,0.0053150034851298,0.0011447802535675
simple_vit,SGD,9,1.4203910137139113,48.48104575163399,0.4813142969560348,0.8835275331772785,0.0107363266266429,0.4486071875613286,0.0050949571880447,0.0010020200683268
simple_vit,SGD,10,1.3909524623334797,49.64967320261437,0.4953172287376325,0.8880668271410548,0.0054636760563817,0.2069904818885741,0.0022595457842116,0.0007003732346854
simple_vit,ADAMW,1,1.4811310792511585,45.730196078431376,0.4440973818397819,0.8761603040741506,0.0091714532449405,0.6272327507204981,0.0106520612244545,0.0010056439126754
simple_vit,ADAMW,2,1.25733962084577,54.23895424836601,0.535163403251455,0.9113492787540276,0.0043654674158167,0.3421228454102663,0.0049292146183183,0.0003608573863761
simple_vit,ADAMW,3,1.1109036245931985,59.84261437908496,0.5919733019577331,0.9294001809131636,0.0070944597932712,0.346137669515212,0.0046503864716561,0.0008282813958969
simple_vit,ADAMW,4,1.0170963752042237,63.0086274509804,0.6259903576923491,0.9412059473080144,0.0111994106717994,0.4900593447644057,0.0059821191222199,0.0007705674111059
simple_vit,ADAMW,5,0.952714270600462,65.62509803921569,0.6547821586198082,0.9484885812081164,0.0061605587614889,0.2818569839327863,0.002861720060762,0.0007565658959815
simple_vit,ADAMW,6,0.8694715974882538,68.89307189542484,0.6883111100689435,0.9566983800956772,0.0135872618532473,0.5064077257067412,0.0054605805779674,0.000932084211222
simple_vit,ADAMW,7,0.7935700808456521,71.44575163398693,0.7124895442317077,0.963758645250385,0.008245940687613,0.3512562054507475,0.0040680029843312,0.0005129474900476
simple_vit,ADAMW,8,0.7289289602279664,73.93882352941175,0.7389180805851991,0.9690241457373968,0.0061110361758309,0.2322528212448781,0.0024823686875439,0.0006219691101784
simple_vit,ADAMW,9,0.6863893666423224,75.38248366013072,0.7530943134531659,0.9729158432608038,0.0162845769601976,0.6169000704767053,0.0061405418311656,0.0012183162069217
simple_vit,ADAMW,10,0.6084228572546266,78.56575163398693,0.7852158310881078,0.9779295534444584,0.0035260173360701,0.1081278870945602,0.0016411018261052,0.0002856326352583
simple_vit,ADAM_MINI,1,2.039722151232701,24.93228758169935,0.2234618718800186,0.7256691676786776,0.0013860948927815,0.098512495973651,0.0033443531641976,0.0022123856229067
simple_vit,ADAM_MINI,2,1.9796560177235825,27.12470588235294,0.2539184973058422,0.7457671774104482,0.0018092403667768,0.1751075903681411,0.0025774183581796,0.0008327996962356
simple_vit,ADAM_MINI,3,1.9509633102367123,28.129150326797383,0.2627788522825465,0.7559071117657213,0.0032348397346811,0.2148927371078485,0.0037780205678402,0.0006235280660421
simple_vit,ADAM_MINI,4,1.9259092334847048,29.130457516339867,0.2708899714207698,0.7634176769101281,0.0032064437589772,0.1953758217763978,0.0040556416873485,0.0008162859401264
simple_vit,ADAM_MINI,5,1.9072923058029871,29.830065359477125,0.2801769482856148,0.7694862125927793,0.0024888237745185,0.1634311078958533,0.0020816900449743,0.0007626147778079
simple_vit,ADAM_MINI,6,1.8868713776170816,30.63529411764706,0.2922355935786561,0.7753219381984648,0.0026255323597598,0.1615021967202737,0.002736343875541,0.0010305250223114
simple_vit,ADAM_MINI,7,1.8667465064653384,31.443137254901963,0.3005069418635757,0.7813928527340261,0.0034142983875974,0.1411885736763102,0.0022625455196933,0.0012099788751262
simple_vit,ADAM_MINI,8,1.846524611767289,32.13124183006536,0.3114933445174568,0.7872080667262871,0.0058407922510143,0.1954524211629071,0.0025828987380703,0.001754279026476
simple_vit,ADAM_MINI,9,1.8299045094384088,32.700653594771246,0.3177283637616711,0.7925911366482795,0.0081007648264501,0.2392963898296092,0.0028349452053094,0.0020638927322884
simple_vit,ADAM_MINI,10,1.8140384824840072,33.323921568627455,0.3230819705103565,0.7967556680920487,0.0065559373202904,0.1956188077077502,0.0036309227995761,0.0017993116960452
simple_vit,NOVOGRAD,1,1.7689814292957582,34.42823529411765,0.3307238475314171,0.8095498541396984,0.0039885966131313,0.3292118908094983,0.0051852464571466,0.0014444510639536
simple_vit,NOVOGRAD,2,1.6519872755985634,39.5126797385621,0.388570247293698,0.8380148547601733,0.0050299083762587,0.1834124350224369,0.001899569005217,0.0011119139155201
simple_vit,NOVOGRAD,3,1.5762313653783862,42.57359477124183,0.4198821422153272,0.855671507170805,0.0088089055248962,0.2422608422559179,0.0022976196489701,0.0010703731919722
simple_vit,NOVOGRAD,4,1.5015917613110512,45.56183006535947,0.4491224910122633,0.8689029619278115,0.0043552044898444,0.115824960259489,0.0020062593244037,0.0006139941680135
simple_vit,NOVOGRAD,5,1.4561780112509637,47.013333333333335,0.4660061652000068,0.8778718117519586,0.0113628888106525,0.5000129692025544,0.0058039394573435,0.0009114764663012
simple_vit,NOVOGRAD,6,1.4138054610445612,48.56836601307189,0.480077093800187,0.8864001302111332,0.0113141544502935,0.5310212603703882,0.0062244756572276,0.0008023359590094
simple_vit,NOVOGRAD,7,1.3720099537905526,50.30745098039215,0.5012155326337628,0.8922067341027196,0.0044309973848713,0.1667527139147433,0.0013059245860995,0.000624656359714
simple_vit,NOVOGRAD,8,1.326777454042123,51.85934640522876,0.5140922219525766,0.8988113193659085,0.0062343629794724,0.3009732883991331,0.002927162897697,0.000855572908229
simple_vit,NOVOGRAD,9,1.2990113797892155,52.73307189542484,0.5251442300100598,0.9039276484786872,0.0093608106775592,0.5149242445818271,0.0058759793359714,0.000777463746025
simple_vit,NOVOGRAD,10,1.2660796394248417,54.1437908496732,0.5378432120693574,0.908317932433044,0.009524884652006,0.3767772897384149,0.0043139044186595,0.0006864229117279
simple_vit,ADAGRAD,1,1.8337421369240956,32.9359477124183,0.3188688267488092,0.7901289904249337,0.008476837174026,0.1935382299059597,0.0030272494639324,0.0022373266701714
simple_vit,ADAGRAD,2,1.812402441244188,33.715555555555554,0.3286337804558593,0.795627239620526,0.0084775591136535,0.1748302362777609,0.0020862906374981,0.0022085946247499
simple_vit,ADAGRAD,3,1.803068402295331,33.97960784313725,0.3315205819042869,0.7980132074157268,0.0084325505794094,0.20025939008151,0.0023546069682314,0.00216332312136
simple_vit,ADAGRAD,4,1.7975722372354244,34.15843137254902,0.3334909567764836,0.7994072703322193,0.0084183898694632,0.2122943429168952,0.0024851564984062,0.0021546806627585
simple_vit,ADAGRAD,5,1.7940546474257328,34.29071895424836,0.3350269974903191,0.8003286002037182,0.0083710860794635,0.2096715726958954,0.0024654509626855,0.0021396216288498
simple_vit,ADAGRAD,6,1.7915584547828225,34.391633986928106,0.336105274810032,0.800991539707049,0.0084296361745328,0.2115392974474501,0.0025293950546387,0.0021427584092086
simple_vit,ADAGRAD,7,1.7895011397554983,34.46745098039216,0.3368717367935774,0.8015139677673563,0.0084269183059253,0.2092065283966373,0.0025185518640688,0.0021407817371065
simple_vit,ADAGRAD,8,1.7878980155321509,34.52339869281046,0.3375434725616882,0.8019235645391986,0.0084379978057754,0.2001398972464496,0.0024038744878613,0.0021424160178747
simple_vit,ADAGRAD,9,1.7865868663837703,34.58352941176471,0.3381512490077801,0.8022611865578956,0.0084305190347047,0.2065481919097497,0.0024681941347619,0.0021406710564293
simple_vit,ADAGRAD,10,1.785442840076272,34.63581699346405,0.3387010651128957,0.8025473349631561,0.0084386979560975,0.2035011587259454,0.0024571804722307,0.002139964739439
simple_vit,ADEMAMIX,1,1.5475342651554185,42.91660130718954,0.4126352050197351,0.8635258832690121,0.0100155476368358,0.5649222533918199,0.0072114412806245,0.0020959800202851
simple_vit,ADEMAMIX,2,1.2766107000887004,53.69830065359478,0.5305244287067674,0.907157300022764,0.0123830393003538,0.4429313729227448,0.0053216078353247,0.0014162337320908
simple_vit,ADEMAMIX,3,1.133008690951229,59.011241830065366,0.5854171039923155,0.9258083442977716,0.0111761588024431,0.4680040885549847,0.0057179732606547,0.0011082841759797
simple_vit,ADEMAMIX,4,1.0478267835243074,61.96287581699346,0.6183383559770255,0.9372518938039692,0.0060431564660113,0.2283228724904011,0.002056676734708,0.0007872614026998
simple_vit,ADEMAMIX,5,0.9810953507585464,64.5281045751634,0.6430210497337316,0.9455410003464966,0.009350925844518,0.3972393951813283,0.0053320580244249,0.0008717048870571
simple_vit,ADEMAMIX,6,0.9057884552388408,67.22718954248367,0.6709158345435896,0.9534454452451768,0.013047172167325,0.5307425217729972,0.0061900018720951,0.0009926096220328
simple_vit,ADEMAMIX,7,0.8175820630329108,70.67032679738561,0.7042691124567451,0.9610293926451036,0.0123847886872824,0.4618850987191676,0.004400312716386,0.0008087152791728
simple_vit,ADEMAMIX,8,0.7627004469522464,72.62954248366013,0.721896753348046,0.9659498746684022,0.0084711407547535,0.3607003786043113,0.0044068545160823,0.0006091734120966
simple_vit,ADEMAMIX,9,0.7102235899650973,74.57830065359477,0.7448587530012168,0.9700771610435353,0.0074311175251049,0.2851152701022928,0.0030912261257057,0.0004964234985708
simple_vit,ADEMAMIX,10,0.6513417587504667,76.88313725490195,0.7681454287329608,0.9749789248831016,0.0097300568686213,0.4506171882141006,0.0045377247772931,0.0007370396589701
vgg11_cifar10,MILO,1,1.1386956370110606,58.334640522875816,0.5783066859301513,0.9289458331492882,0.0275049010534777,1.1438597178146646,0.0140812923168314,0.0027052637331327
vgg11_cifar10,MILO,2,0.7791705035970101,72.35450980392156,0.7209447355486175,0.9648910332790892,0.0123053630292911,0.5024014949859585,0.00455749966997,0.0008097283189317
vgg11_cifar10,MILO,3,0.5661225674114976,80.17777777777778,0.7985221350092113,0.981815403741656,0.0277009379579622,1.139038793221541,0.0123908957206117,0.0010698421481399
vgg11_cifar10,MILO,4,0.3859878066137724,86.62692810457517,0.8660868471182436,0.991813374327712,0.0271307400474385,1.169527924338713,0.0121697354313305,0.0007148851256762
vgg11_cifar10,MILO,5,0.2313942013611201,92.20078431372548,0.9211432673308646,0.9966866655675528,0.0267001358226267,1.126691652986322,0.011836062657506,0.0006096304463866
vgg11_cifar10,MILO,6,0.1348838781819624,95.56130718954248,0.9555461531239036,0.9990375802384268,0.0184966466262277,0.6916193485232612,0.0070227264433992,0.0001252429201459
vgg11_cifar10,MILO,7,0.1149505617524284,96.19764705882352,0.9624517376428944,0.9992702959814072,0.0266818927016153,0.8676121775788259,0.0083129181795026,0.0003122171554874
vgg11_cifar10,MILO,8,0.0428074603410474,98.5997385620915,0.9859821040451764,0.999877235580018,0.0061572432221564,0.2258309067533532,0.0022775117328911,2.0146403872951738e-05
vgg11_cifar10,MILO,9,0.0332066797565352,98.91660130718954,0.9891979941695188,0.999925939091468,0.0085690791999378,0.3191723244625164,0.0031724868928294,3.6364956351101575e-05
vgg11_cifar10,MILO,10,0.0373525668499126,98.71267973856207,0.9871031858895312,0.9999497141166984,0.0051786505816481,0.1760442198593657,0.001774438758656,1.1727759268046752e-05
vgg11_cifar10,MILO_LW,1,1.133799064373191,58.39477124183007,0.5811803951403978,0.93020258632758,0.0510732598741411,1.893081445231821,0.0211057557212811,0.0039368118369026
vgg11_cifar10,MILO_LW,2,0.7802106570910785,72.49307189542483,0.7228409644238287,0.964357098165716,0.0243066173518253,0.898091007059417,0.0093939241990279,0.0017976719025328
vgg11_cifar10,MILO_LW,3,0.5636730247326146,80.21856209150327,0.8025956446103978,0.9818963141990598,0.022600685456861,0.8757079631675689,0.0091547175415466,0.0009277912486411
vgg11_cifar10,MILO_LW,4,0.3959953421006795,86.16732026143791,0.8618960682603113,0.9914868967833496,0.0270190645044357,1.037204285226471,0.0100351491130368,0.0008198399130595
vgg11_cifar10,MILO_LW,5,0.2314456886447333,92.23111111111112,0.921812296544038,0.996881829267347,0.019859293968016,0.7188989164685269,0.00711575132064,0.0003689298336205
vgg11_cifar10,MILO_LW,6,0.2093291333429953,93.64549019607844,0.9355319560434896,0.9984122553995064,0.0649060142915175,1.4124003894422226,0.015311112871575,0.0005139177230672
vgg11_cifar10,MILO_LW,7,0.0848014533863348,97.15816993464054,0.9717859325454004,0.9994699016575708,0.0240402049615716,0.9239220864726267,0.0090258997653334,0.0002981531787503
vgg11_cifar10,MILO_LW,8,0.0403540380458231,98.72261437908496,0.9872227176274058,0.999878287629385,0.0084038072897221,0.2943686365528722,0.0029439580390807,5.2770420216741976e-05
vgg11_cifar10,MILO_LW,9,0.0441066405285515,98.61281045751636,0.9861416908872446,0.999935147909228,0.0145862813048987,0.450448184594126,0.0045242135784292,2.799845946029691e-05
vgg11_cifar10,MILO_LW,10,0.0220906840827876,99.26169934640522,0.9926242351961476,0.9999765595659096,0.0045971495232488,0.1708824248128356,0.0017082045985006,8.290011010092244e-06
vgg11_cifar10,SGD,1,1.5948804634094238,42.06901960784314,0.3973378567056418,0.8559733161594728,0.005447897996699,0.2042875883908712,0.0047827831654146,0.0013489861653565
vgg11_cifar10,SGD,2,1.2509090148726318,54.5526797385621,0.5398655534794315,0.9097362518653856,0.0067126793002504,0.2738274744311513,0.0034209109968172,0.0007519386522354
vgg11_cifar10,SGD,3,1.0101127574608997,63.256993464052286,0.6254980910084547,0.939662223192384,0.0034930544030463,0.1849336443627629,0.0027911120504655,0.0003554725163611
vgg11_cifar10,SGD,4,0.8320461253883012,70.1349019607843,0.6985809974087205,0.9594385713062348,0.0102599829290613,0.4171221962047884,0.0054810796025439,0.0006907498726212
vgg11_cifar10,SGD,5,0.6601004611457875,76.67816993464052,0.7653928912694014,0.9742637953505268,0.009800104935301,0.5077152453762439,0.0050102772242692,0.0004530144797376
vgg11_cifar10,SGD,6,0.5316790744360755,81.22928104575163,0.8092151118959796,0.984319909471026,0.0255171228299472,1.1499141862497348,0.0126959510146774,0.0006879712812518
vgg11_cifar10,SGD,7,0.3881617256083519,86.62169934640522,0.864340082614766,0.9917901155046296,0.0176827761357612,0.7598743069514209,0.0073025372466412,0.0004921072599463
vgg11_cifar10,SGD,8,0.3149894673244626,89.0562091503268,0.8906962955291174,0.994940534734872,0.0323406741122506,1.3280945396152148,0.0131872813175789,0.0007213336698825
vgg11_cifar10,SGD,9,0.1927846314375696,93.66222222222224,0.9367368633007028,0.9983802385430056,0.0237844881564342,1.1271174347956108,0.0111354496360234,0.0002688130989419
vgg11_cifar10,SGD,10,0.1040351181179869,97.08026143790848,0.970791818639234,0.99953058571113,0.0116557189089981,0.4736252040034571,0.0047544375897265,8.75342250384063e-05
vgg11_cifar10,ADAMW,1,1.7362364243326625,31.90797385620915,0.2671636661826779,0.8248506042125398,0.0234144589126143,0.7695363440414735,0.0106640024285906,0.0033966694745968
vgg11_cifar10,ADAMW,2,1.3476963998221103,48.74980392156863,0.4617532897122877,0.8974887539494792,0.0257541159915738,1.4738670550156707,0.0211085822684435,0.0035881632688486
vgg11_cifar10,ADAMW,3,1.0569436459192263,62.73516339869282,0.6196798645281476,0.9362688395063342,0.0292857202411801,1.1050023229429244,0.0111707601455896,0.0030677700116963
vgg11_cifar10,ADAMW,4,0.8715384310984143,69.62091503267973,0.6916463049986465,0.9556295755818864,0.0200656045475437,1.0300869245610969,0.0132053548250098,0.0017416541926413
vgg11_cifar10,ADAMW,5,0.7911699668566385,73.20575163398692,0.7335512399792872,0.9645076823072308,0.0256267308078914,0.6888789174657535,0.0059290613431015,0.0015610276983018
vgg11_cifar10,ADAMW,6,0.7222007737994972,75.18169934640522,0.7489532703245657,0.9708459463219644,0.0241408411072352,0.8562636314553098,0.0106236415113908,0.0016612201776543
vgg11_cifar10,ADAMW,7,0.5956669348358329,79.6245751633987,0.7953205274162125,0.9785417801152492,0.0228801810579744,0.828606654053477,0.0095220078626297,0.0015220785774068
vgg11_cifar10,ADAMW,8,0.5114051928273993,82.90352941176471,0.8314771440693731,0.9846276063571088,0.0175781422599727,0.646334895755333,0.0064973319378513,0.0007657809223497
vgg11_cifar10,ADAMW,9,0.4437579240091486,85.10901960784312,0.852435123101054,0.9882192793035812,0.0103359372545388,0.420265320833056,0.0036450502747118,0.0003780012058934
vgg11_cifar10,ADAMW,10,0.3960304013803893,86.66248366013072,0.8654467850175467,0.990458410609196,0.0217633973360181,0.8362791863521026,0.009020595080823,0.000922314297053
vgg11_cifar10,ADAM_MINI,1,1.8849413717207568,23.480261437908496,0.149367695779774,0.7729521371593404,0.0554775749040775,0.9784148775466126,0.0106399116293715,0.0063664883191217
vgg11_cifar10,ADAM_MINI,2,1.705759834634868,29.734379084967323,0.2102577664255857,0.8130735540102838,0.0309454903947856,1.2048018185293945,0.0127894191562485,0.009643504911793
vgg11_cifar10,ADAM_MINI,3,1.5417418869779,37.93307189542484,0.3249064412503349,0.8417369265937001,0.0401313563703126,3.3304503847149003,0.0464294571681327,0.0144142929888907
vgg11_cifar10,ADAM_MINI,4,1.4045463521595871,45.63555555555556,0.4123359967677883,0.8722742448717146,0.0839779689447829,5.12030629663931,0.0652553182516187,0.0182261197129951
vgg11_cifar10,ADAM_MINI,5,1.2522924486546736,53.06614379084967,0.5075615479521484,0.9013809374290672,0.0915817912775127,4.489326429660221,0.0498701201784852,0.0144439289043601
vgg11_cifar10,ADAM_MINI,6,1.088173175415338,60.64470588235295,0.5995626198010723,0.9252285425315602,0.0726876668970065,3.141569103376068,0.0332499477747291,0.0107951784112216
vgg11_cifar10,ADAM_MINI,7,0.9585634891123554,67.26797385620914,0.6646634230148019,0.9456913868300836,0.0399290126950808,1.8585525114286177,0.0200301916015225,0.0055043062738876
vgg11_cifar10,ADAM_MINI,8,0.836406125797945,71.7751633986928,0.7135683820154582,0.9584278806097112,0.0680748877832394,1.9635057367058568,0.0199577305232436,0.0051776138692547
vgg11_cifar10,ADAM_MINI,9,0.7604705296192293,74.19398692810458,0.7387337768179618,0.9677805249302684,0.0686063279431189,2.2416518384155246,0.0262211227426002,0.0036682285953091
vgg11_cifar10,ADAM_MINI,10,0.6559230093675501,77.83111111111111,0.7741725977742975,0.9727195404382016,0.0239968309019443,1.0809806589060094,0.0127944152977801,0.0019550554679359
vgg11_cifar10,NOVOGRAD,1,1.4940594815559636,45.04575163398693,0.4323443004604203,0.8721099711397324,0.007336402486272,0.3667956153670848,0.0056030630126421,0.0012601689263814
vgg11_cifar10,NOVOGRAD,2,1.131989281428094,58.6792156862745,0.5790250332513415,0.9251693105019438,0.0075921616384937,0.2114617376031921,0.0028633412446715,0.0008638201462833
vgg11_cifar10,NOVOGRAD,3,0.9177404355984108,66.92235294117647,0.666538259057344,0.9501042415796024,0.0108537233612217,0.3057073405813975,0.0028066244210282,0.0008667103663874
vgg11_cifar10,NOVOGRAD,4,0.7359624709709018,73.61359477124184,0.7350663542879434,0.9674643645419196,0.0089106895768359,0.3742704410219556,0.0037248350907244,0.0004405730401719
vgg11_cifar10,NOVOGRAD,5,0.559906974832061,80.53751633986928,0.8036924473620226,0.980168320928005,0.0031396556899602,0.0597807376755702,0.0008120769449922,0.0002433829551514
vgg11_cifar10,NOVOGRAD,6,0.4413532051435482,84.55320261437909,0.8441311021226244,0.9880465516196862,0.0101813053583448,0.6077284873251056,0.0066963640556229,0.0001631509732968
vgg11_cifar10,NOVOGRAD,7,0.3103427489029816,89.5921568627451,0.8953420073935014,0.9940735290624196,0.0071249574899037,0.3654140756847371,0.0036339612330954,0.0002176186856504
vgg11_cifar10,NOVOGRAD,8,0.1897370238837074,94.22169934640525,0.9420474018060828,0.997738546305019,0.0063581988491672,0.308167987018984,0.0032781928817013,0.0001548217444586
vgg11_cifar10,NOVOGRAD,9,0.120344628213979,96.5521568627451,0.9655385102827412,0.999210044879962,0.0065975153546546,0.3151735643538002,0.003156854096387,8.04409533764291e-05
vgg11_cifar10,NOVOGRAD,10,0.0797263809872219,97.81333333333332,0.9781901957239024,0.9997277544574382,0.0057400757759855,0.2354953387954566,0.0023491392060934,4.041454562433136e-05
vgg11_cifar10,ADAGRAD,1,1.421532718124888,46.44705882352941,0.4497038896568366,0.879518202885207,0.023249478009059,0.9739991999247952,0.0112631230843804,0.0043887856460863
vgg11_cifar10,ADAGRAD,2,1.299853370468289,51.63555555555556,0.5067857529251909,0.8989877641929273,0.0215855484666451,0.8712681009429825,0.0099962206234419,0.0035597282747872
vgg11_cifar10,ADAGRAD,3,1.2535756061317094,53.63503267973856,0.528948837909738,0.90583154999035,0.0200456667743329,0.742928431636979,0.0082332443640634,0.0030733952693104
vgg11_cifar10,ADAGRAD,4,1.228265500162162,54.65098039215686,0.5396918829214932,0.9093240506825498,0.0183496777357556,0.6754535627898466,0.0073858334731226,0.0027901698397983
vgg11_cifar10,ADAGRAD,5,1.2118997257880917,55.256993464052286,0.5464299444717227,0.9116368645752424,0.0175562589401512,0.6477386802745954,0.0071569828251104,0.0026713438105223
vgg11_cifar10,ADAGRAD,6,1.2009838831988815,55.78352941176471,0.5528489588136168,0.913219745505058,0.0167869262347583,0.5937279652745977,0.0062104891339356,0.0025227686808151
vgg11_cifar10,ADAGRAD,7,1.1921780344183928,56.17150326797385,0.5569406560919075,0.9143642464980812,0.0162157260083283,0.5949539904549398,0.0063445625303809,0.0024505868759545
vgg11_cifar10,ADAGRAD,8,1.185534069936416,56.38745098039216,0.558724965734007,0.9153142950601344,0.0159819991608534,0.5923304943898587,0.0063449221040901,0.0024017870208007
vgg11_cifar10,ADAGRAD,9,1.1802669870625913,56.64261437908497,0.5620680193950266,0.9160705979013896,0.0161665792643683,0.5619001954423692,0.0057686547077686,0.0023741010285405
vgg11_cifar10,ADAGRAD,10,1.1752368016049752,56.78588235294118,0.5627259096822728,0.9166174803458152,0.0157071562744803,0.5665267182879088,0.0060155191445814,0.0023485864897967
vgg11_cifar10,ADEMAMIX,1,1.7362070705226824,29.78614379084967,0.2350736829435436,0.808857821656507,0.0572885019360387,1.7944876744982858,0.0183537064322959,0.0131283496980242
vgg11_cifar10,ADEMAMIX,2,1.4346419826195909,44.85856209150327,0.4310681576035811,0.8802453119903181,0.0363071586741408,1.962850083924628,0.0228311531509552,0.0063614918387994
vgg11_cifar10,ADEMAMIX,3,1.2717223202375023,53.62039215686275,0.5278311968955188,0.9110729304600482,0.0524076689172255,2.344235077047228,0.0303091502417097,0.006186116105561
vgg11_cifar10,ADEMAMIX,4,0.9853602553031025,65.8802614379085,0.6565574924803589,0.9437240873640992,0.0359860187987331,1.3527559849257549,0.0142383830020203,0.0037015029772487
vgg11_cifar10,ADEMAMIX,5,0.8604009026452607,71.42745098039217,0.7134611321970687,0.9575043163077545,0.0378598376007653,1.2115736183421344,0.0122206519103442,0.0036839359308154
vgg11_cifar10,ADEMAMIX,6,0.7721072115842034,74.70326797385623,0.74830710172592,0.9673119676691704,0.0325609559684666,1.320856398655961,0.0128452793475629,0.0026384160056852
vgg11_cifar10,ADEMAMIX,7,0.6302090748450336,80.08470588235295,0.7998374394617457,0.9773546102327724,0.0201901837971281,1.0660762174587124,0.0113681594774633,0.0017125969512885
vgg11_cifar10,ADEMAMIX,8,0.5941010512389389,81.08915032679738,0.8096916878082215,0.9799723606460564,0.0280587342347399,1.2148332378581996,0.0125282543705299,0.0018502459614116
vgg11_cifar10,ADEMAMIX,9,0.4767392390325957,85.81594771241829,0.8584131397697587,0.9868308238583074,0.0162686103800657,0.5038516944172228,0.0054756614361216,0.00083514521544
vgg11_cifar10,ADEMAMIX,10,0.4308399048767837,86.6959477124183,0.8658993128851952,0.9889646473856276,0.024941429766509,0.9993124724401464,0.01044955012719,0.0013311285045612
vgg11_cifar100,MILO,1,3.4861962404263567,13.713464052287582,0.0985848607890954,0.8669377241665813,0.0181129281420397,0.3273319549374009,0.0044832950751858,0.0024033161904841
vgg11_cifar100,MILO,2,2.880441713599909,25.539869281045757,0.2208272978285703,0.9215859849595652,0.0128206482262351,0.4032089659268102,0.0048365594815489,0.0010532667263584
vgg11_cifar100,MILO,3,2.388261210704629,35.58954248366014,0.3279133001992406,0.9521800864136528,0.026016863628639,0.6167557978057807,0.0050266235027695,0.0010211722117542
vgg11_cifar100,MILO,4,2.010477142403796,44.58457516339869,0.4302261008027022,0.9688947117905552,0.0272439886454575,0.6216373370131896,0.0071028590631205,0.0010478062645268
vgg11_cifar100,MILO,5,1.570658650728612,55.39032679738561,0.5421756505686688,0.9823187673265232,0.0280385536876923,0.8245439958300715,0.0086994333798758,0.0007325194607521
vgg11_cifar100,MILO,6,1.2731239882014158,62.80470588235293,0.6208240733204009,0.9895945967208538,0.0235065939103372,0.831118224757637,0.0086467708732266,0.0004207663379716
vgg11_cifar100,MILO,7,0.9219615361643774,72.45124183006537,0.7184154099215975,0.9949693912408144,0.0235373423988433,0.7167407875740432,0.0071990908840088,0.0003557845078919
vgg11_cifar100,MILO,8,0.6922931381612041,78.88418300653595,0.7858793918433369,0.9975128587811708,0.0299686588108348,1.0522713107173831,0.0102813900092888,0.000254057052331
vgg11_cifar100,MILO,9,0.4039281478090224,88.50614379084968,0.8843912894548316,0.9992006690190324,0.0137086113483353,0.4219421560465995,0.0043074857701991,5.583972785638933e-05
vgg11_cifar100,MILO,10,0.3244618576705845,90.41882352941175,0.9032369221395112,0.9995260775127566,0.0398569602669717,1.5186066896755364,0.0155505673359718,0.0001219516478256
vgg11_cifar100,MILO_LW,1,3.545203550458422,13.246535947712417,0.0952679143689918,0.8579063426937577,0.0200730346493057,0.3019595393687376,0.0035053031271059,0.0027221390527972
vgg11_cifar100,MILO_LW,2,2.9191650352552823,25.07712418300654,0.2187426731781299,0.9186107135915615,0.0242638586614519,0.4129022568851722,0.0053104784898522,0.0016615761012294
vgg11_cifar100,MILO_LW,3,2.483380186764088,33.81019607843137,0.3133897931641406,0.947452983192736,0.0342860812597348,0.663236903546524,0.0065200340445903,0.0015935677051518
vgg11_cifar100,MILO_LW,4,2.026158529609481,44.37176470588236,0.4268416975370933,0.9676050897160768,0.0410237427145557,1.0990205387731486,0.0100867230907528,0.0013180852519554
vgg11_cifar100,MILO_LW,5,1.6600596531786949,53.04104575163399,0.5192687710157404,0.9801720003556108,0.0377461411464535,1.003464084215939,0.0089213495565624,0.0009239494122751
vgg11_cifar100,MILO_LW,6,1.3158291829576678,61.88549019607844,0.61242133945472,0.9886198333336584,0.0183288846192018,0.6848792040313799,0.0077729078119357,0.0004031307426273
vgg11_cifar100,MILO_LW,7,0.9319917629690732,72.42509803921568,0.7192815603644507,0.9948227281822742,0.0327525942836574,0.9978440084573494,0.0104872619336169,0.0004289016461277
vgg11_cifar100,MILO_LW,8,0.687424762270809,79.56130718954249,0.7935959061012707,0.9973958650904058,0.0258573927213656,1.0067638821790577,0.0099858958803094,0.0001919220625885
vgg11_cifar100,MILO_LW,9,0.4523983104387919,86.880522875817,0.8676785889292831,0.9989872933878006,0.034126608347696,1.2089015536347234,0.0121525706537861,0.0001374906065512
vgg11_cifar100,MILO_LW,10,0.2809874031736959,92.41150326797386,0.9235405319718848,0.9996482876624088,0.0224388831111899,0.7978477606468051,0.0081891184648892,5.889112273873104e-05
vgg11_cifar100,SGD,1,4.210696434599434,8.08156862745098,0.0399609238435713,0.7871189531218402,0.0053191780084449,0.1188619910860634,0.0010200108011108,0.001788242357223
vgg11_cifar100,SGD,2,3.718149525972753,13.28156862745098,0.0823639074122835,0.8411627937061039,0.0066352228686129,0.2487199404610471,0.002533942095709,0.0009110660319421
vgg11_cifar100,SGD,3,3.3601346378351358,18.59346405228758,0.1439977407813414,0.8800432390409421,0.0124398662442414,0.229035126462611,0.0020492272426509,0.0018819372853793
vgg11_cifar100,SGD,4,3.0517384404849386,23.559738562091503,0.1942651516350957,0.909724115430968,0.0164893536728868,0.4093082449113208,0.0040152607492612,0.0012629900933223
vgg11_cifar100,SGD,5,2.737695236772026,29.79137254901961,0.2662006487813025,0.9338586438118684,0.0406007501139874,1.0451990043076316,0.011222147799557,0.0027032544532827
vgg11_cifar100,SGD,6,2.440326778778376,35.093333333333334,0.3173505504276106,0.9523171038414536,0.0115087572781511,0.4386717765100857,0.0039731424194836,0.0005188042748325
vgg11_cifar100,SGD,7,2.134216377138624,42.19398692810457,0.3973489961738067,0.9659447072581392,0.031266393436131,0.7881350915618188,0.008778938674575,0.0015508873184904
vgg11_cifar100,SGD,8,1.9373762570499595,46.537516339869285,0.4480943323959285,0.9750691574997804,0.0340431812635822,1.030812111124621,0.0098685308277709,0.0007581505957385
vgg11_cifar100,SGD,9,1.6422849750980053,53.16862745098039,0.5134244453444514,0.9832414155213748,0.0252961732397981,0.7457156023442508,0.0069177806680087,0.0005517627224348
vgg11_cifar100,SGD,10,1.5130819929658978,55.83633986928104,0.5467852144124465,0.9867483950577618,0.0390261417354415,1.1472527553320702,0.0122500039938454,0.0009216133112596
vgg11_cifar100,ADAMW,1,4.154918527535831,3.72967320261438,0.0089640771678884,0.7485403816046736,0.0205928837894674,0.1021068168240969,0.0008752110170913,0.0052734388009729
vgg11_cifar100,ADAMW,2,3.829587219480128,7.493856209150327,0.0389610704531421,0.8162684680058616,0.0244730344728141,0.2645470030739437,0.002338054394817,0.0028271024337692
vgg11_cifar100,ADAMW,3,3.482676155090332,12.28862745098039,0.0815749687456048,0.8652161097063003,0.028507750328763,0.5313127172096967,0.0046570480797544,0.0032397387241221
vgg11_cifar100,ADAMW,4,3.2201749104044795,16.90718954248366,0.1318283074594664,0.8945683313954002,0.0339443646475778,0.5835567028078273,0.0058798364457764,0.0029661302069103
vgg11_cifar100,ADAMW,5,2.965594250924603,21.59267973856209,0.1756944087062499,0.916322241196163,0.0381303602878143,0.5137613451872579,0.0058474591403452,0.0034417341558988
vgg11_cifar100,ADAMW,6,2.737668745559493,26.53385620915033,0.2321613414808063,0.9327657964305488,0.0413501857758501,0.7008581303253748,0.0069871393383062,0.0025444961875497
vgg11_cifar100,ADAMW,7,2.627001872983945,29.587450980392155,0.2637303897437611,0.9394300359424764,0.06890342049649,1.3183770672051274,0.012692641656083,0.0038157484778722
vgg11_cifar100,ADAMW,8,2.3490870166429505,34.62274509803922,0.321491153335692,0.9541308198328042,0.0349758533267983,0.7343931851677128,0.0073640953104958,0.0014755073209444
vgg11_cifar100,ADAMW,9,2.1257037399516383,40.01777777777778,0.3816223807952323,0.963600935974256,0.0235503027043537,0.6408687341557445,0.0078990636064443,0.0008830160409861
vgg11_cifar100,ADAMW,10,1.95452587196749,44.02666666666666,0.4262088508749379,0.9704885173357264,0.0437707192309943,1.1633159697402091,0.0124451922431781,0.0014522955569695
vgg11_cifar100,ADAM_MINI,1,4.354849838700638,2.592418300653595,0.0035220980915995,0.6899092850608398,0.0441558976472379,0.1947661533747735,0.0006087411541105,0.017368869315259
vgg11_cifar100,ADAM_MINI,2,4.246506248514014,3.263267973856209,0.0062120358990517,0.7328590177045904,0.0244446412835299,0.1564949937557552,0.0003919586665576,0.006579193141089
vgg11_cifar100,ADAM_MINI,3,4.100188144833433,4.343529411764706,0.0153422603002038,0.7707433309282959,0.0295830621193763,0.1444775048670867,0.0011857732281445,0.0063446552795572
vgg11_cifar100,ADAM_MINI,4,3.906113465814029,7.365228758169934,0.0381941067844977,0.812782558930671,0.041832331392987,0.5153294655988541,0.0037503665392168,0.0060107836191198
vgg11_cifar100,ADAM_MINI,5,3.581605198135874,11.434248366013072,0.0728044954967574,0.8551133596671349,0.0470089112002931,0.6780278120186027,0.0052056228213058,0.0070032501314959
vgg11_cifar100,ADAM_MINI,6,3.3640280253566166,14.91764705882353,0.1082422574448453,0.8808070425802382,0.047666873003478,0.9296380592841478,0.0093144890063822,0.0046818996625723
vgg11_cifar100,ADAM_MINI,7,3.143834970790888,18.707973856209147,0.1430700798565027,0.9016545998654816,0.0472621690994874,0.7775426238684043,0.0070076671754894,0.0043157054752086
vgg11_cifar100,ADAM_MINI,8,2.9667416862886715,22.469542483660128,0.1919683571752659,0.9148442626046492,0.0930018747820077,1.5499726474444795,0.0151976551839408,0.0075707970867499
vgg11_cifar100,ADAM_MINI,9,2.7466899126289714,26.74875816993464,0.2347077997777489,0.9303610063738252,0.0716831555037075,1.5289135214345708,0.0157983701525653,0.0047020269117869
vgg11_cifar100,ADAM_MINI,10,2.610840543619792,29.566535947712417,0.269727264905489,0.939430234383783,0.0832284126415093,1.691096596263493,0.0164477799496561,0.0053167704877899
vgg11_cifar100,NOVOGRAD,1,4.27445943593044,7.03843137254902,0.0337467682609875,0.7742473930795085,0.005510974489245,0.1385828076756995,0.0018692554896513,0.0015419536674877
vgg11_cifar100,NOVOGRAD,2,3.66261460191066,14.2321568627451,0.0948733172526438,0.8473190005708833,0.0045390012813765,0.1833934285717448,0.0020648445776304,0.0011927819034264
vgg11_cifar100,NOVOGRAD,3,3.2326091093749,20.870588235294115,0.1665590241296363,0.8931966971906237,0.0096910039823355,0.1983898619252203,0.0020473639447951,0.0009274202644392
vgg11_cifar100,NOVOGRAD,4,2.8839549870036003,27.137254901960784,0.2343400687764837,0.9212994940073712,0.0142312123419928,0.2005213419511681,0.001295736705304,0.0011457236164694
vgg11_cifar100,NOVOGRAD,5,2.580428435082529,32.84235294117647,0.2941558161826735,0.9419292856307596,0.0161023708781996,0.3914995798925002,0.0044354683533158,0.0008778459183199
vgg11_cifar100,NOVOGRAD,6,2.270203076952267,39.20627450980392,0.3633286484055621,0.9588406948821068,0.0140449713290976,0.3893754083079528,0.0043646803579878,0.0006490227580596
vgg11_cifar100,NOVOGRAD,7,1.951780298543444,46.68183006535948,0.4449568462094788,0.9719177915385726,0.0112811215269611,0.3922269218465211,0.0041869606040244,0.0004070345231369
vgg11_cifar100,NOVOGRAD,8,1.6861003528233447,52.90091503267975,0.5121559080895315,0.9807298593137308,0.0157027191641205,0.5605332405636192,0.006490222418603,0.0003238373165056
vgg11_cifar100,NOVOGRAD,9,1.401278246460709,60.04444444444445,0.5871796001726886,0.9877640927983375,0.0147685023293817,0.5170082544177209,0.0058737140557717,0.0002181504627086
vgg11_cifar100,NOVOGRAD,10,1.0973054916157443,68.59712418300653,0.6767546213317142,0.9932319552470906,0.0141275168209463,0.4301520464116931,0.0041543533977507,0.0002367295690173
vgg11_cifar100,ADAGRAD,1,3.5211402967290946,13.390849673202617,0.09128016212508,0.8651157583818139,0.0378139821343588,0.4882306568100988,0.0048120842016616,0.00399341015945
vgg11_cifar100,ADAGRAD,2,2.908395498924006,25.03895424836601,0.2146509977990028,0.9228239238099558,0.0101067945968707,0.1790298087852397,0.0019792413055037,0.0009058713306089
vgg11_cifar100,ADAGRAD,3,2.4270569697685493,35.684183006535946,0.3260636950609291,0.9510953290822032,0.0279935194196065,0.6848352913717701,0.0084258153579741,0.0013213655103621
vgg11_cifar100,ADAGRAD,4,2.0315882421331466,44.48,0.422067776252523,0.969765708807428,0.0172821679965754,0.3813559203548072,0.0028636320855684,0.0005625221647145
vgg11_cifar100,ADAGRAD,5,1.6870764312831406,53.19790849673203,0.511833675913055,0.9816658853819596,0.0270613273536996,1.0000737808657008,0.0110191069427284,0.0007274822529977
vgg11_cifar100,ADAGRAD,6,1.3583077413970348,62.85647058823529,0.6128058165162804,0.989570402176283,0.0178681577797622,0.6682930820799342,0.0077649815670361,0.0003287563307719
vgg11_cifar100,ADAGRAD,7,1.1123884091152862,71.10274509803921,0.7027272698036474,0.9938702615471706,0.009908434658271,0.2579762986913471,0.0025873359482063,0.0001845524383364
vgg11_cifar100,ADAGRAD,8,0.914101072383706,77.56078431372549,0.7710047634722995,0.9963707680119802,0.0066083544120905,0.2726635705419246,0.0028040266971872,8.396205915872433e-05
vgg11_cifar100,ADAGRAD,9,0.7509160598935644,83.07712418300653,0.8274800342925603,0.9978092382886732,0.0113767284101931,0.342977242492165,0.0036432212449748,8.641209932125825e-05
vgg11_cifar100,ADAGRAD,10,0.632191885422102,86.86588235294118,0.8667744247481488,0.9985991188858666,0.011909454838018,0.4028268686360083,0.0041676898874266,6.306660423460951e-05
vgg11_cifar100,ADEMAMIX,1,4.178357350472843,3.310849673202614,0.0062394497300584,0.7350633452482948,0.0094015626852524,0.0468958689145698,0.0004307959700647,0.0020675685668488
vgg11_cifar100,ADEMAMIX,2,3.994942706423492,5.025359477124183,0.0170907224732,0.7837680325376709,0.0079610205041369,0.1148941530729697,0.0013489581192822,0.0014683627390404
vgg11_cifar100,ADEMAMIX,3,3.8292700924667664,6.833464052287582,0.0307323661974619,0.8152085740973203,0.0128110975914949,0.2619646980256351,0.0021998162319233,0.0018791219341401
vgg11_cifar100,ADEMAMIX,4,3.6335296258240746,9.502222222222224,0.0550570325195044,0.8458655356592504,0.0263829426079602,0.5073496142524033,0.0039403604709086,0.00448846229481
vgg11_cifar100,ADEMAMIX,5,3.4534521748686147,12.459084967320262,0.0818304911799989,0.8694038020132748,0.042981065212575,0.6513344444972775,0.004712554594462,0.0052521885478201
vgg11_cifar100,ADEMAMIX,6,3.2540710959191417,15.375163398692813,0.1102281547682459,0.8911663619703486,0.0387711288955712,0.8207164324107201,0.0085333427819695,0.0037531049131114
vgg11_cifar100,ADEMAMIX,7,3.1154674771302666,18.139607843137256,0.1406258433980614,0.9055148770309224,0.041002059523254,0.9183166467567376,0.0102105270654957,0.0037031456682422
vgg11_cifar100,ADEMAMIX,8,2.9431489671644826,21.37830065359477,0.1724142885730074,0.9201306172440123,0.0396239362509421,1.0860513995017802,0.0110490160890149,0.0025530713403326
vgg11_cifar100,ADEMAMIX,9,2.7768857378517096,24.7037908496732,0.2080338858470946,0.9321082693165244,0.0275400260750884,0.8004144340684465,0.0075533649985737,0.0016131584576433
vgg11_cifar100,ADEMAMIX,10,2.636399885175119,27.714509803921565,0.240534553249768,0.9409369346190136,0.0350753667994065,0.7990208882997611,0.0067610769467865,0.0018045990293961
