{"val_losses": {"MILO_LW_adaptive_True": [[2.1827434302139284, 1.2834232849884033, 0.9032116585254669, 1.1513998333930968, 1.214698688468933, 0.7609143861675263, 0.612125050406456, 0.9621486130142212, 1.101374634628296, 0.5725590762901306], [1.302375249271393, 0.9096778706741333, 0.7789652285099029, 0.8335136725044251, 0.7308739023971558, 0.8531063093328476, 0.6597234115028381, 0.855559870929718, 0.5422215543007851, 0.42305397666454314]], "MILO_LW_adaptive_False": [[145.17429354980467, 77.28764061035156, 312.9245541113281, 98.52554619628906, 456.9978702539062, 122.16184885498046, 105.68514688964844, 131.30613167480467, 55.56084791015625, 313.87143533203124], [122.48959510742188, 105.41458034179688, 23.49388237487793, 86.51390086914063, 28.9963359387207, 65.0049859790039, 225.93702582519532, 54.261340705566404, 77.59325512207032, 141.10725830566406]]}, "val_accuracies": {"MILO_LW_adaptive_True": [[91.278, 93.144, 93.512, 92.972, 91.362, 93.236, 94.434, 91.806, 90.91, 94.59], [93.778, 94.304, 93.24, 93.46, 93.084, 93.688, 94.192, 92.068, 94.2, 95.114]], "MILO_LW_adaptive_False": [[66.498, 79.312, 56.312, 77.728, 45.38, 78.526, 74.746, 77.75, 85.342, 68.088], [76.35, 77.756, 90.436, 82.312, 90.192, 83.64, 66.992, 87.838, 82.934, 75.696]]}, "val_f1_scores": {"MILO_LW_adaptive_True": [[0.9124236105516438, 0.931938721546796, 0.9345460434193834, 0.9297748888269017, 0.9125384374404106, 0.9323378471351813, 0.9447977909058489, 0.917749562343445, 0.9045674241903414, 0.9458107599609855], [0.9373166225327452, 0.9424790081668327, 0.9321656874486439, 0.9353055758415374, 0.929772006073971, 0.9364560475655889, 0.9426514527577247, 0.9197758015247441, 0.9419811756755736, 0.951031907214381]], "MILO_LW_adaptive_False": [[0.6887010128264307, 0.7971165250898784, 0.578657597528663, 0.7780085178881945, 0.4436604200320044, 0.770703308496274, 0.7426972436116867, 0.763440140493447, 0.8557280740149057, 0.6811503239049311], [0.7583098457951956, 0.7759342825739445, 0.9041574587289306, 0.8284673255884236, 0.9012238352241013, 0.8461496142192793, 0.6920419441651735, 0.8776220901717068, 0.8190105380429555, 0.7649386227819251]]}, "val_aucs": {"MILO_LW_adaptive_True": [[0.9950535255555554, 0.9967745608888888, 0.9973717884444445, 0.9964887542222222, 0.9968446948888889, 0.9973082117777778, 0.9977177717777778, 0.9973066853333334, 0.9971574882222223, 0.9977441164444443], [0.9969453197777778, 0.9971529582222223, 0.9977931693333334, 0.9977478382222221, 0.9978907066666667, 0.997342952888889, 0.9979075257777777, 0.9975231402222221, 0.9981088664444444, 0.9982344846666666]], "MILO_LW_adaptive_False": [[0.8397725231111112, 0.9087098548888889, 0.7746219068888889, 0.8963862773333334, 0.7153897406666667, 0.8941349666666667, 0.8804098095555555, 0.8901319815555555, 0.9337756915555555, 0.8344436051111112], [0.883725451111111, 0.8913932364444443, 0.9612872208888887, 0.915841842888889, 0.9586885837777777, 0.9246395133333334, 0.8329716762222222, 0.9434698073333333, 0.9182568597777777, 0.87892311]]}}