{"val_losses": {"MILO_lr_0.01": [[0.09603796943028768, 0.06592097350656986, 0.05290238288889328, 0.041744353721042474, 0.037699208517869315, 0.031043059712648393, 0.030406314824024835, 0.025034122275933622, 0.022496527180075644, 0.02156834690111379], [0.030452625001966955, 0.021701080535088357, 0.01792896860903129, 0.013603286780215178, 0.012468755624412249, 0.01081393232367312, 0.009022747019057472, 0.008162648656855648, 0.007055190348889058, 0.006151726215573338]], "MILO_lr_0.1": [[0.3539684831738472, 0.16146590109923856, 0.1070230857003713, 0.06938716582946072, 0.057914121483502334, 0.03826912850988713, 0.03335115993928163, 0.026853251675922483, 0.024871654606643263, 0.015827103003343383], [0.2792857924742857, 0.1357826444780442, 0.08360392622380605, 0.05775491204535283, 0.042689077683832496, 0.02736337497183484, 0.018980239909409006, 0.01680960535053413, 0.012157489362504955, 0.007767686304243747]], "MILO_lr_0.001": [[0.005527388744492377, 0.005143106054279042, 0.004884347852687334, 0.004636229428168403, 0.004458708998289685, 0.0043055402772628005, 0.004170558519143263, 0.004042806860544994, 0.0039489625943416335, 0.003864759577606583], [0.003608894953068888, 0.003373420367330656, 0.003195284385152365, 0.0030574868992841197, 0.002964951741786887, 0.0028771515798563336, 0.0027962724841918748, 0.002729744232428443, 0.0026633298763505215, 0.002609867402199437]]}, "val_accuracies": {"MILO_lr_0.01": [[97.09333333333333, 98.05666666666667, 98.38666666666667, 98.79166666666667, 98.915, 99.16666666666667, 99.145, 99.33833333333334, 99.42333333333333, 99.42666666666666], [99.16666666666667, 99.42666666666666, 99.57166666666667, 99.7, 99.72666666666667, 99.76, 99.80333333333333, 99.83166666666666, 99.86166666666666, 99.86833333333334]], "MILO_lr_0.1": [[95.67, 97.61833333333334, 98.25166666666667, 98.82166666666667, 99.02333333333333, 99.335, 99.43333333333334, 99.535, 99.59, 99.72166666666666], [97.575, 98.455, 98.94333333333333, 99.21666666666667, 99.43166666666667, 99.55, 99.70833333333333, 99.73666666666666, 99.82166666666667, 99.87833333333333]], "MILO_lr_0.001": [[99.92166666666667, 99.92833333333333, 99.92833333333333, 99.93, 99.93, 99.93333333333334, 99.93333333333334, 99.935, 99.935, 99.93666666666667], [99.94, 99.94333333333333, 99.94666666666667, 99.95, 99.95, 99.95, 99.95, 99.95166666666667, 99.95333333333333, 99.95333333333333]]}, "val_f1_scores": {"MILO_lr_0.01": [[0.9707311213102108, 0.9804771734197315, 0.9837969901040514, 0.9878720549839505, 0.9891039638316631, 0.9916410153199011, 0.9914116510565931, 0.9933670190367861, 0.9942217336399175, 0.9942644436896098], [0.9916232603321955, 0.9942593611294808, 0.9957308321031926, 0.9970075305952044, 0.9972855973933943, 0.9976171617245712, 0.9980506252046023, 0.9983351254943263, 0.9986274236606205, 0.9986949035627368]], "MILO_lr_0.1": [[0.9563520971279142, 0.976004557476932, 0.9824102112195575, 0.9881188084818755, 0.9901663647852136, 0.9933152393436961, 0.9943000792213514, 0.9953296233400917, 0.9958805097941724, 0.9972136710741717], [0.9755638306427695, 0.9844126955715182, 0.9893406432856564, 0.9921304110544412, 0.9942805415856044, 0.9954617791834671, 0.9970640954608513, 0.997349096455553, 0.9982175251298019, 0.9987702447456861]], "MILO_lr_0.001": [[0.9992066378673948, 0.9992735384936241, 0.9992735384936241, 0.999290168065728, 0.999290168065728, 0.9993257929991174, 0.9993257929991174, 0.9993424854528683, 0.9993426081755719, 0.9993595675562512], [0.9993930944638058, 0.9994272434650174, 0.9994599003581186, 0.9994940492921677, 0.9994939231715811, 0.9994940492921677, 0.9994940492921677, 0.9995117190094621, 0.9995291050435853, 0.9995291050435853]]}, "val_aucs": {"MILO_lr_0.01": [[0.9992113943854097, 0.9996135578585612, 0.9997318478525962, 0.9998138229554394, 0.9998512747619632, 0.9998829150200628, 0.9998885650498955, 0.9999131743828267, 0.9999263138461958, 0.9999316453187799], [0.9998970896967331, 0.999944611376358, 0.9999524003401599, 0.9999710437510656, 0.9999735614446041, 0.9999791835378378, 0.999981798892654, 0.9999857735905631, 0.9999874784431648, 0.9999894058406031]], "MILO_lr_0.1": [[0.9982603772799571, 0.9993688765573825, 0.9996733010890544, 0.9998323023228085, 0.9998790014981678, 0.999934290747572, 0.9999549877139383, 0.9999647639861438, 0.9999678420866939, 0.9999831276623772], [0.9993113358186368, 0.9997268781930788, 0.9998675006866942, 0.9999310966142916, 0.9999525853559341, 0.9999729829132914, 0.9999824877342034, 0.9999869986105147, 0.9999895466525921, 0.9999952177185524]], "MILO_lr_0.001": [[0.999994349656024, 0.9999945685090339, 0.9999955401584334, 0.9999965794531496, 0.999996670980507, 0.9999967609113793, 0.999997737954503, 0.999997789635632, 0.9999978397331548, 0.9999978768838826], [0.9999980297581356, 0.9999981271727805, 0.9999982045563612, 0.9999982658670892, 0.9999983111392794, 0.9999983458127147, 0.9999983820100404, 0.9999984076999077, 0.9999984271228701, 0.999998459170629]]}}