{"val_losses": {"milo_LW_momentum_0.9": [[1.433723726081848, 1.2102363332748414, 1.0354720774650574, 0.911441854095459, 0.8760771966934204, 0.8180738217353821, 0.7628146920204163, 0.7150591911315918, 0.7102792699813842, 0.665920875453949, 0.6330211985588073, 0.6038327827453613, 0.5810718285560608, 0.5509101124763489, 0.5616441424369812], [1.4687019859313966, 1.1993426006317138, 1.0488453441619874, 0.8952857179641723, 0.8229244075775146, 0.7684712569236756, 0.7164843114852906, 0.6761596884727478, 0.6365208328247071, 0.6050035496711731, 0.5818013953208924, 0.5593101655006408, 0.5398305682182312, 0.4972966181755066, 0.4976852423667908], [1.5152941482543945, 1.2715930566787719, 1.1161213417053222, 0.9342072283744812, 0.8778642903327942, 0.7859836139678955, 0.7851137310028076, 0.7479868214607239, 0.6808416554450989, 0.6697195597648621, 0.6227246936321259, 0.5802695664405823, 0.5695886601448059, 0.5517030365943909, 0.5429911236763001]], "milo_LW_momentum_0.0": [[1.4317508939743042, 1.1709305448532104, 1.000475227355957, 0.9063383560180664, 0.8937329270362854, 0.7463043819427491, 0.7758026321411133, 0.6997677927970887, 0.6720917452812195, 0.6242068335533142, 0.6127219309806824, 0.5895448750495911, 0.5429096652507782, 0.5347231679916382, 0.5712239048004151], [1.441501739883423, 1.1293933856964111, 1.028240796852112, 0.8793663208007813, 0.8415935956954956, 0.7437545478820801, 0.7632557909965515, 0.6783166007995606, 0.6458756251335144, 0.6322940426826477, 0.5756686397552491, 0.5498193451881409, 0.5213190682411194, 0.5438824404716491, 0.519944519996643], [1.3614877359390258, 1.130421157836914, 0.9585223647117614, 0.8471740123748779, 0.8224628074645997, 0.7653940518379212, 0.7468877011299133, 0.6924571878433228, 0.6318569460868836, 0.617196403503418, 0.5947744931221008, 0.577950825881958, 0.5910091503143311, 0.547450129032135, 0.5040177871704101]], "milo_LW_momentum_0.45": [[1.3111478340148925, 1.1029944339752198, 0.9473249300003052, 0.8550051540374756, 0.7470908851623536, 0.6783481637954711, 0.6618929680824279, 0.6119266833305359, 0.5800407593727112, 0.6131842796325684, 0.5500943556785584, 0.5243490449905396, 0.5009410050392151, 0.5193526961326599, 0.49199215717315675], [1.3321943367004394, 1.108319008255005, 1.031945958137512, 0.8756428413391113, 0.829527993106842, 0.7477165349006653, 0.7112934844017029, 0.7321758327484131, 0.6675327253341675, 0.6533990140914917, 0.6154756596565246, 0.5980154132843017, 0.5814820499420166, 0.5677466822147369, 0.5537546791076661], [1.3120984731674195, 1.0773965633392335, 0.9161167428970337, 0.8470560061454773, 0.7934931805610657, 0.7902160513877868, 0.70377171459198, 0.6546749861717224, 0.6295656775474548, 0.6149776383399963, 0.5561288475036621, 0.524275323009491, 0.5107470723152161, 0.5169160277366638, 0.5050364483356475]]}, "val_accuracies": {"milo_LW_momentum_0.9": [[47.79, 56.97, 63.13, 67.16, 69.38, 70.79, 72.96, 74.57, 74.87, 77.61, 78.24, 79.6, 80.25, 81.01, 80.8], [45.08, 56.62, 62.37, 68.14, 71.17, 73.21, 74.75, 76.88, 77.86, 78.81, 79.97, 81.14, 81.42, 83.04, 83.13], [42.87, 54.04, 61.03, 66.45, 68.61, 72.4, 72.35, 74.12, 76.42, 77.03, 78.35, 79.72, 80.36, 80.83, 81.55]], "milo_LW_momentum_0.0": [[47.79, 58.16, 64.22, 67.8, 68.73, 73.18, 72.92, 75.74, 76.91, 78.51, 78.17, 79.81, 81.01, 81.32, 80.46], [47.88, 58.83, 62.97, 68.63, 70.24, 74.04, 73.35, 76.03, 77.42, 77.97, 80.03, 81.22, 81.89, 81.28, 82.1], [49.43, 59.0, 65.96, 69.66, 70.87, 73.22, 73.9, 76.29, 77.88, 78.3, 79.38, 80.17, 79.58, 81.24, 82.55]], "milo_LW_momentum_0.45": [[51.59, 60.63, 66.22, 69.54, 74.07, 75.78, 76.59, 78.5, 80.35, 78.99, 81.18, 81.77, 82.77, 82.34, 83.15], [51.19, 60.23, 63.32, 68.86, 70.83, 73.31, 75.31, 75.19, 76.59, 77.23, 78.36, 79.42, 80.0, 80.48, 81.24], [51.63, 61.15, 67.55, 70.08, 72.11, 72.24, 75.04, 76.91, 78.13, 78.79, 80.78, 81.69, 82.3, 82.23, 82.95]]}, "val_f1_scores": {"milo_LW_momentum_0.9": [[0.47556300631646203, 0.5652541725990679, 0.6239816848966248, 0.6663193390454075, 0.694363092528973, 0.7051874280026939, 0.7264540986635073, 0.7448765633885255, 0.7455182680529442, 0.7739706290227802, 0.7796486666710318, 0.7932660327289814, 0.8009175373167661, 0.8100117907771531, 0.8084854638095242], [0.44035009793126517, 0.562540909114296, 0.6170052938073984, 0.682132754294315, 0.7065627249249367, 0.7325764321792507, 0.7474656364958233, 0.7679754752466786, 0.7756448516644762, 0.7877164223402063, 0.7988827156889441, 0.8101444008453189, 0.8130588293359715, 0.8297671887688646, 0.8311819348773772], [0.4038541023586214, 0.5478451129430109, 0.5968095937793041, 0.666558806656903, 0.6829483661755348, 0.7255494508516683, 0.7197633668504856, 0.7419225935302365, 0.7654937870255821, 0.7692786901717392, 0.7792748528653917, 0.7975578601000929, 0.8035383753338827, 0.8084949969452658, 0.8139905779902262]], "milo_LW_momentum_0.0": [[0.4632691359348112, 0.5807136460147071, 0.6322818086321925, 0.6765523337997662, 0.6824896870212689, 0.732125992739331, 0.7250719773131686, 0.7578390612110073, 0.7673167434278374, 0.7859091908192699, 0.7822818410619333, 0.7955809988974398, 0.808645273266946, 0.8109138188065976, 0.8063883676045134], [0.4720042215400486, 0.5930953873792233, 0.6257887827901029, 0.6868618500892444, 0.7012705975992415, 0.7367599720047899, 0.7300179012499474, 0.7612019657568966, 0.7759956020013362, 0.7836888599897627, 0.799054446812344, 0.8119088199006986, 0.8176830981692256, 0.8108013037465248, 0.8209163881692098], [0.48969822472690294, 0.5869925155356597, 0.6540836430994199, 0.6936605452393488, 0.7065171158821377, 0.7278795569452842, 0.7353306034020065, 0.7624764428417834, 0.7776400027095749, 0.7805994409927197, 0.7929050267914242, 0.8002129165526828, 0.7942263451252691, 0.8113751853679725, 0.8260789525710652]], "milo_LW_momentum_0.45": [[0.5084471593335097, 0.5994489945928104, 0.6613716874568564, 0.6914560178736512, 0.7411657976180968, 0.7574772904869461, 0.765990739053127, 0.7816747637661987, 0.8016837065048674, 0.7882963336510344, 0.8104585403319031, 0.8166373807151702, 0.8274985900509024, 0.8237350891888534, 0.8322518164218137], [0.5046688464349087, 0.6001947937770298, 0.636622052954626, 0.6880536474851072, 0.7079701209005271, 0.7339305849105223, 0.7537992340866511, 0.7487814719586016, 0.7647760397672206, 0.7691443029518068, 0.7858362107270024, 0.7948857650562018, 0.7976612480710824, 0.8055139216560097, 0.8126630668541542], [0.5091975830050606, 0.6063010963352572, 0.6736842861103499, 0.6998450958430924, 0.7179788285203964, 0.7230624994178835, 0.7527036676001733, 0.7666584086869206, 0.7801281493544077, 0.783700192754665, 0.8067992772086834, 0.8176247934190416, 0.821451167806222, 0.8210011504068326, 0.8295185179492472]]}, "val_aucs": {"milo_LW_momentum_0.9": [[0.0, 0.0, 0.0, 0.0, 0.0, 0.0, 0.0, 0.0, 0.0, 0.0, 0.0, 0.0, 0.0, 0.0, 0.0], [0.0, 0.0, 0.0, 0.0, 0.0, 0.0, 0.0, 0.0, 0.0, 0.0, 0.0, 0.0, 0.0, 0.0, 0.0], [0.0, 0.0, 0.0, 0.0, 0.0, 0.0, 0.0, 0.0, 0.0, 0.0, 0.0, 0.0, 0.0, 0.0, 0.0]], "milo_LW_momentum_0.0": [[0.0, 0.0, 0.0, 0.0, 0.0, 0.0, 0.0, 0.0, 0.0, 0.0, 0.0, 0.0, 0.0, 0.0, 0.0], [0.0, 0.0, 0.0, 0.0, 0.0, 0.0, 0.0, 0.0, 0.0, 0.0, 0.0, 0.0, 0.0, 0.0, 0.0], [0.0, 0.0, 0.0, 0.0, 0.0, 0.0, 0.0, 0.0, 0.0, 0.0, 0.0, 0.0, 0.0, 0.0, 0.0]], "milo_LW_momentum_0.45": [[0.0, 0.0, 0.0, 0.0, 0.0, 0.0, 0.0, 0.0, 0.0, 0.0, 0.0, 0.0, 0.0, 0.0, 0.0], [0.0, 0.0, 0.0, 0.0, 0.0, 0.0, 0.0, 0.0, 0.0, 0.0, 0.0, 0.0, 0.0, 0.0, 0.0], [0.0, 0.0, 0.0, 0.0, 0.0, 0.0, 0.0, 0.0, 0.0, 0.0, 0.0, 0.0, 0.0, 0.0, 0.0]]}}