{"val_losses": {"MILO_LW_lr_0.01": [[20.676519993896484, 17.090439804840088, 14.957181888122559, 13.757289490051269, 12.423586846618653, 11.55104703643799, 10.926917016906739, 9.9555097895813, 9.42586241607666, 9.215501467285156], [8.102630571899414, 6.727506121520996, 5.803215400543213, 5.4258596855163574, 5.495802205619812, 4.5884395809936525, 4.4657484024047855, 4.298325646896362, 4.26552563293457, 3.9007692559814453]], "MILO_LW_lr_0.1": [[11.607643933105468, 12.841070029907227, 5.604144905853271, 7.559647248229981, 5.510693986053467, 3.6514491395568847, 3.5340448193359375, 4.7477746696472165, 5.3799437275695805, 3.9947029443359376], [14.252484344024658, 11.401978039245606, 6.292526496276856, 3.6441261780548095, 8.31813178024292, 3.2492981674575807, 3.9392960957336425, 4.149521454467774, 5.40827168258667, 4.279805075073242]], "MILO_LW_lr_0.001": [[1.656436581273079, 1.5991671893978119, 1.6366931695556641, 1.5904911054515838, 1.564791215801239, 1.5258644733810425, 1.5621023231124878, 1.4825436619466543, 1.526242454509735, 1.4395275287109612], [1.4365625848979502, 1.377615944582522, 1.31043053940773, 1.3607801433706284, 1.371288537874222, 1.3439350851821898, 1.302482492427826, 1.2845612530708312, 1.2749912476355396, 1.2644634576055407]]}, "val_accuracies": {"MILO_LW_lr_0.01": [[90.006, 90.406, 90.418, 90.412, 90.468, 90.568, 90.532, 90.77, 90.752, 90.472], [90.048, 90.064, 90.236, 90.288, 89.654, 90.314, 90.076, 89.716, 89.642, 89.904]], "MILO_LW_lr_0.1": [[89.326, 86.94, 91.518, 88.578, 89.718, 92.022, 91.62, 89.526, 87.23, 89.132], [86.934, 88.168, 89.816, 92.448, 88.604, 92.81, 92.146, 91.346, 89.848, 90.894]], "MILO_LW_lr_0.001": [[94.788, 94.62, 94.618, 94.72, 94.754, 94.702, 94.604, 94.712, 94.632, 94.79], [94.624, 94.698, 94.694, 94.492, 94.564, 94.62, 94.656, 94.6, 94.66, 94.78]]}, "val_f1_scores": {"MILO_LW_lr_0.01": [[0.9006066436090154, 0.9039999912096697, 0.9037608734111245, 0.9039216084516861, 0.9049814283421773, 0.9056032400880385, 0.9052416318815473, 0.9078760695899561, 0.9075652005263292, 0.9050765412608618], [0.9010795806113345, 0.9010708483659741, 0.9018173030840503, 0.9029435251555521, 0.8969758816588801, 0.9032380126595576, 0.9012991594265592, 0.8978011447239801, 0.8965951335969752, 0.8991936838233177]], "MILO_LW_lr_0.1": [[0.8957419947381655, 0.869691114925206, 0.9150698076742418, 0.8852562386307212, 0.8993644423875023, 0.9211215524540878, 0.9165544662868861, 0.8952435503269169, 0.8748732518118519, 0.8851184769283418], [0.8746485975968689, 0.8809482967506389, 0.9005177367246058, 0.9242914018719801, 0.8832168489225074, 0.9283515012157121, 0.9225053415836099, 0.9111852120134832, 0.8976311077723466, 0.9095543885390116]], "MILO_LW_lr_0.001": [[0.9478043341061626, 0.9461051110867611, 0.9463284602790907, 0.9472160406585598, 0.9476827088780755, 0.9470094410215752, 0.9459600163333086, 0.9469481989841997, 0.9463960569469979, 0.9479703452720372], [0.946179560680909, 0.947059008623784, 0.9469585666923368, 0.944947584770731, 0.9456462861270747, 0.9460584081853336, 0.9466434627293129, 0.9460576831146457, 0.9466275198183484, 0.947891106111603]]}, "val_aucs": {"MILO_LW_lr_0.01": [[0.9625126044444444, 0.9668492153333332, 0.969560968, 0.9713480751111112, 0.9731276993333333, 0.9744552526666667, 0.9755917842222223, 0.9772880066666666, 0.9781457464444445, 0.9781007475555556], [0.9799125324444444, 0.9827889746666667, 0.9846709762222222, 0.9854746773333334, 0.9856244775555556, 0.987348500888889, 0.9876404893333334, 0.9877810351111111, 0.9876682206666667, 0.9884920937777778]], "MILO_LW_lr_0.1": [[0.9724249044444445, 0.9679276513333332, 0.9856103328888889, 0.9820032028888889, 0.9864819737777777, 0.9911456962222222, 0.9915548395555556, 0.988546636888889, 0.9881990822222223, 0.9920563162222222], [0.9660523057777779, 0.970233295111111, 0.9849560851111111, 0.9917698835555555, 0.9790357517777778, 0.9923991597777777, 0.9906162384444446, 0.9901474008888889, 0.9867899142222223, 0.9901179017777778]], "MILO_LW_lr_0.001": [[0.9960887786666668, 0.9961343819999999, 0.9960013982222223, 0.996196452888889, 0.9961996653333334, 0.9963068680000001, 0.9961990122222222, 0.9964536608888889, 0.9962607926666667, 0.9963703237777777], [0.9964694364444444, 0.9964257002222222, 0.9967328504444446, 0.9965551055555556, 0.9964624082222222, 0.9964828582222223, 0.9966306515555555, 0.9966024937777778, 0.9966513237777779, 0.9966594555555556]]}}