{"val_losses": {"MILO_lr_0.01": [[1.2903836471557617, 1.0115118128967284, 0.8210958673477173, 0.6823109409332275, 0.6106407217788696, 0.5492520193386078, 0.4963840499305725, 0.4462831227207184, 0.44748498636245726, 0.38819075432777406], [0.5250213840866089, 0.420192826461792, 0.35944974789619444, 0.32548539481163025, 0.30670941519737244, 0.2775864027404785, 0.2618381076335907, 0.24248059039115905, 0.22094780824661256, 0.21697869117736818]], "MILO_lr_0.1": [[1.7941670332717896, 1.4962819602584838, 1.1385235898208619, 1.0168200351333618, 1.0250916540908814, 0.902139020614624, 0.6964302130317688, 0.688131532497406, 0.5692233944320678, 0.4996516593170166], [0.9419336281967163, 0.7223901442527771, 0.5678396984481812, 0.5729839162540435, 0.43849432039260866, 0.4134006936264038, 0.6658353396224975, 0.3609469643688202, 0.3807918442964554, 0.37005061030387876]], "MILO_lr_0.001": [[0.24908860562324525, 0.24513613134384155, 0.24397756160736084, 0.24103531955718993, 0.2399911671924591, 0.23943710701465606, 0.237878439078331, 0.23486405398368834, 0.2333310432434082, 0.233346207780838], [0.23382731760025025, 0.23184069595336915, 0.23084138317108155, 0.23033596055030822, 0.22625581018924712, 0.22675372515439987, 0.2281960899877548, 0.2271275057029724, 0.22408456696510315, 0.22769807052612304]]}, "val_accuracies": {"MILO_lr_0.01": [[53.144, 64.22, 70.794, 76.162, 78.524, 80.734, 82.556, 84.596, 84.408, 86.402], [81.806, 85.448, 87.54, 88.848, 89.378, 90.524, 90.882, 91.508, 92.442, 92.532]], "MILO_lr_0.1": [[39.05, 48.75, 59.928, 64.626, 66.214, 69.106, 75.816, 76.418, 80.36, 82.576], [71.234, 76.584, 81.308, 81.752, 85.22, 85.998, 79.072, 87.654, 86.63, 87.208]], "MILO_lr_0.001": [[91.452, 91.586, 91.654, 91.644, 91.728, 91.694, 91.758, 91.848, 91.968, 91.906], [91.89, 91.938, 92.04, 91.964, 92.202, 92.164, 92.114, 92.08, 92.264, 92.086]]}, "val_f1_scores": {"MILO_lr_0.01": [[0.5271086612233404, 0.641573215697797, 0.7092303422748909, 0.763578402252749, 0.7847847739168898, 0.8069095024695541, 0.8246472701655477, 0.8463276061491289, 0.8427548852436303, 0.8637717418032269], [0.8207858913637699, 0.8537427926906194, 0.8751055316938103, 0.8881042819275008, 0.8934403676226909, 0.9046529726946986, 0.9087956718063118, 0.9146935477781201, 0.9244478075711651, 0.9252925478271458]], "MILO_lr_0.1": [[0.35247416273045534, 0.44647228354275337, 0.5776272425651401, 0.6516352813934001, 0.6421767832334255, 0.6899006704005535, 0.7604394310839109, 0.7651432664674335, 0.802397376344374, 0.8257090339279147], [0.6912222174736009, 0.7675491807566697, 0.8136257483379359, 0.8100105815762276, 0.8528603675231305, 0.8600514834754671, 0.8040837000076724, 0.8778263366611906, 0.8634135930913629, 0.8726957545502593]], "MILO_lr_0.001": [[0.9143154970315506, 0.915601158900536, 0.9166887181069289, 0.91645550104614, 0.9171608359805985, 0.9169346503011783, 0.9176450923017203, 0.9184199409434977, 0.9196717202823061, 0.9189263772188399], [0.9189167210393532, 0.9190906096493532, 0.920232554519826, 0.9196223606970906, 0.9219749096802428, 0.921530543520276, 0.9210304824599469, 0.920584483073538, 0.9225570715002644, 0.9207069798536954]]}, "val_aucs": {"MILO_lr_0.01": [[0.9019378928888887, 0.939676564888889, 0.959114112, 0.9705636777777779, 0.9762014424444445, 0.9806148535555556, 0.9837414475555557, 0.9865379884444444, 0.9870815402222222, 0.9897155757777778], [0.9824968820000001, 0.9882989066666668, 0.991083484888889, 0.9927765831111109, 0.993498784222222, 0.9945234495555557, 0.9951150124444444, 0.9957177131111111, 0.9963204093333333, 0.9966316513333332]], "MILO_lr_0.1": [[0.8597672426666666, 0.8992709517777777, 0.9312650115555556, 0.9482001235555557, 0.9597494408888888, 0.9633333893333333, 0.9757263522222221, 0.9778507817777777, 0.9817343884444444, 0.9846065602222221], [0.9684483537777776, 0.9782370951111112, 0.9843375417777779, 0.9856470197777778, 0.988469676, 0.9901055662222223, 0.984105442888889, 0.9924548537777778, 0.9931081764444443, 0.9930325791111111]], "MILO_lr_0.001": [[0.99535291, 0.9954741962222222, 0.9955153124444445, 0.9956152164444443, 0.9956429484444443, 0.9956022564444446, 0.9957350033333332, 0.9957962671111111, 0.9958405128888888, 0.9958474200000001], [0.995881870888889, 0.9959031608888889, 0.9959214840000001, 0.9959480564444444, 0.996070634, 0.9960565526666665, 0.9959845404444444, 0.9960453000000001, 0.9961288942222222, 0.9960042213333333]]}}