{"val_losses": {"AdamW": [[0.7677803759126888, 0.7523994442456675, 0.7501355319574047, 0.7452780051115203, 0.7461369552431723]]}, "val_accuracies": {"AdamW": [[0.25404083119850274, 0.26854130920336566, 0.27111122302644214, 0.2760283851873067, 0.27528860268000044]]}, "val_f1_scores": {"AdamW": [[0.29798882428794427, 0.32556613804492907, 0.32692351197882497, 0.3323530077144085, 0.3316516978485623]]}, "val_aucs": {"AdamW": [[0.0, 0.0, 0.0, 0.0, 0.0]]}}