{"val_losses": {"MILO_LW_scale_aware_True": [[11.27056231048584, 8.969677345435619, 8.33050056409358, 7.528471247291565, 7.022190989727967, 6.312217336196899, 5.778926262492836, 5.894033732833862, 5.317058834410608, 4.989360629501343], [4.219705007629394, 3.746141075215936, 3.6535011773776858, 3.058468084645271, 2.9266373981678484, 2.808397382096888, 2.6367742615127563, 2.457611923696995, 2.535833857610217, 2.352868748379598]], "MILO_LW_scale_aware_False": [[2.2122006574440003, 2.0114797303621472, 1.9586997280406953, 1.7636992549381347, 1.6567673549128366, 1.5652300290410663, 1.549943796749115, 1.7202250947093964, 1.4291236668413878, 1.396824283582028], [1.5050412228313144, 1.3549828603076934, 1.3220344736491476, 1.3923829032027721, 1.0533739620133862, 0.9959913905104995, 1.016558485402465, 1.0388679483164474, 0.9004226629972458, 0.8820996079653501]]}, "val_accuracies": {"MILO_LW_scale_aware_True": [[94.79, 95.17, 95.29, 95.426, 95.368, 95.632, 95.62, 95.546, 95.646, 95.664], [95.384, 95.742, 95.576, 95.738, 95.522, 95.88, 95.854, 95.826, 95.56, 95.738]], "MILO_LW_scale_aware_False": [[95.802, 95.832, 95.812, 96.014, 95.96, 95.982, 95.864, 94.986, 95.63, 95.98], [95.878, 95.68, 95.958, 94.97, 96.336, 96.216, 95.75, 96.038, 96.186, 96.206]]}, "val_f1_scores": {"MILO_LW_scale_aware_True": [[0.9479973877998082, 0.9517057682231396, 0.9530339684112139, 0.9541967384618868, 0.9535505146213377, 0.9562490616414795, 0.9562296057858969, 0.9554626250947036, 0.9565065198823206, 0.956718153863642], [0.9536174940723698, 0.9574682820713724, 0.9557831479503905, 0.9573786485165192, 0.955245915398122, 0.9589431420904365, 0.9585902387561752, 0.9582682902301254, 0.9555236929401657, 0.9573486045443275]], "MILO_LW_scale_aware_False": [[0.9579833061297134, 0.9582424506656686, 0.9581264470236445, 0.9603144638599481, 0.9593987934880067, 0.959970598900534, 0.9588422006465678, 0.9500089837131466, 0.9563824149408641, 0.9598017069920408], [0.9587557954041236, 0.956963252013057, 0.9594164746016366, 0.9498198120737331, 0.963163587668314, 0.9621844020681642, 0.9575499539516157, 0.9604492119945809, 0.9618841040320405, 0.962071666712823]]}, "val_aucs": {"MILO_LW_scale_aware_True": [[0.9801218373333332, 0.9829287048888888, 0.983678189111111, 0.9846516242222222, 0.9854341835555556, 0.9868744642222221, 0.9876222875555556, 0.9874511346666667, 0.9883918091111111, 0.9892174768888887], [0.9902128035555556, 0.9913566657777778, 0.9917090273333333, 0.9930438428888889, 0.9932580346666666, 0.9934492306666666, 0.9940126273333334, 0.9942652435555555, 0.9943455326666666, 0.9944309264444444]], "MILO_LW_scale_aware_False": [[0.9949100657777776, 0.9955401802222223, 0.9955814553333333, 0.9959136611111111, 0.9961417833333334, 0.9962904606666667, 0.9963948095555555, 0.996256636, 0.9968028617777778, 0.9968708495555555], [0.9967828655555555, 0.9970956277777778, 0.9968930033333333, 0.9970125797777779, 0.9976231780000001, 0.9977469908888889, 0.9977740613333335, 0.9977039462222222, 0.9979632986666667, 0.9979211746666665]]}}